CASE0001,FT01763,2025-09-12,OFFO01,Yes,Yes,Yes,Warning,Closed
CASE0002,FT04063,2025-05-10,OFFO02,Yes,No,No,Investigation,Open
CASE0003,FT05737,2025-05-03,OFFO03,Yes,No,Yes,Investigation,Open
CASE0004,FT17275,2025-05-11,OFFO04,No,Yes,No,Warning,Closed
CASE0005,FT06574,2026-07-12,OFFO05,Yes,Yes,Yes,Investigation,Open
CASE0006,FT12316,2026-04-30,OFFO06,Yes,No,No,Warning,Closed
CASE0007,FT07835,2026-06-25,OFFO07,Yes,Yes,No,Warning,Closed
CASE0008,FT06129,2026-04-03,OFFO08,Yes,No,Yes,Investigation,Open
CASE0009,FT10039,2026-03-11,OFFO09,No,No,Yes,Investigation,Open
CASE0010,FT00109,2025-07-29,OFFO10,Yes,Yes,Yes,Investigation,Open
CASE0011,FT11991,2026-02-04,OFFO01,No,No,No,Investigation,Open
CASE0012,FT12660,2026-02-18,OFFO02,Yes,Yes,Yes,Investigation,Open
CASE0013,FT08924,2025-05-30,OFFO03,Yes,Yes,No,Warning,Closed
CASE0014,FT13278,2026-02-26,OFFO04,Yes,No,Yes,Investigation,Open
CASE0015,FT11748,2026-04-30,OFFO05,Yes,Yes,Yes,Fined,Closed
CASE0016,FT14887,2026-02-14,OFFO06,Yes,Yes,No,Investigation,Open
CASE0017,FT03019,2025-07-15,OFFO07,No,Yes,Yes,Fined,Closed
CASE0018,FT01346,2025-07-13,OFFO08,No,Yes,No,Fined,Closed
CASE0019,FT17039,2026-01-19,OFFO09,No,No,No,Investigation,Open
CASE0020,FT03113,2026-06-13,OFFO10,No,Yes,No,Fined,Closed
CASE0021,FT03188,2025-10-24,OFFO01,No,No,Yes,Investigation,Open
CASE0022,FT00338,2026-03-15,OFFO02,No,No,No,Investigation,Open
CASE0023,FT05984,2025-09-18,OFFO03,No,No,Yes,Warning,Closed
CASE0024,FT16623,2026-01-16,OFFO04,No,Yes,Yes,Fined,Closed
CASE0025,FT02703,2025-07-21,OFFO05,Yes,No,No,Investigation,Open
CASE0026,FT18632,2025-09-16,OFFO06,Yes,No,No,Fined,Closed
CASE0027,FT03245,2026-04-25,OFFO07,Yes,No,No,Warning,Closed
CASE0028,FT11389,2025-10-02,OFFO08,No,No,Yes,Investigation,Open
CASE0029,FT17783,2026-07-18,OFFO09,Yes,Yes,Yes,Fined,Closed
CASE0030,FT16897,2025-10-19,OFFO10,No,No,No,Warning,Closed
CASE0031,FT13555,2026-03-22,OFFO01,Yes,No,Yes,Warning,Closed
CASE0032,FT06277,2026-07-21,OFFO02,Yes,Yes,Yes,Fined,Closed
CASE0033,FT07978,2025-10-19,OFFO03,Yes,No,No,Fined,Closed
CASE0034,FT04199,2025-06-03,OFFO04,No,No,No,Warning,Closed
CASE0035,FT19015,2026-07-03,OFFO05,No,No,Yes,Investigation,Open
CASE0036,FT16545,2025-09-27,OFFO06,No,No,Yes,Warning,Closed
CASE0037,FT03801,2025-09-08,OFFO07,Yes,Yes,No,Warning,Closed
CASE0038,FT02556,2025-07-01,OFFO08,Yes,No,No,Fined,Closed
CASE0039,FT03123,2026-06-17,OFFO09,Yes,Yes,No,Warning,Closed
CASE0040,FT03034,2026-01-09,OFFO10,Yes,No,Yes,Fined,Closed
CASE0041,FT13857,2025-12-16,OFFO01,Yes,Yes,No,Investigation,Open
CASE0042,FT09605,2025-06-14,OFFO02,No,Yes,Yes,Investigation,Open
CASE0043,FT06570,2025-11-16,OFFO03,Yes,No,Yes,Warning,Closed
CASE0044,FT13442,2026-04-30,OFFO04,Yes,Yes,Yes,Warning,Closed
CASE0045,FT19032,2026-02-19,OFFO05,Yes,No,No,Investigation,Open
CASE0046,FT04081,2025-08-12,OFFO06,No,Yes,Yes,Warning,Closed
CASE0047,FT06701,2026-02-27,OFFO07,No,No,Yes,Fined,Closed
CASE0048,FT02683,2025-09-16,OFFO08,No,Yes,Yes,Investigation,Open
CASE0049,FT06476,2026-07-11,OFFO09,No,Yes,No,Investigation,Open
CASE0050,FT05978,2026-02-09,OFFO10,No,Yes,Yes,Fined,Closed
CASE0051,FT16309,2025-08-28,OFFO01,Yes,No,Yes,Fined,Closed
CASE0052,FT05954,2025-12-09,OFFO02,No,Yes,No,Investigation,Open
CASE0053,FT05875,2026-06-29,OFFO03,No,No,Yes,Fined,Closed
CASE0054,FT08813,2025-05-08,OFFO04,No,Yes,No,Investigation,Open
CASE0055,FT15027,2025-09-28,OFFO05,Yes,No,No,Warning,Closed
CASE0056,FT11283,2025-07-20,OFFO06,Yes,No,No,Investigation,Open
CASE0057,FT02999,2026-01-23,OFFO07,No,Yes,Yes,Warning,Closed
CASE0058,FT08149,2025-08-02,OFFO08,Yes,Yes,No,Warning,Closed
CASE0059,FT00936,2025-05-25,OFFO09,Yes,Yes,Yes,Fined,Closed
CASE0060,FT19394,2025-06-29,OFFO10,No,Yes,Yes,Fined,Closed
CASE0061,FT01983,2025-07-02,OFFO01,No,No,Yes,Investigation,Open
CASE0062,FT03859,2026-02-20,OFFO02,Yes,No,No,Investigation,Open
CASE0063,FT13702,2026-07-22,OFFO03,Yes,No,Yes,Warning,Closed
CASE0064,FT12577,2026-07-18,OFFO04,No,Yes,Yes,Investigation,Open
CASE0065,FT17633,2025-11-12,OFFO05,Yes,Yes,Yes,Investigation,Open
CASE0066,FT07545,2025-10-16,OFFO06,No,No,Yes,Warning,Closed
CASE0067,FT15894,2025-09-23,OFFO07,No,Yes,No,Warning,Closed
CASE0068,FT11148,2026-05-01,OFFO08,No,Yes,Yes,Fined,Closed
CASE0069,FT04272,2025-06-13,OFFO09,Yes,No,No,Investigation,Open
CASE0070,FT12990,2025-09-22,OFFO10,Yes,Yes,No,Investigation,Open
CASE0071,FT03529,2025-07-22,OFFO01,Yes,No,Yes,Warning,Closed
CASE0072,FT05410,2025-07-11,OFFO02,Yes,Yes,No,Investigation,Open
CASE0073,FT06738,2025-12-25,OFFO03,No,No,Yes,Investigation,Open
CASE0074,FT15100,2026-06-29,OFFO04,No,Yes,Yes,Investigation,Open
CASE0075,FT12051,2025-09-26,OFFO05,Yes,No,Yes,Investigation,Open
CASE0076,FT02899,2025-06-05,OFFO06,No,No,Yes,Warning,Closed
CASE0077,FT18835,2026-04-15,OFFO07,No,Yes,Yes,Investigation,Open
CASE0078,FT00102,2025-07-22,OFFO08,Yes,No,Yes,Fined,Closed
CASE0079,FT04135,2026-03-04,OFFO09,Yes,Yes,Yes,Warning,Closed
CASE0080,FT08297,2025-10-29,OFFO10,Yes,No,No,Fined,Closed
CASE0081,FT02633,2025-11-15,OFFO01,No,Yes,Yes,Fined,Closed
CASE0082,FT15106,2025-07-22,OFFO02,No,No,Yes,Fined,Closed
CASE0083,FT01038,2025-10-28,OFFO03,No,No,No,Investigation,Open
CASE0084,FT10332,2026-01-22,OFFO04,Yes,No,No,Warning,Closed
CASE0085,FT00663,2026-03-06,OFFO05,No,No,Yes,Fined,Closed
CASE0086,FT10205,2026-03-26,OFFO06,Yes,Yes,No,Fined,Closed
CASE0087,FT04988,2025-07-08,OFFO07,Yes,Yes,Yes,Investigation,Open
CASE0088,FT06182,2025-06-17,OFFO08,No,Yes,No,Investigation,Open
CASE0089,FT10656,2025-07-31,OFFO09,No,No,No,Fined,Closed
CASE0090,FT09642,2026-04-11,OFFO10,No,Yes,No,Fined,Closed
CASE0091,FT13202,2026-05-16,OFFO01,Yes,Yes,Yes,Fined,Closed
CASE0092,FT03678,2026-02-11,OFFO02,Yes,No,No,Warning,Closed
CASE0093,FT07495,2025-08-21,OFFO03,Yes,Yes,Yes,Investigation,Open
CASE0094,FT04652,2026-03-27,OFFO04,No,Yes,Yes,Warning,Closed
CASE0095,FT04230,2026-03-04,OFFO05,No,No,Yes,Warning,Closed
CASE0096,FT15839,2025-09-14,OFFO06,Yes,No,Yes,Investigation,Open
CASE0097,FT04742,2026-03-05,OFFO07,Yes,No,Yes,Fined,Closed
CASE0098,FT07395,2025-08-21,OFFO08,No,No,Yes,Fined,Closed
CASE0099,FT04083,2025-11-11,OFFO09,Yes,Yes,Yes,Fined,Closed
CASE0100,FT06080,2026-06-15,OFFO10,No,Yes,No,Warning,Closed
CASE0101,FT12488,2025-07-10,OFFO01,No,No,Yes,Warning,Closed
CASE0102,FT03080,2025-06-02,OFFO02,No,Yes,No,Investigation,Open
CASE0103,FT19926,2025-06-30,OFFO03,No,No,Yes,Warning,Closed
CASE0104,FT12017,2026-01-01,OFFO04,No,Yes,Yes,Warning,Closed
CASE0105,FT10194,2026-01-17,OFFO05,No,No,Yes,Warning,Closed
CASE0106,FT05675,2025-12-26,OFFO06,No,No,No,Warning,Closed
CASE0107,FT02751,2025-09-13,OFFO07,No,No,Yes,Fined,Closed
CASE0108,FT08906,2025-12-23,OFFO08,Yes,No,Yes,Investigation,Open
CASE0109,FT00579,2025-04-28,OFFO09,Yes,Yes,No,Warning,Closed
CASE0110,FT06978,2025-06-07,OFFO10,No,No,Yes,Investigation,Open
CASE0111,FT15396,2026-05-19,OFFO01,Yes,Yes,Yes,Fined,Closed
CASE0112,FT03989,2026-05-14,OFFO02,Yes,No,Yes,Fined,Closed
CASE0113,FT12943,2025-04-24,OFFO03,No,No,Yes,Fined,Closed
CASE0114,FT12806,2025-09-28,OFFO04,No,No,No,Warning,Closed
CASE0115,FT10811,2025-12-24,OFFO05,Yes,Yes,No,Warning,Closed
CASE0116,FT01385,2025-11-15,OFFO06,Yes,No,Yes,Investigation,Open
CASE0117,FT11020,2025-06-16,OFFO07,Yes,Yes,No,Investigation,Open
CASE0118,FT03215,2026-01-21,OFFO08,No,No,Yes,Warning,Closed
CASE0119,FT06669,2026-05-07,OFFO09,No,No,No,Investigation,Open
CASE0120,FT01325,2026-02-27,OFFO10,No,No,No,Fined,Closed
CASE0121,FT15907,2025-10-31,OFFO01,Yes,Yes,Yes,Warning,Closed
CASE0122,FT10475,2025-09-16,OFFO02,Yes,No,Yes,Fined,Closed
CASE0123,FT05039,2025-12-02,OFFO03,Yes,No,No,Fined,Closed
CASE0124,FT00125,2025-08-14,OFFO04,Yes,Yes,No,Warning,Closed
CASE0125,FT05952,2026-03-28,OFFO05,Yes,No,No,Fined,Closed
CASE0126,FT09133,2025-10-06,OFFO06,Yes,No,Yes,Fined,Closed
CASE0127,FT05584,2025-10-01,OFFO07,No,Yes,Yes,Investigation,Open
CASE0128,FT15776,2025-12-06,OFFO08,Yes,Yes,Yes,Fined,Closed
CASE0129,FT00940,2025-05-05,OFFO09,No,No,No,Investigation,Open
CASE0130,FT03611,2025-10-28,OFFO10,Yes,No,No,Investigation,Open
CASE0131,FT01888,2026-05-19,OFFO01,No,No,No,Investigation,Open
CASE0132,FT18014,2026-02-01,OFFO02,No,Yes,No,Fined,Closed
CASE0133,FT18492,2025-12-16,OFFO03,Yes,Yes,No,Fined,Closed
CASE0134,FT06078,2026-06-01,OFFO04,No,No,Yes,Investigation,Open
CASE0135,FT19476,2025-08-22,OFFO05,Yes,No,No,Fined,Closed
CASE0136,FT14494,2025-10-21,OFFO06,No,No,No,Fined,Closed
CASE0137,FT16682,2025-09-19,OFFO07,Yes,No,Yes,Fined,Closed
CASE0138,FT05319,2025-07-14,OFFO08,No,Yes,No,Investigation,Open
CASE0139,FT04375,2025-11-05,OFFO09,No,No,No,Investigation,Open
CASE0140,FT07453,2025-09-05,OFFO10,No,No,Yes,Warning,Closed
CASE0141,FT09660,2026-04-17,OFFO01,No,Yes,Yes,Fined,Closed
CASE0142,FT10566,2026-03-02,OFFO02,No,No,No,Warning,Closed
CASE0143,FT19194,2026-07-03,OFFO03,No,No,No,Fined,Closed
CASE0144,FT06257,2025-07-15,OFFO04,Yes,No,No,Investigation,Open
CASE0145,FT01511,2025-12-11,OFFO05,Yes,No,Yes,Fined,Closed
CASE0146,FT06805,2026-05-27,OFFO06,No,Yes,Yes,Fined,Closed
CASE0147,FT10729,2025-11-11,OFFO07,No,Yes,Yes,Fined,Closed
CASE0148,FT14966,2025-07-15,OFFO08,Yes,Yes,No,Warning,Closed
CASE0149,FT16343,2026-06-22,OFFO09,No,No,No,Fined,Closed
CASE0150,FT06142,2026-05-13,OFFO10,Yes,Yes,No,Fined,Closed
CASE0151,FT14966,2025-09-14,OFFO01,Yes,No,Yes,Warning,Closed
CASE0152,FT01740,2025-10-21,OFFO02,Yes,Yes,No,Investigation,Open
CASE0153,FT15268,2025-11-03,OFFO03,Yes,No,No,Investigation,Open
CASE0154,FT05996,2026-02-14,OFFO04,Yes,No,Yes,Fined,Closed
CASE0155,FT12102,2025-05-10,OFFO05,Yes,No,No,Warning,Closed
CASE0156,FT04255,2025-08-30,OFFO06,Yes,Yes,Yes,Fined,Closed
CASE0157,FT03802,2026-06-17,OFFO07,No,Yes,No,Fined,Closed
CASE0158,FT10918,2026-03-24,OFFO08,No,No,No,Fined,Closed
CASE0159,FT13160,2026-01-07,OFFO09,Yes,Yes,Yes,Fined,Closed
CASE0160,FT05365,2025-12-23,OFFO10,Yes,No,Yes,Investigation,Open
CASE0161,FT19641,2026-04-15,OFFO01,No,No,Yes,Investigation,Open
CASE0162,FT18125,2025-05-18,OFFO02,No,Yes,Yes,Warning,Closed
CASE0163,FT10363,2026-06-15,OFFO03,Yes,No,Yes,Investigation,Open
CASE0164,FT08820,2026-06-22,OFFO04,Yes,No,No,Fined,Closed
CASE0165,FT14789,2025-08-18,OFFO05,Yes,No,No,Fined,Closed
CASE0166,FT14242,2025-06-15,OFFO06,No,No,Yes,Investigation,Open
CASE0167,FT10150,2025-12-03,OFFO07,No,No,No,Fined,Closed
CASE0168,FT15476,2025-07-25,OFFO08,No,No,Yes,Investigation,Open
CASE0169,FT07615,2026-05-27,OFFO09,Yes,Yes,No,Fined,Closed
CASE0170,FT10065,2025-09-22,OFFO10,No,Yes,No,Investigation,Open
CASE0171,FT17330,2025-10-31,OFFO01,No,No,No,Investigation,Open
CASE0172,FT00729,2026-02-23,OFFO02,No,Yes,Yes,Fined,Closed
CASE0173,FT14173,2025-08-09,OFFO03,Yes,No,No,Warning,Closed
CASE0174,FT01040,2026-05-17,OFFO04,No,No,Yes,Investigation,Open
CASE0175,FT02648,2026-02-16,OFFO05,No,No,Yes,Warning,Closed
CASE0176,FT09148,2026-05-22,OFFO06,Yes,Yes,Yes,Investigation,Open
CASE0177,FT19351,2026-03-01,OFFO07,No,Yes,Yes,Investigation,Open
CASE0178,FT11853,2026-03-30,OFFO08,No,No,No,Warning,Closed
CASE0179,FT19559,2025-07-23,OFFO09,Yes,Yes,No,Fined,Closed
CASE0180,FT13190,2025-06-18,OFFO10,Yes,No,No,Investigation,Open
CASE0181,FT09152,2025-07-29,OFFO01,No,Yes,No,Investigation,Open
CASE0182,FT03722,2025-09-10,OFFO02,Yes,Yes,Yes,Warning,Closed
CASE0183,FT11409,2026-01-12,OFFO03,No,Yes,No,Fined,Closed
CASE0184,FT14447,2025-07-23,OFFO04,No,No,No,Investigation,Open
CASE0185,FT16790,2026-01-28,OFFO05,No,No,Yes,Fined,Closed
CASE0186,FT11594,2025-05-25,OFFO06,Yes,Yes,Yes,Investigation,Open
CASE0187,FT03774,2025-08-02,OFFO07,Yes,Yes,Yes,Investigation,Open
CASE0188,FT04561,2026-07-06,OFFO08,No,Yes,No,Warning,Closed
CASE0189,FT04665,2026-05-01,OFFO09,No,Yes,No,Fined,Closed
CASE0190,FT13885,2026-06-09,OFFO10,No,No,Yes,Warning,Closed
CASE0191,FT12784,2025-05-07,OFFO01,Yes,Yes,Yes,Warning,Closed
CASE0192,FT10253,2026-01-13,OFFO02,No,No,No,Investigation,Open
CASE0193,FT10697,2026-07-27,OFFO03,No,Yes,Yes,Warning,Closed
CASE0194,FT07949,2025-06-18,OFFO04,No,No,No,Warning,Closed
CASE0195,FT17665,2025-09-29,OFFO05,Yes,Yes,Yes,Investigation,Open
CASE0196,FT00631,2026-05-12,OFFO06,No,No,Yes,Investigation,Open
CASE0197,FT13784,2025-05-14,OFFO07,No,Yes,No,Investigation,Open
CASE0198,FT14692,2025-08-27,OFFO08,Yes,Yes,No,Investigation,Open
CASE0199,FT16295,2026-05-26,OFFO09,Yes,Yes,Yes,Investigation,Open
CASE0200,FT11140,2025-11-21,OFFO10,Yes,No,Yes,Fined,Closed
CASE0201,FT04268,2025-12-03,OFFO01,Yes,No,No,Warning,Closed
CASE0202,FT05636,2026-03-15,OFFO02,Yes,Yes,No,Warning,Closed
CASE0203,FT16706,2025-05-13,OFFO03,No,Yes,No,Investigation,Open
CASE0204,FT00569,2025-07-07,OFFO04,No,Yes,No,Warning,Closed
CASE0205,FT07410,2026-02-10,OFFO05,No,Yes,No,Fined,Closed
CASE0206,FT01669,2025-09-15,OFFO06,Yes,Yes,No,Fined,Closed
CASE0207,FT16411,2026-05-19,OFFO07,No,Yes,No,Investigation,Open
CASE0208,FT17173,2025-05-30,OFFO08,Yes,Yes,Yes,Warning,Closed
CASE0209,FT12488,2025-05-15,OFFO09,Yes,No,No,Fined,Closed
CASE0210,FT01025,2025-10-27,OFFO10,Yes,Yes,No,Fined,Closed
CASE0211,FT01659,2025-08-23,OFFO01,No,No,No,Fined,Closed
CASE0212,FT13328,2025-05-17,OFFO02,No,Yes,No,Warning,Closed
CASE0213,FT02243,2026-05-29,OFFO03,No,Yes,No,Warning,Closed
CASE0214,FT07539,2026-01-15,OFFO04,No,No,No,Warning,Closed
CASE0215,FT14080,2025-10-21,OFFO05,Yes,Yes,No,Investigation,Open
CASE0216,FT01857,2026-03-22,OFFO06,No,Yes,Yes,Investigation,Open
CASE0217,FT06051,2026-01-29,OFFO07,No,No,Yes,Investigation,Open
CASE0218,FT18326,2026-05-10,OFFO08,Yes,Yes,Yes,Investigation,Open
CASE0219,FT02443,2025-06-09,OFFO09,Yes,Yes,No,Fined,Closed
CASE0220,FT09003,2025-04-26,OFFO10,No,Yes,Yes,Warning,Closed
CASE0221,FT18221,2026-03-19,OFFO01,No,No,Yes,Fined,Closed
CASE0222,FT17014,2025-11-28,OFFO02,No,No,No,Warning,Closed
CASE0223,FT02956,2025-06-01,OFFO03,No,Yes,No,Fined,Closed
CASE0224,FT00080,2025-06-30,OFFO04,Yes,No,Yes,Fined,Closed
CASE0225,FT03038,2025-12-05,OFFO05,Yes,Yes,No,Fined,Closed
CASE0226,FT16312,2025-11-06,OFFO06,No,Yes,No,Investigation,Open
CASE0227,FT04237,2026-01-24,OFFO07,No,No,No,Fined,Closed
CASE0228,FT15479,2025-06-28,OFFO08,No,No,No,Investigation,Open
CASE0229,FT05622,2025-09-30,OFFO09,No,Yes,Yes,Fined,Closed
CASE0230,FT00801,2026-06-29,OFFO10,Yes,Yes,No,Investigation,Open
CASE0231,FT16445,2026-02-08,OFFO01,Yes,No,Yes,Fined,Closed
CASE0232,FT04550,2026-07-02,OFFO02,No,No,No,Fined,Closed
CASE0233,FT06719,2026-04-10,OFFO03,Yes,No,No,Warning,Closed
CASE0234,FT09093,2026-07-24,OFFO04,Yes,No,No,Warning,Closed
CASE0235,FT04143,2025-10-25,OFFO05,Yes,No,Yes,Investigation,Open
CASE0236,FT15217,2025-07-07,OFFO06,Yes,Yes,Yes,Fined,Closed
CASE0237,FT14845,2026-05-30,OFFO07,Yes,No,No,Fined,Closed
CASE0238,FT01280,2025-08-17,OFFO08,No,No,Yes,Investigation,Open
CASE0239,FT09841,2025-08-01,OFFO09,No,Yes,No,Fined,Closed
CASE0240,FT15930,2026-01-22,OFFO10,Yes,No,Yes,Warning,Closed
CASE0241,FT07389,2025-09-05,OFFO01,No,No,No,Warning,Closed
CASE0242,FT17968,2025-05-18,OFFO02,No,Yes,Yes,Investigation,Open
CASE0243,FT08546,2026-06-05,OFFO03,No,No,No,Warning,Closed
CASE0244,FT05394,2025-10-09,OFFO04,No,No,Yes,Fined,Closed
CASE0245,FT11938,2026-07-30,OFFO05,No,No,Yes,Investigation,Open
CASE0246,FT09663,2025-06-02,OFFO06,Yes,Yes,Yes,Warning,Closed
CASE0247,FT09730,2025-08-06,OFFO07,No,No,No,Fined,Closed
CASE0248,FT18182,2026-04-13,OFFO08,No,Yes,Yes,Fined,Closed
CASE0249,FT13010,2025-06-02,OFFO09,No,No,Yes,Investigation,Open
CASE0250,FT15276,2025-11-10,OFFO10,No,Yes,Yes,Warning,Closed
CASE0251,FT18774,2026-03-05,OFFO01,No,Yes,Yes,Fined,Closed
CASE0252,FT11632,2025-11-01,OFFO02,No,No,Yes,Fined,Closed
CASE0253,FT01816,2026-07-07,OFFO03,No,Yes,No,Investigation,Open
CASE0254,FT14763,2026-03-07,OFFO04,Yes,Yes,Yes,Warning,Closed
CASE0255,FT05140,2025-09-27,OFFO05,No,Yes,No,Investigation,Open
CASE0256,FT13768,2026-02-01,OFFO06,No,Yes,Yes,Warning,Closed
CASE0257,FT05725,2025-10-12,OFFO07,No,Yes,No,Fined,Closed
CASE0258,FT02306,2026-07-18,OFFO08,Yes,Yes,No,Warning,Closed
CASE0259,FT01743,2025-11-18,OFFO09,Yes,No,No,Investigation,Open
CASE0260,FT09420,2025-05-06,OFFO10,No,No,No,Investigation,Open
CASE0261,FT13208,2026-06-07,OFFO01,No,No,Yes,Investigation,Open
CASE0262,FT05548,2026-06-13,OFFO02,Yes,No,Yes,Warning,Closed
CASE0263,FT02209,2025-05-23,OFFO03,Yes,No,No,Investigation,Open
CASE0264,FT03249,2025-10-19,OFFO04,No,Yes,No,Fined,Closed
CASE0265,FT07504,2025-05-08,OFFO05,Yes,Yes,No,Fined,Closed
CASE0266,FT06827,2026-06-05,OFFO06,No,Yes,No,Investigation,Open
CASE0267,FT14939,2025-08-12,OFFO07,No,No,Yes,Fined,Closed
CASE0268,FT10938,2026-03-14,OFFO08,Yes,Yes,Yes,Investigation,Open
CASE0269,FT02262,2026-02-27,OFFO09,No,No,Yes,Fined,Closed
CASE0270,FT07079,2025-07-12,OFFO10,Yes,Yes,Yes,Warning,Closed
CASE0271,FT01733,2025-05-07,OFFO01,Yes,No,Yes,Warning,Closed
CASE0272,FT17961,2026-02-24,OFFO02,No,No,Yes,Investigation,Open
CASE0273,FT15102,2026-03-24,OFFO03,No,Yes,No,Fined,Closed
CASE0274,FT00012,2025-04-23,OFFO04,Yes,No,Yes,Investigation,Open
CASE0275,FT11557,2025-09-23,OFFO05,No,No,Yes,Investigation,Open
CASE0276,FT07352,2025-06-19,OFFO06,No,No,Yes,Warning,Closed
CASE0277,FT05013,2026-02-05,OFFO07,Yes,Yes,No,Warning,Closed
CASE0278,FT05757,2025-10-27,OFFO08,No,Yes,No,Investigation,Open
CASE0279,FT10247,2026-05-30,OFFO09,Yes,No,No,Warning,Closed
CASE0280,FT12263,2026-06-25,OFFO10,Yes,Yes,Yes,Investigation,Open
CASE0281,FT08224,2025-12-29,OFFO01,Yes,No,Yes,Warning,Closed
CASE0282,FT10166,2025-07-10,OFFO02,Yes,Yes,No,Investigation,Open
CASE0283,FT17930,2025-12-28,OFFO03,Yes,Yes,No,Fined,Closed
CASE0284,FT10989,2026-01-06,OFFO04,No,No,Yes,Fined,Closed
CASE0285,FT06846,2025-11-29,OFFO05,No,No,No,Fined,Closed
CASE0286,FT16711,2026-05-17,OFFO06,No,Yes,Yes,Fined,Closed
CASE0287,FT03323,2025-05-06,OFFO07,Yes,No,No,Warning,Closed
CASE0288,FT06221,2026-04-12,OFFO08,No,Yes,Yes,Warning,Closed
CASE0289,FT11346,2026-01-20,OFFO09,Yes,No,Yes,Investigation,Open
CASE0290,FT06223,2025-12-19,OFFO10,No,No,No,Investigation,Open
CASE0291,FT14762,2025-05-20,OFFO01,No,No,Yes,Warning,Closed
CASE0292,FT14951,2025-11-05,OFFO02,Yes,Yes,Yes,Investigation,Open
CASE0293,FT08632,2026-06-29,OFFO03,No,No,Yes,Fined,Closed
CASE0294,FT17439,2026-02-18,OFFO04,Yes,Yes,No,Fined,Closed
CASE0295,FT16411,2025-09-01,OFFO05,No,No,Yes,Investigation,Open
CASE0296,FT07568,2025-08-03,OFFO06,No,No,Yes,Warning,Closed
CASE0297,FT12060,2026-05-29,OFFO07,Yes,No,Yes,Investigation,Open
CASE0298,FT06182,2025-10-27,OFFO08,Yes,Yes,No,Warning,Closed
CASE0299,FT13338,2025-04-26,OFFO09,Yes,Yes,No,Warning,Closed
CASE0300,FT00824,2026-06-19,OFFO10,Yes,No,Yes,Warning,Closed
CASE0301,FT05657,2025-11-18,OFFO01,No,Yes,Yes,Warning,Closed
CASE0302,FT02373,2026-03-30,OFFO02,No,No,No,Investigation,Open
CASE0303,FT03148,2026-03-26,OFFO03,Yes,Yes,Yes,Warning,Closed
CASE0304,FT06869,2025-12-04,OFFO04,No,No,Yes,Investigation,Open
CASE0305,FT09102,2026-05-08,OFFO05,No,No,Yes,Fined,Closed
CASE0306,FT12370,2025-08-10,OFFO06,No,No,Yes,Fined,Closed
CASE0307,FT07204,2025-04-24,OFFO07,Yes,No,Yes,Fined,Closed
CASE0308,FT00536,2026-03-25,OFFO08,No,No,Yes,Fined,Closed
CASE0309,FT09855,2026-03-08,OFFO09,No,Yes,No,Warning,Closed
CASE0310,FT15597,2025-05-30,OFFO10,Yes,Yes,No,Warning,Closed
CASE0311,FT11719,2025-09-29,OFFO01,No,No,Yes,Fined,Closed
CASE0312,FT02282,2026-06-03,OFFO02,No,No,Yes,Warning,Closed
CASE0313,FT17793,2025-12-29,OFFO03,No,Yes,No,Warning,Closed
CASE0314,FT13313,2025-06-25,OFFO04,No,No,Yes,Fined,Closed
CASE0315,FT03195,2026-07-30,OFFO05,No,Yes,Yes,Fined,Closed
CASE0316,FT14196,2025-07-30,OFFO06,No,No,Yes,Investigation,Open
CASE0317,FT13514,2025-08-14,OFFO07,No,No,Yes,Warning,Closed
CASE0318,FT18926,2025-12-03,OFFO08,Yes,No,No,Investigation,Open
CASE0319,FT07844,2026-01-15,OFFO09,No,No,Yes,Fined,Closed
CASE0320,FT06125,2026-06-27,OFFO10,No,No,Yes,Warning,Closed
CASE0321,FT16771,2026-04-30,OFFO01,Yes,No,No,Warning,Closed
CASE0322,FT05606,2025-06-12,OFFO02,Yes,Yes,Yes,Fined,Closed
CASE0323,FT17958,2026-07-09,OFFO03,Yes,Yes,Yes,Warning,Closed
CASE0324,FT12110,2025-06-12,OFFO04,No,Yes,No,Warning,Closed
CASE0325,FT17759,2025-09-15,OFFO05,Yes,No,Yes,Investigation,Open
CASE0326,FT05202,2026-02-07,OFFO06,No,Yes,No,Investigation,Open
CASE0327,FT13678,2025-04-22,OFFO07,Yes,Yes,No,Investigation,Open
CASE0328,FT03139,2025-04-20,OFFO08,Yes,Yes,Yes,Warning,Closed
CASE0329,FT17308,2026-04-15,OFFO09,No,Yes,Yes,Fined,Closed
CASE0330,FT01440,2025-07-06,OFFO10,Yes,Yes,No,Fined,Closed
CASE0331,FT15603,2026-01-01,OFFO01,Yes,Yes,No,Warning,Closed
CASE0332,FT17729,2026-01-20,OFFO02,Yes,No,No,Investigation,Open
CASE0333,FT19438,2026-04-11,OFFO03,No,No,Yes,Investigation,Open
CASE0334,FT07344,2026-04-21,OFFO04,Yes,Yes,Yes,Fined,Closed
CASE0335,FT07433,2025-07-06,OFFO05,No,Yes,No,Fined,Closed
CASE0336,FT14049,2026-01-06,OFFO06,No,No,Yes,Fined,Closed
CASE0337,FT09144,2025-05-04,OFFO07,Yes,Yes,Yes,Fined,Closed
CASE0338,FT00812,2025-07-29,OFFO08,No,No,Yes,Fined,Closed
CASE0339,FT01288,2026-01-03,OFFO09,No,Yes,No,Investigation,Open
CASE0340,FT02397,2026-07-16,OFFO10,Yes,No,Yes,Fined,Closed
CASE0341,FT02923,2026-01-26,OFFO01,No,Yes,No,Investigation,Open
CASE0342,FT10683,2025-10-20,OFFO02,Yes,No,No,Fined,Closed
CASE0343,FT07214,2026-04-13,OFFO03,No,No,Yes,Warning,Closed
CASE0344,FT10738,2025-05-16,OFFO04,Yes,Yes,No,Investigation,Open
CASE0345,FT04201,2025-04-24,OFFO05,No,No,Yes,Investigation,Open
CASE0346,FT02674,2026-04-04,OFFO06,No,Yes,Yes,Warning,Closed
CASE0347,FT13932,2025-05-22,OFFO07,Yes,No,No,Fined,Closed
CASE0348,FT03298,2026-03-08,OFFO08,No,Yes,Yes,Fined,Closed
CASE0349,FT01748,2026-01-23,OFFO09,No,Yes,Yes,Investigation,Open
CASE0350,FT13476,2026-04-23,OFFO10,Yes,Yes,Yes,Warning,Closed
CASE0351,FT14816,2026-02-26,OFFO01,No,No,No,Warning,Closed
CASE0352,FT05167,2025-12-01,OFFO02,No,No,Yes,Fined,Closed
CASE0353,FT17224,2026-07-16,OFFO03,Yes,Yes,No,Investigation,Open
CASE0354,FT16594,2025-06-20,OFFO04,No,No,Yes,Fined,Closed
CASE0355,FT07063,2025-12-05,OFFO05,Yes,Yes,Yes,Investigation,Open
CASE0356,FT19291,2026-06-27,OFFO06,No,Yes,Yes,Fined,Closed
CASE0357,FT16571,2026-02-19,OFFO07,Yes,No,No,Fined,Closed
CASE0358,FT05097,2026-04-07,OFFO08,Yes,No,No,Fined,Closed
CASE0359,FT01055,2026-04-20,OFFO09,Yes,No,Yes,Fined,Closed
CASE0360,FT19418,2026-07-24,OFFO10,No,No,No,Investigation,Open
CASE0361,FT15369,2026-05-08,OFFO01,No,Yes,Yes,Investigation,Open
CASE0362,FT01997,2026-07-04,OFFO02,No,Yes,No,Warning,Closed
CASE0363,FT06927,2025-06-14,OFFO03,Yes,No,No,Investigation,Open
CASE0364,FT11939,2025-08-30,OFFO04,No,Yes,No,Fined,Closed
CASE0365,FT17729,2025-04-23,OFFO05,No,No,No,Investigation,Open
CASE0366,FT11780,2025-10-01,OFFO06,No,No,No,Warning,Closed
CASE0367,FT03136,2025-05-01,OFFO07,Yes,Yes,Yes,Investigation,Open
CASE0368,FT05604,2026-04-18,OFFO08,Yes,No,No,Fined,Closed
CASE0369,FT15619,2026-07-11,OFFO09,Yes,No,Yes,Warning,Closed
CASE0370,FT18051,2025-11-02,OFFO10,No,No,No,Warning,Closed
CASE0371,FT17844,2026-01-25,OFFO01,No,Yes,No,Investigation,Open
CASE0372,FT10695,2025-05-27,OFFO02,Yes,No,No,Investigation,Open
CASE0373,FT04642,2025-07-15,OFFO03,Yes,Yes,No,Investigation,Open
CASE0374,FT00716,2025-11-16,OFFO04,No,Yes,Yes,Warning,Closed
CASE0375,FT11410,2026-03-07,OFFO05,No,No,No,Investigation,Open
CASE0376,FT15360,2026-03-18,OFFO06,No,No,Yes,Investigation,Open
CASE0377,FT00234,2025-12-01,OFFO07,No,No,No,Fined,Closed
CASE0378,FT14768,2026-01-13,OFFO08,Yes,Yes,Yes,Investigation,Open
CASE0379,FT12922,2026-05-31,OFFO09,Yes,No,No,Warning,Closed
CASE0380,FT05748,2026-05-25,OFFO10,No,Yes,No,Investigation,Open
CASE0381,FT12900,2025-10-01,OFFO01,Yes,No,No,Warning,Closed
CASE0382,FT19367,2026-03-16,OFFO02,Yes,Yes,No,Warning,Closed
CASE0383,FT01650,2026-07-22,OFFO03,Yes,No,Yes,Fined,Closed
CASE0384,FT03153,2025-09-29,OFFO04,No,No,No,Investigation,Open
CASE0385,FT11421,2025-09-17,OFFO05,No,No,Yes,Fined,Closed
CASE0386,FT01805,2025-08-06,OFFO06,Yes,No,No,Fined,Closed
CASE0387,FT04890,2025-12-22,OFFO07,Yes,Yes,No,Warning,Closed
CASE0388,FT00694,2026-07-30,OFFO08,Yes,No,Yes,Investigation,Open
CASE0389,FT12580,2025-06-13,OFFO09,No,Yes,No,Warning,Closed
CASE0390,FT15232,2026-04-08,OFFO10,Yes,Yes,Yes,Investigation,Open
CASE0391,FT01606,2025-04-25,OFFO01,No,Yes,Yes,Investigation,Open
CASE0392,FT01846,2026-05-05,OFFO02,No,No,No,Fined,Closed
CASE0393,FT06151,2025-10-31,OFFO03,Yes,No,No,Warning,Closed
CASE0394,FT11078,2026-02-01,OFFO04,No,No,Yes,Investigation,Open
CASE0395,FT01390,2025-05-19,OFFO05,No,No,Yes,Warning,Closed
CASE0396,FT06992,2025-07-28,OFFO06,No,Yes,Yes,Warning,Closed
CASE0397,FT02067,2026-06-17,OFFO07,No,Yes,No,Investigation,Open
CASE0398,FT17856,2025-05-07,OFFO08,Yes,Yes,Yes,Fined,Closed
CASE0399,FT13186,2026-03-23,OFFO09,No,Yes,No,Investigation,Open
CASE0400,FT14697,2025-10-02,OFFO10,Yes,Yes,Yes,Fined,Closed
CASE0401,FT11543,2025-08-27,OFFO01,Yes,Yes,No,Warning,Closed
CASE0402,FT13066,2025-08-15,OFFO02,No,No,Yes,Investigation,Open
CASE0403,FT18324,2025-11-15,OFFO03,No,No,Yes,Fined,Closed
CASE0404,FT00812,2026-04-11,OFFO04,Yes,No,No,Fined,Closed
CASE0405,FT06248,2025-08-30,OFFO05,Yes,No,Yes,Warning,Closed
CASE0406,FT06863,2025-05-07,OFFO06,No,No,No,Investigation,Open
CASE0407,FT19514,2025-04-23,OFFO07,Yes,No,No,Warning,Closed
CASE0408,FT12105,2026-01-09,OFFO08,No,No,No,Fined,Closed
CASE0409,FT13627,2026-06-28,OFFO09,No,Yes,No,Fined,Closed
CASE0410,FT01559,2026-01-12,OFFO10,Yes,Yes,No,Investigation,Open
CASE0411,FT12985,2026-01-02,OFFO01,Yes,No,No,Warning,Closed
CASE0412,FT17749,2025-08-28,OFFO02,Yes,No,Yes,Warning,Closed
CASE0413,FT11409,2025-06-14,OFFO03,Yes,Yes,No,Warning,Closed
CASE0414,FT11742,2026-03-20,OFFO04,Yes,No,Yes,Fined,Closed
CASE0415,FT11711,2026-04-04,OFFO05,Yes,No,No,Investigation,Open
CASE0416,FT05626,2025-04-20,OFFO06,No,Yes,Yes,Fined,Closed
CASE0417,FT00789,2025-11-03,OFFO07,Yes,Yes,Yes,Fined,Closed
CASE0418,FT00175,2025-10-03,OFFO08,No,No,Yes,Warning,Closed
CASE0419,FT07348,2026-02-03,OFFO09,No,No,Yes,Warning,Closed
CASE0420,FT07390,2026-01-16,OFFO10,No,Yes,No,Warning,Closed
CASE0421,FT13976,2025-07-26,OFFO01,No,No,No,Warning,Closed
CASE0422,FT03479,2026-01-05,OFFO02,No,Yes,No,Fined,Closed
CASE0423,FT12111,2026-05-23,OFFO03,No,No,Yes,Investigation,Open
CASE0424,FT03598,2026-03-08,OFFO04,No,No,No,Fined,Closed
CASE0425,FT12138,2025-09-15,OFFO05,No,Yes,No,Fined,Closed
CASE0426,FT09843,2025-11-16,OFFO06,No,No,No,Fined,Closed
CASE0427,FT14455,2026-07-20,OFFO07,No,Yes,Yes,Fined,Closed
CASE0428,FT11816,2026-01-06,OFFO08,Yes,Yes,Yes,Warning,Closed
CASE0429,FT13857,2026-07-15,OFFO09,Yes,No,Yes,Investigation,Open
CASE0430,FT09313,2026-04-02,OFFO10,Yes,Yes,No,Fined,Closed
CASE0431,FT10939,2026-01-18,OFFO01,Yes,No,Yes,Warning,Closed
CASE0432,FT11644,2026-04-13,OFFO02,Yes,No,Yes,Warning,Closed
CASE0433,FT19888,2026-01-09,OFFO03,Yes,Yes,No,Investigation,Open
CASE0434,FT15061,2026-07-28,OFFO04,Yes,Yes,Yes,Warning,Closed
CASE0435,FT13113,2026-01-15,OFFO05,Yes,Yes,No,Investigation,Open
CASE0436,FT17884,2026-01-30,OFFO06,No,Yes,No,Fined,Closed
CASE0437,FT12295,2025-05-23,OFFO07,No,Yes,No,Fined,Closed
CASE0438,FT06221,2025-08-24,OFFO08,Yes,No,No,Investigation,Open
CASE0439,FT09234,2026-01-03,OFFO09,Yes,No,No,Investigation,Open
CASE0440,FT01167,2026-05-27,OFFO10,Yes,No,Yes,Fined,Closed
CASE0441,FT18988,2026-05-15,OFFO01,No,Yes,Yes,Investigation,Open
CASE0442,FT07987,2025-08-07,OFFO02,No,No,No,Warning,Closed
CASE0443,FT06602,2026-01-27,OFFO03,No,No,No,Warning,Closed
CASE0444,FT04394,2025-08-10,OFFO04,No,No,Yes,Investigation,Open
CASE0445,FT02137,2025-08-14,OFFO05,Yes,No,No,Investigation,Open
CASE0446,FT00825,2026-04-23,OFFO06,Yes,Yes,No,Fined,Closed
CASE0447,FT15993,2025-05-02,OFFO07,Yes,No,No,Fined,Closed
CASE0448,FT14376,2025-08-27,OFFO08,Yes,No,Yes,Investigation,Open
CASE0449,FT02743,2025-12-30,OFFO09,Yes,No,Yes,Investigation,Open
CASE0450,FT06814,2026-03-22,OFFO10,No,Yes,No,Warning,Closed
CASE0451,FT18310,2026-01-26,OFFO01,Yes,No,No,Fined,Closed
CASE0452,FT06007,2025-05-23,OFFO02,No,Yes,No,Warning,Closed
CASE0453,FT13514,2026-06-06,OFFO03,Yes,No,No,Investigation,Open
CASE0454,FT09538,2026-06-02,OFFO04,Yes,No,Yes,Fined,Closed
CASE0455,FT08667,2025-07-16,OFFO05,No,No,Yes,Investigation,Open
CASE0456,FT05907,2025-05-03,OFFO06,Yes,No,Yes,Fined,Closed
CASE0457,FT04393,2025-06-12,OFFO07,Yes,No,Yes,Investigation,Open
CASE0458,FT18283,2026-04-05,OFFO08,No,Yes,No,Investigation,Open
CASE0459,FT12811,2026-07-09,OFFO09,Yes,No,No,Warning,Closed
CASE0460,FT16131,2026-01-27,OFFO10,No,No,Yes,Investigation,Open
CASE0461,FT01190,2026-02-24,OFFO01,Yes,Yes,No,Fined,Closed
CASE0462,FT19052,2025-06-23,OFFO02,Yes,No,No,Warning,Closed
CASE0463,FT08612,2026-05-09,OFFO03,No,Yes,Yes,Warning,Closed
CASE0464,FT10773,2025-06-23,OFFO04,No,No,No,Fined,Closed
CASE0465,FT18247,2025-09-10,OFFO05,Yes,No,No,Warning,Closed
CASE0466,FT04021,2026-07-22,OFFO06,No,No,No,Warning,Closed
CASE0467,FT13472,2026-01-16,OFFO07,No,Yes,No,Fined,Closed
CASE0468,FT11498,2025-05-18,OFFO08,Yes,No,Yes,Investigation,Open
CASE0469,FT17741,2025-08-15,OFFO09,No,No,No,Investigation,Open
CASE0470,FT16509,2026-06-10,OFFO10,Yes,No,No,Fined,Closed
CASE0471,FT05582,2025-12-23,OFFO01,No,No,No,Investigation,Open
CASE0472,FT03762,2025-05-26,OFFO02,Yes,Yes,No,Warning,Closed
CASE0473,FT16052,2025-12-12,OFFO03,No,No,No,Warning,Closed
CASE0474,FT03312,2026-01-08,OFFO04,Yes,No,Yes,Fined,Closed
CASE0475,FT13519,2026-04-07,OFFO05,No,No,Yes,Fined,Closed
CASE0476,FT19717,2026-03-08,OFFO06,Yes,Yes,No,Fined,Closed
CASE0477,FT17328,2025-12-20,OFFO07,No,No,Yes,Fined,Closed
CASE0478,FT01869,2025-07-28,OFFO08,No,No,No,Fined,Closed
CASE0479,FT00596,2026-01-25,OFFO09,Yes,No,Yes,Warning,Closed
CASE0480,FT10538,2025-07-01,OFFO10,Yes,No,Yes,Investigation,Open
CASE0481,FT00820,2026-01-29,OFFO01,No,Yes,No,Investigation,Open
CASE0482,FT10548,2026-01-20,OFFO02,Yes,No,Yes,Fined,Closed
CASE0483,FT00551,2026-04-11,OFFO03,No,No,Yes,Investigation,Open
CASE0484,FT03555,2025-06-12,OFFO04,Yes,Yes,No,Investigation,Open
CASE0485,FT11034,2025-08-20,OFFO05,No,Yes,Yes,Fined,Closed
CASE0486,FT13182,2025-10-04,OFFO06,Yes,No,No,Investigation,Open
CASE0487,FT08589,2025-06-20,OFFO07,Yes,No,No,Warning,Closed
CASE0488,FT06974,2025-07-04,OFFO08,Yes,No,No,Fined,Closed
CASE0489,FT09993,2025-11-14,OFFO09,No,No,No,Fined,Closed
CASE0490,FT16845,2025-06-30,OFFO10,No,No,No,Warning,Closed
CASE0491,FT10469,2026-06-22,OFFO01,Yes,Yes,No,Investigation,Open
CASE0492,FT17699,2025-10-23,OFFO02,No,No,Yes,Warning,Closed
CASE0493,FT18102,2026-01-05,OFFO03,Yes,No,Yes,Investigation,Open
CASE0494,FT18057,2025-07-23,OFFO04,Yes,No,Yes,Investigation,Open
CASE0495,FT05573,2026-06-23,OFFO05,Yes,No,No,Fined,Closed
CASE0496,FT19753,2025-09-06,OFFO06,No,Yes,Yes,Fined,Closed
CASE0497,FT15872,2025-08-03,OFFO07,No,No,Yes,Warning,Closed
CASE0498,FT02676,2025-08-23,OFFO08,Yes,No,Yes,Investigation,Open
CASE0499,FT01625,2026-05-10,OFFO09,No,No,Yes,Warning,Closed
CASE0500,FT16381,2026-01-09,OFFO10,No,No,Yes,Fined,Closed
CASE0501,FT14472,2026-05-18,OFFO01,No,Yes,No,Fined,Closed
CASE0502,FT15586,2026-05-09,OFFO02,Yes,Yes,No,Fined,Closed
CASE0503,FT19745,2025-08-23,OFFO03,No,No,Yes,Fined,Closed
CASE0504,FT06794,2025-05-07,OFFO04,No,Yes,Yes,Investigation,Open
CASE0505,FT07004,2026-01-03,OFFO05,Yes,No,Yes,Warning,Closed
CASE0506,FT01907,2026-04-12,OFFO06,No,No,Yes,Investigation,Open
CASE0507,FT00451,2026-07-06,OFFO07,Yes,No,Yes,Warning,Closed
CASE0508,FT09371,2025-10-27,OFFO08,Yes,No,No,Investigation,Open
CASE0509,FT15295,2025-06-15,OFFO09,No,No,No,Warning,Closed
CASE0510,FT04508,2026-02-26,OFFO10,No,Yes,Yes,Fined,Closed
CASE0511,FT03600,2025-07-19,OFFO01,Yes,Yes,No,Warning,Closed
CASE0512,FT06139,2026-07-16,OFFO02,Yes,No,No,Warning,Closed
CASE0513,FT14331,2026-02-22,OFFO03,No,No,No,Warning,Closed
CASE0514,FT12376,2026-03-30,OFFO04,Yes,No,Yes,Investigation,Open
CASE0515,FT19931,2025-10-01,OFFO05,Yes,No,No,Fined,Closed
CASE0516,FT15549,2026-04-24,OFFO06,Yes,No,Yes,Fined,Closed
CASE0517,FT03446,2026-03-19,OFFO07,No,No,No,Fined,Closed
CASE0518,FT00077,2025-06-27,OFFO08,Yes,Yes,Yes,Investigation,Open
CASE0519,FT19976,2026-06-05,OFFO09,No,No,Yes,Warning,Closed
CASE0520,FT12315,2025-05-28,OFFO10,Yes,No,No,Warning,Closed
CASE0521,FT15864,2026-07-07,OFFO01,Yes,No,Yes,Fined,Closed
CASE0522,FT15170,2025-09-16,OFFO02,No,Yes,No,Warning,Closed
CASE0523,FT14879,2026-05-20,OFFO03,No,No,Yes,Warning,Closed
CASE0524,FT13961,2026-07-18,OFFO04,Yes,No,Yes,Warning,Closed
CASE0525,FT04241,2025-06-03,OFFO05,Yes,Yes,No,Warning,Closed
CASE0526,FT03981,2026-04-29,OFFO06,Yes,Yes,No,Warning,Closed
CASE0527,FT19751,2026-02-16,OFFO07,Yes,Yes,No,Investigation,Open
CASE0528,FT12736,2025-12-06,OFFO08,Yes,Yes,Yes,Warning,Closed
CASE0529,FT03639,2025-08-10,OFFO09,No,Yes,Yes,Warning,Closed
CASE0530,FT08900,2026-04-19,OFFO10,No,No,No,Investigation,Open
CASE0531,FT17441,2026-04-04,OFFO01,No,Yes,Yes,Fined,Closed
CASE0532,FT13144,2025-06-17,OFFO02,Yes,No,No,Warning,Closed
CASE0533,FT16722,2025-07-12,OFFO03,Yes,No,Yes,Fined,Closed
CASE0534,FT17364,2025-11-29,OFFO04,Yes,Yes,Yes,Warning,Closed
CASE0535,FT08608,2025-04-21,OFFO05,Yes,No,Yes,Fined,Closed
CASE0536,FT05158,2025-07-04,OFFO06,No,No,No,Investigation,Open
CASE0537,FT15698,2025-07-27,OFFO07,Yes,No,Yes,Investigation,Open
CASE0538,FT07755,2025-06-17,OFFO08,Yes,Yes,No,Investigation,Open
CASE0539,FT01034,2025-05-08,OFFO09,No,No,No,Fined,Closed
CASE0540,FT17479,2026-07-06,OFFO10,Yes,No,Yes,Investigation,Open
CASE0541,FT07870,2026-06-14,OFFO01,No,Yes,Yes,Warning,Closed
CASE0542,FT11756,2025-09-16,OFFO02,Yes,No,Yes,Fined,Closed
CASE0543,FT07622,2025-05-18,OFFO03,No,Yes,No,Fined,Closed
CASE0544,FT02380,2025-11-05,OFFO04,Yes,No,No,Warning,Closed
CASE0545,FT19669,2025-12-22,OFFO05,No,Yes,Yes,Warning,Closed
CASE0546,FT13601,2026-02-24,OFFO06,No,Yes,Yes,Warning,Closed
CASE0547,FT17185,2026-01-07,OFFO07,No,Yes,Yes,Fined,Closed
CASE0548,FT09061,2025-08-06,OFFO08,No,No,Yes,Investigation,Open
CASE0549,FT11400,2025-07-24,OFFO09,Yes,Yes,Yes,Warning,Closed
CASE0550,FT02542,2025-11-09,OFFO10,Yes,No,Yes,Warning,Closed
CASE0551,FT10178,2025-10-16,OFFO01,Yes,Yes,No,Fined,Closed
CASE0552,FT17867,2025-08-09,OFFO02,No,Yes,Yes,Warning,Closed
CASE0553,FT18057,2026-03-29,OFFO03,No,Yes,No,Investigation,Open
CASE0554,FT15773,2026-01-20,OFFO04,Yes,Yes,Yes,Investigation,Open
CASE0555,FT10915,2026-02-01,OFFO05,Yes,Yes,No,Investigation,Open
CASE0556,FT12524,2025-09-01,OFFO06,No,Yes,No,Investigation,Open
CASE0557,FT12793,2025-06-25,OFFO07,No,No,No,Investigation,Open
CASE0558,FT18441,2025-06-14,OFFO08,No,No,No,Investigation,Open
CASE0559,FT11760,2026-01-30,OFFO09,No,No,Yes,Fined,Closed
CASE0560,FT01157,2026-05-12,OFFO10,Yes,No,No,Fined,Closed
CASE0561,FT14120,2026-03-16,OFFO01,No,Yes,No,Investigation,Open
CASE0562,FT05509,2025-12-19,OFFO02,No,Yes,No,Warning,Closed
CASE0563,FT03986,2025-06-14,OFFO03,No,Yes,No,Fined,Closed
CASE0564,FT04051,2025-09-10,OFFO04,Yes,No,Yes,Warning,Closed
CASE0565,FT04401,2026-05-29,OFFO05,Yes,Yes,No,Fined,Closed
CASE0566,FT07770,2025-05-16,OFFO06,Yes,Yes,No,Warning,Closed
CASE0567,FT15492,2026-03-15,OFFO07,No,No,No,Investigation,Open
CASE0568,FT15632,2026-07-30,OFFO08,No,Yes,No,Fined,Closed
CASE0569,FT11887,2025-05-10,OFFO09,Yes,Yes,Yes,Investigation,Open
CASE0570,FT04904,2025-12-22,OFFO10,No,Yes,Yes,Warning,Closed
CASE0571,FT06050,2026-07-27,OFFO01,No,No,Yes,Warning,Closed
CASE0572,FT10999,2026-05-11,OFFO02,No,No,No,Investigation,Open
CASE0573,FT15089,2025-08-24,OFFO03,Yes,No,Yes,Fined,Closed
CASE0574,FT10877,2026-03-10,OFFO04,Yes,Yes,No,Fined,Closed
CASE0575,FT12000,2025-09-02,OFFO05,No,No,No,Fined,Closed
CASE0576,FT06032,2025-08-27,OFFO06,Yes,No,No,Fined,Closed
CASE0577,FT06771,2025-10-21,OFFO07,No,No,No,Warning,Closed
CASE0578,FT11082,2026-07-19,OFFO08,Yes,No,Yes,Fined,Closed
CASE0579,FT00055,2025-06-05,OFFO09,No,Yes,No,Fined,Closed
CASE0580,FT09708,2026-07-30,OFFO10,Yes,No,Yes,Warning,Closed
CASE0581,FT04167,2026-04-12,OFFO01,No,Yes,No,Investigation,Open
CASE0582,FT00389,2026-05-05,OFFO02,No,No,No,Investigation,Open
CASE0583,FT08245,2026-06-30,OFFO03,Yes,No,No,Fined,Closed
CASE0584,FT03041,2026-03-07,OFFO04,Yes,No,Yes,Investigation,Open
CASE0585,FT14614,2026-06-29,OFFO05,No,Yes,No,Investigation,Open
CASE0586,FT07653,2026-03-21,OFFO06,Yes,No,Yes,Fined,Closed
CASE0587,FT19016,2025-11-14,OFFO07,Yes,No,Yes,Fined,Closed
CASE0588,FT06017,2025-07-19,OFFO08,No,Yes,Yes,Investigation,Open
CASE0589,FT17774,2026-06-24,OFFO09,No,Yes,Yes,Warning,Closed
CASE0590,FT10608,2026-07-30,OFFO10,No,Yes,Yes,Warning,Closed
CASE0591,FT10679,2025-12-17,OFFO01,No,No,Yes,Fined,Closed
CASE0592,FT17209,2026-01-05,OFFO02,Yes,No,No,Fined,Closed
CASE0593,FT00614,2026-06-27,OFFO03,Yes,No,No,Warning,Closed
CASE0594,FT02364,2025-06-21,OFFO04,No,Yes,Yes,Fined,Closed
CASE0595,FT04565,2025-07-24,OFFO05,Yes,No,No,Warning,Closed
CASE0596,FT05406,2025-11-18,OFFO06,No,No,No,Warning,Closed
CASE0597,FT02005,2025-06-06,OFFO07,Yes,Yes,No,Fined,Closed
CASE0598,FT01720,2026-01-31,OFFO08,No,Yes,Yes,Investigation,Open
CASE0599,FT04556,2026-03-21,OFFO09,Yes,No,No,Fined,Closed
CASE0600,FT08054,2025-08-09,OFFO10,Yes,Yes,Yes,Warning,Closed
CASE0601,FT09695,2025-11-18,OFFO01,Yes,No,No,Warning,Closed
CASE0602,FT18781,2026-02-20,OFFO02,No,No,Yes,Fined,Closed
CASE0603,FT01831,2025-10-31,OFFO03,Yes,No,No,Fined,Closed
CASE0604,FT01260,2026-06-26,OFFO04,No,No,Yes,Investigation,Open
CASE0605,FT11312,2025-12-27,OFFO05,Yes,No,No,Warning,Closed
CASE0606,FT06057,2025-12-30,OFFO06,Yes,Yes,No,Investigation,Open
CASE0607,FT00678,2026-03-17,OFFO07,Yes,Yes,No,Investigation,Open
CASE0608,FT05780,2026-03-30,OFFO08,Yes,Yes,No,Warning,Closed
CASE0609,FT10301,2026-04-21,OFFO09,No,No,No,Investigation,Open
CASE0610,FT08335,2025-12-04,OFFO10,Yes,No,No,Investigation,Open
CASE0611,FT08204,2025-07-11,OFFO01,No,Yes,Yes,Fined,Closed
CASE0612,FT19245,2026-02-08,OFFO02,Yes,No,Yes,Warning,Closed
CASE0613,FT05511,2025-08-01,OFFO03,Yes,No,Yes,Fined,Closed
CASE0614,FT10036,2025-10-01,OFFO04,No,No,No,Investigation,Open
CASE0615,FT03238,2026-06-09,OFFO05,No,Yes,No,Warning,Closed
CASE0616,FT04418,2026-04-07,OFFO06,No,Yes,No,Fined,Closed
CASE0617,FT06345,2025-10-01,OFFO07,No,No,Yes,Warning,Closed
CASE0618,FT19409,2026-06-24,OFFO08,No,No,Yes,Investigation,Open
CASE0619,FT06743,2025-08-23,OFFO09,No,No,Yes,Fined,Closed
CASE0620,FT13973,2025-09-19,OFFO10,Yes,Yes,Yes,Warning,Closed
CASE0621,FT07807,2026-07-01,OFFO01,Yes,Yes,Yes,Fined,Closed
CASE0622,FT16837,2025-08-02,OFFO02,No,Yes,Yes,Investigation,Open
CASE0623,FT08667,2025-11-20,OFFO03,Yes,No,Yes,Investigation,Open
CASE0624,FT02058,2026-07-24,OFFO04,No,Yes,No,Fined,Closed
CASE0625,FT01238,2026-04-29,OFFO05,Yes,Yes,Yes,Investigation,Open
CASE0626,FT14873,2025-05-14,OFFO06,No,No,Yes,Fined,Closed
CASE0627,FT08461,2026-02-01,OFFO07,No,No,Yes,Warning,Closed
CASE0628,FT16851,2025-11-15,OFFO08,No,No,No,Fined,Closed
CASE0629,FT08487,2026-07-13,OFFO09,Yes,No,Yes,Fined,Closed
CASE0630,FT00856,2026-07-11,OFFO10,Yes,No,No,Fined,Closed
CASE0631,FT17967,2026-07-01,OFFO01,No,Yes,No,Investigation,Open
CASE0632,FT11992,2025-12-25,OFFO02,Yes,Yes,No,Fined,Closed
CASE0633,FT00838,2025-08-18,OFFO03,Yes,No,No,Fined,Closed
CASE0634,FT03382,2025-09-03,OFFO04,Yes,No,Yes,Warning,Closed
CASE0635,FT18755,2025-05-28,OFFO05,Yes,No,Yes,Fined,Closed
CASE0636,FT08388,2025-04-26,OFFO06,No,Yes,No,Investigation,Open
CASE0637,FT08242,2025-12-28,OFFO07,No,Yes,Yes,Investigation,Open
CASE0638,FT01212,2026-02-09,OFFO08,No,No,No,Fined,Closed
CASE0639,FT03594,2025-07-20,OFFO09,No,No,No,Warning,Closed
CASE0640,FT18739,2025-12-23,OFFO10,No,No,No,Warning,Closed
CASE0641,FT15101,2026-03-15,OFFO01,Yes,No,Yes,Fined,Closed
CASE0642,FT17411,2025-11-05,OFFO02,Yes,No,Yes,Warning,Closed
CASE0643,FT01169,2025-12-29,OFFO03,No,No,Yes,Fined,Closed
CASE0644,FT08252,2026-01-11,OFFO04,No,Yes,Yes,Warning,Closed
CASE0645,FT00575,2026-03-25,OFFO05,Yes,No,Yes,Investigation,Open
CASE0646,FT10650,2025-09-16,OFFO06,Yes,Yes,No,Investigation,Open
CASE0647,FT06285,2025-12-21,OFFO07,No,Yes,No,Fined,Closed
CASE0648,FT00118,2025-08-07,OFFO08,Yes,Yes,Yes,Fined,Closed
CASE0649,FT00425,2026-06-10,OFFO09,No,No,No,Investigation,Open
CASE0650,FT18950,2025-10-14,OFFO10,Yes,No,No,Fined,Closed
CASE0651,FT18088,2025-09-30,OFFO01,No,Yes,Yes,Investigation,Open
CASE0652,FT06073,2026-05-31,OFFO02,No,No,No,Fined,Closed
CASE0653,FT07891,2025-08-08,OFFO03,No,Yes,Yes,Warning,Closed
CASE0654,FT06284,2026-02-21,OFFO04,Yes,Yes,Yes,Investigation,Open
CASE0655,FT16115,2026-03-28,OFFO05,Yes,No,Yes,Fined,Closed
CASE0656,FT14605,2025-05-30,OFFO06,No,No,Yes,Warning,Closed
CASE0657,FT17853,2026-01-27,OFFO07,No,No,No,Fined,Closed
CASE0658,FT18298,2026-02-10,OFFO08,No,Yes,No,Warning,Closed
CASE0659,FT14979,2025-06-03,OFFO09,Yes,Yes,Yes,Investigation,Open
CASE0660,FT07613,2026-06-26,OFFO10,No,No,Yes,Investigation,Open
CASE0661,FT16727,2025-09-26,OFFO01,Yes,No,Yes,Fined,Closed
CASE0662,FT04190,2026-07-07,OFFO02,No,No,No,Warning,Closed
CASE0663,FT08661,2026-01-17,OFFO03,Yes,Yes,Yes,Investigation,Open
CASE0664,FT18674,2025-09-18,OFFO04,Yes,Yes,No,Fined,Closed
CASE0665,FT12419,2025-09-24,OFFO05,No,No,Yes,Warning,Closed
CASE0666,FT15072,2025-08-14,OFFO06,Yes,No,No,Warning,Closed
CASE0667,FT01644,2026-02-13,OFFO07,Yes,No,Yes,Investigation,Open
CASE0668,FT01232,2026-07-17,OFFO08,No,Yes,No,Warning,Closed
CASE0669,FT05154,2025-11-27,OFFO09,Yes,No,No,Fined,Closed
CASE0670,FT10201,2025-10-03,OFFO10,Yes,No,No,Fined,Closed
CASE0671,FT08960,2025-11-27,OFFO01,No,Yes,Yes,Fined,Closed
CASE0672,FT04156,2025-07-05,OFFO02,Yes,No,No,Fined,Closed
CASE0673,FT06918,2025-05-11,OFFO03,Yes,Yes,Yes,Investigation,Open
CASE0674,FT13914,2026-06-16,OFFO04,Yes,No,No,Warning,Closed
CASE0675,FT05781,2026-04-19,OFFO05,No,Yes,No,Investigation,Open
CASE0676,FT17662,2026-06-28,OFFO06,No,Yes,No,Investigation,Open
CASE0677,FT06032,2025-06-21,OFFO07,Yes,Yes,No,Investigation,Open
CASE0678,FT11484,2025-12-16,OFFO08,No,Yes,No,Warning,Closed
CASE0679,FT06819,2025-12-04,OFFO09,No,Yes,No,Investigation,Open
CASE0680,FT00828,2025-10-09,OFFO10,Yes,No,No,Investigation,Open
CASE0681,FT10735,2025-06-15,OFFO01,Yes,Yes,Yes,Investigation,Open
CASE0682,FT11618,2026-07-30,OFFO02,Yes,Yes,Yes,Fined,Closed
CASE0683,FT03563,2025-11-25,OFFO03,No,Yes,No,Warning,Closed
CASE0684,FT09283,2025-12-02,OFFO04,Yes,No,No,Fined,Closed
CASE0685,FT03664,2026-07-03,OFFO05,No,Yes,Yes,Fined,Closed
CASE0686,FT19507,2025-10-18,OFFO06,No,Yes,Yes,Fined,Closed
CASE0687,FT02268,2026-07-05,OFFO07,No,Yes,No,Fined,Closed
CASE0688,FT11697,2026-06-30,OFFO08,No,Yes,No,Warning,Closed
CASE0689,FT02144,2026-06-19,OFFO09,No,Yes,No,Fined,Closed
CASE0690,FT01994,2026-02-11,OFFO10,No,No,No,Warning,Closed
CASE0691,FT11664,2025-05-25,OFFO01,Yes,No,Yes,Investigation,Open
CASE0692,FT07216,2026-01-22,OFFO02,No,Yes,Yes,Fined,Closed
CASE0693,FT04465,2025-08-30,OFFO03,No,Yes,Yes,Fined,Closed
CASE0694,FT02371,2026-06-23,OFFO04,Yes,Yes,Yes,Investigation,Open
CASE0695,FT00870,2025-10-15,OFFO05,Yes,No,Yes,Investigation,Open
CASE0696,FT09334,2026-06-15,OFFO06,Yes,Yes,No,Warning,Closed
CASE0697,FT11189,2025-08-01,OFFO07,No,No,No,Warning,Closed
CASE0698,FT03434,2025-08-07,OFFO08,No,No,Yes,Investigation,Open
CASE0699,FT14931,2025-10-30,OFFO09,Yes,Yes,No,Investigation,Open
CASE0700,FT15576,2025-07-18,OFFO10,Yes,Yes,No,Fined,Closed
CASE0701,FT11853,2025-06-10,OFFO01,No,Yes,No,Fined,Closed
CASE0702,FT15175,2025-09-30,OFFO02,Yes,Yes,Yes,Warning,Closed
CASE0703,FT19475,2025-07-19,OFFO03,No,Yes,No,Investigation,Open
CASE0704,FT04209,2026-01-24,OFFO04,Yes,Yes,Yes,Investigation,Open
CASE0705,FT12511,2025-09-29,OFFO05,Yes,Yes,No,Warning,Closed
CASE0706,FT04978,2026-05-21,OFFO06,No,No,Yes,Warning,Closed
CASE0707,FT07556,2025-08-14,OFFO07,Yes,No,No,Warning,Closed
CASE0708,FT19749,2026-04-15,OFFO08,Yes,Yes,Yes,Warning,Closed
CASE0709,FT16622,2026-01-22,OFFO09,Yes,No,No,Warning,Closed
CASE0710,FT13744,2026-06-09,OFFO10,Yes,No,No,Fined,Closed
CASE0711,FT05822,2026-01-07,OFFO01,No,Yes,No,Warning,Closed
CASE0712,FT15196,2026-05-22,OFFO02,Yes,Yes,Yes,Warning,Closed
CASE0713,FT08033,2026-01-07,OFFO03,Yes,Yes,No,Warning,Closed
CASE0714,FT02284,2025-06-26,OFFO04,Yes,Yes,Yes,Warning,Closed
CASE0715,FT18552,2026-05-10,OFFO05,Yes,No,No,Investigation,Open
CASE0716,FT04941,2025-07-28,OFFO06,No,No,No,Fined,Closed
CASE0717,FT19324,2025-12-22,OFFO07,No,Yes,Yes,Warning,Closed
CASE0718,FT14283,2025-07-04,OFFO08,No,Yes,No,Fined,Closed
CASE0719,FT11176,2026-05-19,OFFO09,No,No,No,Fined,Closed
CASE0720,FT06828,2025-07-18,OFFO10,Yes,Yes,No,Investigation,Open
CASE0721,FT07588,2025-12-15,OFFO01,No,Yes,No,Warning,Closed
CASE0722,FT18098,2025-08-10,OFFO02,No,No,No,Warning,Closed
CASE0723,FT08973,2026-02-15,OFFO03,Yes,Yes,No,Warning,Closed
CASE0724,FT10832,2025-08-02,OFFO04,Yes,Yes,Yes,Investigation,Open
CASE0725,FT19751,2025-05-09,OFFO05,No,Yes,Yes,Warning,Closed
CASE0726,FT18823,2025-12-10,OFFO06,No,No,Yes,Fined,Closed
CASE0727,FT08186,2026-04-13,OFFO07,No,Yes,Yes,Warning,Closed
CASE0728,FT05997,2026-06-25,OFFO08,Yes,No,Yes,Warning,Closed
CASE0729,FT01084,2026-01-25,OFFO09,No,Yes,No,Warning,Closed
CASE0730,FT02861,2025-12-08,OFFO10,No,No,No,Investigation,Open
CASE0731,FT01262,2026-05-22,OFFO01,No,No,No,Fined,Closed
CASE0732,FT19513,2025-12-09,OFFO02,No,Yes,Yes,Warning,Closed
CASE0733,FT09847,2025-12-26,OFFO03,No,No,Yes,Warning,Closed
CASE0734,FT16656,2026-07-15,OFFO04,No,Yes,Yes,Fined,Closed
CASE0735,FT09274,2025-11-11,OFFO05,Yes,Yes,No,Investigation,Open
CASE0736,FT05924,2026-04-28,OFFO06,No,No,Yes,Warning,Closed
CASE0737,FT08554,2026-01-05,OFFO07,No,No,Yes,Warning,Closed
CASE0738,FT09905,2025-07-19,OFFO08,No,Yes,No,Fined,Closed
CASE0739,FT19259,2026-03-17,OFFO09,Yes,Yes,Yes,Investigation,Open
CASE0740,FT16596,2025-10-17,OFFO10,No,Yes,No,Investigation,Open
CASE0741,FT12377,2026-05-02,OFFO01,Yes,No,Yes,Investigation,Open
CASE0742,FT05316,2025-08-25,OFFO02,Yes,No,Yes,Fined,Closed
CASE0743,FT16559,2025-10-14,OFFO03,No,No,No,Fined,Closed
CASE0744,FT14420,2026-06-06,OFFO04,Yes,Yes,Yes,Fined,Closed
CASE0745,FT14360,2026-06-10,OFFO05,No,No,No,Warning,Closed
CASE0746,FT19166,2026-07-19,OFFO06,Yes,Yes,Yes,Warning,Closed
CASE0747,FT17956,2026-05-23,OFFO07,No,No,No,Fined,Closed
CASE0748,FT06350,2025-08-04,OFFO08,Yes,No,Yes,Investigation,Open
CASE0749,FT14776,2026-03-16,OFFO09,No,No,No,Fined,Closed
CASE0750,FT00264,2025-12-31,OFFO10,No,No,No,Warning,Closed
CASE0751,FT05247,2025-12-21,OFFO01,No,No,Yes,Warning,Closed
CASE0752,FT11257,2026-03-10,OFFO02,No,No,Yes,Warning,Closed
CASE0753,FT18871,2025-05-28,OFFO03,Yes,Yes,Yes,Warning,Closed
CASE0754,FT09379,2025-11-29,OFFO04,Yes,Yes,Yes,Fined,Closed
CASE0755,FT17432,2025-06-05,OFFO05,Yes,No,Yes,Fined,Closed
CASE0756,FT13977,2025-11-07,OFFO06,Yes,Yes,No,Investigation,Open
CASE0757,FT01595,2025-05-30,OFFO07,No,No,Yes,Investigation,Open
CASE0758,FT00683,2025-04-29,OFFO08,No,Yes,No,Investigation,Open
CASE0759,FT08093,2026-05-04,OFFO09,Yes,Yes,Yes,Investigation,Open
CASE0760,FT04362,2026-03-25,OFFO10,Yes,Yes,Yes,Warning,Closed
CASE0761,FT07760,2026-06-17,OFFO01,Yes,Yes,Yes,Fined,Closed
CASE0762,FT02709,2026-07-05,OFFO02,Yes,Yes,No,Warning,Closed
CASE0763,FT12397,2026-04-24,OFFO03,No,No,Yes,Fined,Closed
CASE0764,FT17554,2026-04-09,OFFO04,No,No,No,Fined,Closed
CASE0765,FT15732,2025-07-08,OFFO05,No,Yes,Yes,Fined,Closed
CASE0766,FT12515,2025-06-23,OFFO06,Yes,No,No,Fined,Closed
CASE0767,FT07639,2025-08-23,OFFO07,Yes,Yes,No,Investigation,Open
CASE0768,FT03590,2025-07-24,OFFO08,Yes,No,Yes,Investigation,Open
CASE0769,FT04086,2025-05-05,OFFO09,Yes,No,Yes,Fined,Closed
CASE0770,FT00487,2026-02-22,OFFO10,Yes,Yes,No,Fined,Closed
CASE0771,FT15881,2026-06-09,OFFO01,No,Yes,Yes,Warning,Closed
CASE0772,FT07354,2025-08-02,OFFO02,No,No,Yes,Investigation,Open
CASE0773,FT10427,2026-04-21,OFFO03,Yes,No,No,Fined,Closed
CASE0774,FT05541,2026-07-23,OFFO04,No,No,No,Fined,Closed
CASE0775,FT04030,2025-07-28,OFFO05,No,No,Yes,Fined,Closed
CASE0776,FT19932,2025-08-02,OFFO06,Yes,No,Yes,Fined,Closed
CASE0777,FT05975,2025-07-10,OFFO07,Yes,Yes,No,Warning,Closed
CASE0778,FT17963,2025-10-14,OFFO08,Yes,No,Yes,Fined,Closed
CASE0779,FT02913,2025-08-02,OFFO09,No,No,Yes,Investigation,Open
CASE0780,FT00685,2025-09-12,OFFO10,No,Yes,No,Fined,Closed
CASE0781,FT00800,2026-05-08,OFFO01,No,Yes,No,Fined,Closed
CASE0782,FT10230,2025-10-31,OFFO02,Yes,Yes,Yes,Investigation,Open
CASE0783,FT01321,2026-05-17,OFFO03,No,Yes,No,Warning,Closed
CASE0784,FT05800,2026-07-06,OFFO04,No,No,Yes,Warning,Closed
CASE0785,FT11758,2026-02-28,OFFO05,No,Yes,Yes,Fined,Closed
CASE0786,FT09959,2026-05-27,OFFO06,Yes,No,No,Investigation,Open
CASE0787,FT19007,2025-05-30,OFFO07,Yes,No,No,Investigation,Open
CASE0788,FT11292,2026-07-05,OFFO08,No,Yes,Yes,Warning,Closed
CASE0789,FT09630,2025-08-31,OFFO09,No,No,No,Warning,Closed
CASE0790,FT00399,2026-05-15,OFFO10,Yes,No,No,Warning,Closed
CASE0791,FT06922,2026-05-21,OFFO01,Yes,Yes,Yes,Investigation,Open
CASE0792,FT08760,2025-10-14,OFFO02,No,Yes,No,Fined,Closed
CASE0793,FT01578,2026-01-08,OFFO03,No,Yes,Yes,Warning,Closed
CASE0794,FT04337,2025-10-13,OFFO04,Yes,Yes,Yes,Warning,Closed
CASE0795,FT10155,2025-10-12,OFFO05,Yes,No,No,Warning,Closed
CASE0796,FT13692,2025-09-28,OFFO06,No,Yes,No,Fined,Closed
CASE0797,FT17342,2025-08-11,OFFO07,Yes,No,Yes,Investigation,Open
CASE0798,FT05410,2026-02-02,OFFO08,No,No,No,Warning,Closed
CASE0799,FT05385,2026-02-17,OFFO09,Yes,No,Yes,Warning,Closed
CASE0800,FT00110,2025-07-30,OFFO10,No,Yes,No,Warning,Closed
CASE0801,FT08513,2026-01-15,OFFO01,No,Yes,No,Warning,Closed
CASE0802,FT00444,2026-06-29,OFFO02,No,Yes,No,Fined,Closed
CASE0803,FT05786,2025-08-06,OFFO03,No,No,Yes,Investigation,Open
CASE0804,FT11356,2026-06-14,OFFO04,Yes,Yes,Yes,Warning,Closed
CASE0805,FT05050,2025-05-04,OFFO05,No,Yes,No,Warning,Closed
CASE0806,FT19924,2025-11-14,OFFO06,Yes,Yes,Yes,Warning,Closed
CASE0807,FT06497,2025-12-31,OFFO07,No,Yes,No,Investigation,Open
CASE0808,FT10311,2026-03-10,OFFO08,No,No,Yes,Warning,Closed
CASE0809,FT10407,2026-02-22,OFFO09,Yes,Yes,Yes,Investigation,Open
CASE0810,FT14799,2026-03-01,OFFO10,No,Yes,Yes,Warning,Closed
CASE0811,FT12025,2026-07-30,OFFO01,No,Yes,Yes,Investigation,Open
CASE0812,FT01684,2025-10-16,OFFO02,Yes,No,No,Investigation,Open
CASE0813,FT15450,2026-01-11,OFFO03,Yes,No,No,Investigation,Open
CASE0814,FT18776,2026-03-18,OFFO04,No,No,No,Investigation,Open
CASE0815,FT12765,2025-12-20,OFFO05,Yes,Yes,No,Warning,Closed
CASE0816,FT16797,2025-05-25,OFFO06,No,No,Yes,Fined,Closed
CASE0817,FT13237,2025-08-04,OFFO07,Yes,No,Yes,Investigation,Open
CASE0818,FT19973,2025-12-08,OFFO08,No,Yes,No,Fined,Closed
CASE0819,FT06855,2026-06-17,OFFO09,Yes,Yes,No,Warning,Closed
CASE0820,FT03080,2025-08-28,OFFO10,Yes,Yes,Yes,Warning,Closed
CASE0821,FT16333,2026-07-21,OFFO01,Yes,No,Yes,Fined,Closed
CASE0822,FT15003,2026-03-29,OFFO02,Yes,Yes,Yes,Warning,Closed
CASE0823,FT08668,2025-08-08,OFFO03,Yes,Yes,No,Investigation,Open
CASE0824,FT03847,2026-07-08,OFFO04,Yes,No,Yes,Warning,Closed
CASE0825,FT01290,2025-08-16,OFFO05,No,No,Yes,Investigation,Open
CASE0826,FT12223,2026-07-19,OFFO06,No,Yes,Yes,Investigation,Open
CASE0827,FT12374,2026-06-18,OFFO07,No,No,No,Fined,Closed
CASE0828,FT18811,2025-12-19,OFFO08,No,No,No,Investigation,Open
CASE0829,FT00043,2025-05-24,OFFO09,Yes,No,No,Investigation,Open
CASE0830,FT18880,2025-12-20,OFFO10,No,Yes,No,Fined,Closed
CASE0831,FT15651,2025-12-02,OFFO01,Yes,No,Yes,Fined,Closed
CASE0832,FT19891,2026-03-18,OFFO02,Yes,No,No,Fined,Closed
CASE0833,FT09838,2025-08-21,OFFO03,Yes,No,Yes,Fined,Closed
CASE0834,FT08750,2026-01-06,OFFO04,Yes,Yes,Yes,Fined,Closed
CASE0835,FT08118,2026-03-19,OFFO05,Yes,No,Yes,Fined,Closed
CASE0836,FT04241,2025-10-18,OFFO06,Yes,Yes,Yes,Warning,Closed
CASE0837,FT03423,2026-07-23,OFFO07,No,Yes,No,Investigation,Open
CASE0838,FT14552,2025-07-31,OFFO08,Yes,No,Yes,Fined,Closed
CASE0839,FT02959,2025-10-29,OFFO09,Yes,Yes,No,Fined,Closed
CASE0840,FT07438,2026-05-15,OFFO10,No,Yes,Yes,Warning,Closed
CASE0841,FT17250,2025-07-16,OFFO01,No,No,Yes,Investigation,Open
CASE0842,FT09801,2025-11-25,OFFO02,Yes,Yes,Yes,Fined,Closed
CASE0843,FT17559,2026-01-24,OFFO03,Yes,No,Yes,Warning,Closed
CASE0844,FT15630,2025-07-29,OFFO04,No,No,Yes,Warning,Closed
CASE0845,FT14052,2025-05-05,OFFO05,Yes,No,Yes,Investigation,Open
CASE0846,FT00293,2026-01-29,OFFO06,No,Yes,No,Warning,Closed
CASE0847,FT16571,2025-08-22,OFFO07,No,No,No,Warning,Closed
CASE0848,FT14870,2025-05-31,OFFO08,Yes,No,Yes,Fined,Closed
CASE0849,FT19336,2026-01-15,OFFO09,No,No,No,Fined,Closed
CASE0850,FT11776,2025-10-04,OFFO10,Yes,Yes,Yes,Investigation,Open
CASE0851,FT01215,2025-12-07,OFFO01,Yes,Yes,No,Investigation,Open
CASE0852,FT14774,2025-11-14,OFFO02,No,Yes,Yes,Fined,Closed
CASE0853,FT09929,2026-06-14,OFFO03,No,Yes,Yes,Investigation,Open
CASE0854,FT05723,2026-07-29,OFFO04,Yes,No,Yes,Fined,Closed
CASE0855,FT11364,2025-07-11,OFFO05,No,No,No,Warning,Closed
CASE0856,FT04258,2025-04-29,OFFO06,Yes,No,Yes,Fined,Closed
CASE0857,FT06872,2026-07-02,OFFO07,Yes,Yes,Yes,Warning,Closed
CASE0858,FT02853,2025-07-24,OFFO08,Yes,Yes,Yes,Warning,Closed
CASE0859,FT01538,2026-01-06,OFFO09,Yes,Yes,Yes,Investigation,Open
CASE0860,FT18231,2026-07-11,OFFO10,Yes,No,Yes,Investigation,Open
CASE0861,FT19507,2025-06-19,OFFO01,No,Yes,No,Investigation,Open
CASE0862,FT16508,2025-10-07,OFFO02,Yes,Yes,No,Warning,Closed
CASE0863,FT08672,2026-06-11,OFFO03,Yes,Yes,Yes,Investigation,Open
CASE0864,FT10336,2025-12-08,OFFO04,No,No,No,Warning,Closed
CASE0865,FT16522,2025-10-12,OFFO05,No,No,No,Investigation,Open
CASE0866,FT15702,2025-11-05,OFFO06,Yes,Yes,No,Investigation,Open
CASE0867,FT09070,2025-05-16,OFFO07,No,No,No,Warning,Closed
CASE0868,FT11664,2025-12-05,OFFO08,Yes,Yes,No,Fined,Closed
CASE0869,FT05013,2025-12-20,OFFO09,Yes,Yes,Yes,Fined,Closed
CASE0870,FT06162,2025-09-16,OFFO10,Yes,Yes,No,Warning,Closed
CASE0871,FT05119,2026-01-17,OFFO01,Yes,Yes,No,Investigation,Open
CASE0872,FT03809,2025-06-09,OFFO02,No,Yes,No,Investigation,Open
CASE0873,FT14648,2025-09-28,OFFO03,Yes,Yes,Yes,Investigation,Open
CASE0874,FT15050,2025-05-16,OFFO04,Yes,Yes,Yes,Investigation,Open
CASE0875,FT00063,2025-06-13,OFFO05,Yes,Yes,Yes,Fined,Closed
CASE0876,FT18847,2025-06-13,OFFO06,Yes,No,Yes,Investigation,Open
CASE0877,FT14943,2026-05-14,OFFO07,No,No,No,Investigation,Open
CASE0878,FT18834,2025-10-17,OFFO08,Yes,No,No,Fined,Closed
CASE0879,FT14669,2025-07-31,OFFO09,Yes,Yes,Yes,Warning,Closed
CASE0880,FT15015,2025-08-13,OFFO10,Yes,Yes,Yes,Warning,Closed
CASE0881,FT16303,2025-09-19,OFFO01,No,Yes,Yes,Fined,Closed
CASE0882,FT03018,2025-09-05,OFFO02,No,No,No,Investigation,Open
CASE0883,FT05375,2025-04-29,OFFO03,No,Yes,No,Fined,Closed
CASE0884,FT09534,2026-02-06,OFFO04,No,Yes,No,Fined,Closed
CASE0885,FT18756,2026-06-09,OFFO05,No,No,Yes,Investigation,Open
CASE0886,FT19118,2025-10-11,OFFO06,No,No,Yes,Fined,Closed
CASE0887,FT04894,2025-10-18,OFFO07,No,Yes,No,Fined,Closed
CASE0888,FT02750,2026-06-02,OFFO08,Yes,No,Yes,Warning,Closed
CASE0889,FT06190,2026-05-11,OFFO09,Yes,Yes,Yes,Warning,Closed
CASE0890,FT01421,2026-07-28,OFFO10,No,Yes,Yes,Investigation,Open
CASE0891,FT03586,2025-04-28,OFFO01,Yes,No,Yes,Warning,Closed
CASE0892,FT09815,2025-08-07,OFFO02,No,No,No,Investigation,Open
CASE0893,FT19729,2025-08-05,OFFO03,Yes,Yes,No,Investigation,Open
CASE0894,FT14607,2025-09-23,OFFO04,No,Yes,No,Fined,Closed
CASE0895,FT14345,2026-05-01,OFFO05,No,Yes,Yes,Warning,Closed
CASE0896,FT16767,2026-01-14,OFFO06,Yes,Yes,Yes,Warning,Closed
CASE0897,FT19100,2026-01-21,OFFO07,No,No,No,Warning,Closed
CASE0898,FT13883,2025-07-24,OFFO08,Yes,Yes,Yes,Warning,Closed
CASE0899,FT01778,2026-03-21,OFFO09,No,Yes,Yes,Investigation,Open
CASE0900,FT16987,2026-06-12,OFFO10,Yes,Yes,Yes,Investigation,Open
CASE0901,FT07924,2025-10-11,OFFO01,Yes,No,No,Warning,Closed
CASE0902,FT17880,2025-12-26,OFFO02,Yes,No,Yes,Warning,Closed
CASE0903,FT19498,2026-05-23,OFFO03,Yes,Yes,Yes,Investigation,Open
CASE0904,FT02733,2026-05-03,OFFO04,No,No,Yes,Investigation,Open
CASE0905,FT07800,2025-09-24,OFFO05,Yes,No,Yes,Warning,Closed
CASE0906,FT08313,2026-06-16,OFFO06,No,Yes,Yes,Warning,Closed
CASE0907,FT13041,2026-07-29,OFFO07,No,No,Yes,Investigation,Open
CASE0908,FT18121,2025-10-28,OFFO08,No,Yes,No,Investigation,Open
CASE0909,FT09933,2026-03-07,OFFO09,No,Yes,No,Warning,Closed
CASE0910,FT06173,2025-10-14,OFFO10,Yes,Yes,Yes,Fined,Closed
CASE0911,FT02183,2026-02-08,OFFO01,Yes,No,Yes,Investigation,Open
CASE0912,FT18269,2026-03-14,OFFO02,No,Yes,Yes,Investigation,Open
CASE0913,FT03639,2025-08-13,OFFO03,Yes,No,Yes,Fined,Closed
CASE0914,FT03722,2025-12-12,OFFO04,Yes,Yes,No,Fined,Closed
CASE0915,FT13344,2025-07-04,OFFO05,No,Yes,Yes,Investigation,Open
CASE0916,FT19341,2026-03-07,OFFO06,Yes,Yes,Yes,Warning,Closed
CASE0917,FT14319,2025-05-04,OFFO07,Yes,Yes,Yes,Fined,Closed
CASE0918,FT17699,2026-01-11,OFFO08,Yes,No,No,Fined,Closed
CASE0919,FT19258,2025-10-14,OFFO09,Yes,Yes,Yes,Fined,Closed
CASE0920,FT08842,2026-06-17,OFFO10,Yes,Yes,Yes,Warning,Closed
CASE0921,FT13902,2025-05-13,OFFO01,No,Yes,No,Warning,Closed
CASE0922,FT05358,2025-05-29,OFFO02,Yes,No,No,Warning,Closed
CASE0923,FT09346,2025-11-03,OFFO03,Yes,No,No,Warning,Closed
CASE0924,FT00285,2026-01-21,OFFO04,No,Yes,No,Warning,Closed
CASE0925,FT09628,2025-07-10,OFFO05,Yes,Yes,Yes,Warning,Closed
CASE0926,FT18316,2025-09-11,OFFO06,Yes,No,No,Warning,Closed
CASE0927,FT03701,2025-10-24,OFFO07,Yes,No,Yes,Fined,Closed
CASE0928,FT07781,2025-05-14,OFFO08,Yes,No,No,Warning,Closed
CASE0929,FT05215,2025-11-14,OFFO09,No,No,No,Warning,Closed
CASE0930,FT18459,2025-07-26,OFFO10,No,No,Yes,Warning,Closed
CASE0931,FT12969,2025-12-27,OFFO01,No,Yes,No,Warning,Closed
CASE0932,FT10639,2025-06-23,OFFO02,Yes,Yes,Yes,Investigation,Open
CASE0933,FT02634,2026-06-06,OFFO03,Yes,Yes,No,Warning,Closed
CASE0934,FT15577,2026-03-12,OFFO04,No,Yes,Yes,Warning,Closed
CASE0935,FT11658,2025-05-03,OFFO05,Yes,No,No,Investigation,Open
CASE0936,FT11335,2025-05-07,OFFO06,No,No,Yes,Fined,Closed
CASE0937,FT15880,2026-03-07,OFFO07,No,Yes,Yes,Warning,Closed
CASE0938,FT07102,2026-02-19,OFFO08,No,No,Yes,Warning,Closed
CASE0939,FT11991,2026-01-08,OFFO09,No,Yes,Yes,Fined,Closed
CASE0940,FT06698,2026-03-15,OFFO10,Yes,No,Yes,Investigation,Open
CASE0941,FT04261,2026-04-13,OFFO01,No,No,Yes,Fined,Closed
CASE0942,FT08885,2026-06-09,OFFO02,Yes,Yes,No,Investigation,Open
CASE0943,FT05688,2025-10-21,OFFO03,No,No,No,Warning,Closed
CASE0944,FT12063,2025-11-01,OFFO04,No,No,No,Warning,Closed
CASE0945,FT02096,2025-10-26,OFFO05,Yes,No,Yes,Warning,Closed
CASE0946,FT02420,2026-02-25,OFFO06,No,No,Yes,Fined,Closed
CASE0947,FT16629,2026-03-15,OFFO07,No,No,Yes,Investigation,Open
CASE0948,FT14289,2025-06-25,OFFO08,No,Yes,Yes,Fined,Closed
CASE0949,FT12800,2025-06-30,OFFO09,Yes,Yes,Yes,Investigation,Open
CASE0950,FT05931,2025-12-17,OFFO10,No,Yes,Yes,Investigation,Open
CASE0951,FT05725,2026-05-03,OFFO01,Yes,Yes,Yes,Fined,Closed
CASE0952,FT16908,2025-09-08,OFFO02,Yes,No,Yes,Investigation,Open
CASE0953,FT09789,2026-01-11,OFFO03,Yes,No,No,Fined,Closed
CASE0954,FT19426,2025-11-01,OFFO04,Yes,No,Yes,Warning,Closed
CASE0955,FT13420,2026-01-19,OFFO05,Yes,No,No,Fined,Closed
CASE0956,FT11795,2025-06-10,OFFO06,Yes,No,No,Fined,Closed
CASE0957,FT03177,2026-02-15,OFFO07,Yes,Yes,Yes,Warning,Closed
CASE0958,FT03116,2025-06-21,OFFO08,No,No,Yes,Fined,Closed
CASE0959,FT11579,2025-08-04,OFFO09,No,Yes,No,Warning,Closed
CASE0960,FT05894,2026-03-04,OFFO10,No,Yes,No,Warning,Closed
CASE0961,FT14888,2025-07-10,OFFO01,No,Yes,No,Investigation,Open
CASE0962,FT03960,2025-05-11,OFFO02,Yes,No,Yes,Investigation,Open
CASE0963,FT13768,2026-06-11,OFFO03,Yes,No,No,Investigation,Open
CASE0964,FT11249,2025-11-26,OFFO04,No,Yes,No,Warning,Closed
CASE0965,FT11461,2025-11-19,OFFO05,Yes,No,No,Fined,Closed
CASE0966,FT13196,2025-06-30,OFFO06,No,Yes,Yes,Investigation,Open
CASE0967,FT01573,2026-03-31,OFFO07,Yes,Yes,Yes,Investigation,Open
CASE0968,FT04462,2026-05-02,OFFO08,Yes,No,No,Fined,Closed
CASE0969,FT13874,2026-03-03,OFFO09,Yes,Yes,Yes,Investigation,Open
CASE0970,FT08334,2026-07-22,OFFO10,No,No,Yes,Fined,Closed
CASE0971,FT16318,2026-01-24,OFFO01,No,Yes,No,Fined,Closed
CASE0972,FT02918,2025-04-22,OFFO02,No,No,No,Warning,Closed
CASE0973,FT08809,2025-12-05,OFFO03,No,Yes,No,Fined,Closed
CASE0974,FT00255,2025-12-22,OFFO04,No,Yes,No,Warning,Closed
CASE0975,FT09495,2025-10-06,OFFO05,No,No,Yes,Investigation,Open
CASE0976,FT14450,2025-09-22,OFFO06,Yes,No,No,Fined,Closed
CASE0977,FT00699,2026-03-03,OFFO07,Yes,Yes,Yes,Fined,Closed
CASE0978,FT18775,2025-06-21,OFFO08,No,No,No,Fined,Closed
CASE0979,FT15352,2025-10-17,OFFO09,No,Yes,No,Fined,Closed
CASE0980,FT04226,2026-05-25,OFFO10,No,No,Yes,Investigation,Open
CASE0981,FT02425,2025-07-11,OFFO01,No,No,No,Warning,Closed
CASE0982,FT03758,2026-06-12,OFFO02,No,No,No,Warning,Closed
CASE0983,FT04313,2026-05-06,OFFO03,Yes,Yes,No,Investigation,Open
CASE0984,FT16138,2026-02-19,OFFO04,Yes,Yes,Yes,Warning,Closed
CASE0985,FT07693,2025-09-22,OFFO05,Yes,No,No,Investigation,Open
CASE0986,FT18748,2025-04-24,OFFO06,No,No,No,Fined,Closed
CASE0987,FT17738,2025-06-15,OFFO07,Yes,No,No,Fined,Closed
CASE0988,FT19181,2025-06-06,OFFO08,Yes,Yes,No,Investigation,Open
CASE0989,FT03178,2026-04-29,OFFO09,No,Yes,Yes,Investigation,Open
CASE0990,FT07539,2026-06-20,OFFO10,No,Yes,Yes,Warning,Closed
CASE0991,FT10741,2025-09-26,OFFO01,Yes,Yes,Yes,Investigation,Open
CASE0992,FT10740,2025-05-26,OFFO02,No,Yes,No,Investigation,Open
CASE0993,FT08159,2025-12-15,OFFO03,No,No,Yes,Fined,Closed
CASE0994,FT07834,2025-12-17,OFFO04,Yes,No,Yes,Fined,Closed
CASE0995,FT19430,2025-09-16,OFFO05,Yes,No,Yes,Investigation,Open
CASE0996,FT00189,2025-10-17,OFFO06,Yes,No,No,Fined,Closed
CASE0997,FT17724,2025-05-01,OFFO07,Yes,No,Yes,Warning,Closed
CASE0998,FT06985,2026-01-02,OFFO08,Yes,No,No,Warning,Closed
CASE0999,FT11777,2025-10-28,OFFO09,No,No,Yes,Investigation,Open
CASE1000,FT01428,2025-06-20,OFFO10,Yes,No,Yes,Investigation,Open
CASE1001,FT10825,2026-04-09,OFFO01,Yes,No,Yes,Investigation,Open
CASE1002,FT12964,2025-11-25,OFFO02,Yes,No,No,Warning,Closed
CASE1003,FT12727,2026-01-19,OFFO03,Yes,Yes,No,Investigation,Open
CASE1004,FT19901,2025-05-09,OFFO04,Yes,Yes,No,Investigation,Open
CASE1005,FT03859,2026-06-25,OFFO05,Yes,No,No,Warning,Closed
CASE1006,FT12343,2026-04-16,OFFO06,No,Yes,Yes,Fined,Closed
CASE1007,FT08333,2025-11-22,OFFO07,Yes,Yes,Yes,Investigation,Open
CASE1008,FT05798,2025-11-27,OFFO08,No,No,Yes,Fined,Closed
CASE1009,FT11645,2026-01-17,OFFO09,Yes,Yes,Yes,Warning,Closed
CASE1010,FT16524,2026-07-03,OFFO10,Yes,No,Yes,Fined,Closed
CASE1011,FT07925,2026-05-07,OFFO01,Yes,Yes,No,Warning,Closed
CASE1012,FT14275,2026-05-06,OFFO02,No,Yes,No,Investigation,Open
CASE1013,FT19171,2026-04-13,OFFO03,Yes,Yes,No,Warning,Closed
CASE1014,FT09625,2025-07-02,OFFO04,Yes,No,Yes,Warning,Closed
CASE1015,FT04305,2025-07-28,OFFO05,No,Yes,No,Fined,Closed
CASE1016,FT02400,2025-06-07,OFFO06,No,No,Yes,Fined,Closed
CASE1017,FT01670,2026-05-21,OFFO07,Yes,Yes,Yes,Fined,Closed
CASE1018,FT15221,2026-01-07,OFFO08,Yes,Yes,Yes,Fined,Closed
CASE1019,FT18372,2026-06-28,OFFO09,No,No,No,Fined,Closed
CASE1020,FT06797,2026-05-13,OFFO10,Yes,No,No,Warning,Closed
CASE1021,FT17785,2025-04-30,OFFO01,Yes,No,Yes,Investigation,Open
CASE1022,FT03616,2026-03-18,OFFO02,No,No,Yes,Fined,Closed
CASE1023,FT03261,2026-06-12,OFFO03,No,No,Yes,Investigation,Open
CASE1024,FT10290,2025-11-13,OFFO04,No,No,Yes,Investigation,Open
CASE1025,FT15407,2026-05-15,OFFO05,Yes,Yes,No,Warning,Closed
CASE1026,FT03513,2026-05-26,OFFO06,Yes,Yes,No,Investigation,Open
CASE1027,FT07789,2025-09-21,OFFO07,Yes,No,Yes,Investigation,Open
CASE1028,FT00919,2026-03-04,OFFO08,No,No,No,Warning,Closed
CASE1029,FT07454,2026-02-15,OFFO09,Yes,No,Yes,Fined,Closed
CASE1030,FT06910,2025-06-08,OFFO10,No,Yes,No,Fined,Closed
CASE1031,FT07471,2026-05-31,OFFO01,Yes,Yes,No,Fined,Closed
CASE1032,FT10488,2026-04-16,OFFO02,Yes,Yes,No,Warning,Closed
CASE1033,FT13772,2026-06-01,OFFO03,Yes,Yes,No,Fined,Closed
CASE1034,FT07629,2026-01-12,OFFO04,Yes,No,No,Investigation,Open
CASE1035,FT12233,2025-07-20,OFFO05,No,Yes,No,Fined,Closed
CASE1036,FT02992,2025-05-16,OFFO06,Yes,Yes,No,Fined,Closed
CASE1037,FT15888,2025-08-02,OFFO07,No,No,No,Warning,Closed
CASE1038,FT09533,2025-09-22,OFFO08,No,Yes,No,Fined,Closed
CASE1039,FT07302,2025-09-29,OFFO09,No,Yes,No,Investigation,Open
CASE1040,FT11675,2025-06-09,OFFO10,No,Yes,No,Investigation,Open
CASE1041,FT02119,2025-12-15,OFFO01,No,No,No,Warning,Closed
CASE1042,FT07056,2025-07-30,OFFO02,Yes,Yes,Yes,Investigation,Open
CASE1043,FT03629,2025-10-05,OFFO03,No,No,No,Warning,Closed
CASE1044,FT18426,2025-11-12,OFFO04,Yes,No,No,Warning,Closed
CASE1045,FT17321,2025-08-08,OFFO05,Yes,Yes,No,Investigation,Open
CASE1046,FT14190,2025-06-12,OFFO06,No,No,Yes,Warning,Closed
CASE1047,FT02145,2026-05-22,OFFO07,Yes,No,Yes,Fined,Closed
CASE1048,FT05954,2026-03-29,OFFO08,Yes,No,Yes,Investigation,Open
CASE1049,FT06543,2026-01-27,OFFO09,No,No,No,Fined,Closed
CASE1050,FT08794,2025-07-15,OFFO10,No,No,No,Investigation,Open
CASE1051,FT06430,2025-05-26,OFFO01,Yes,Yes,No,Warning,Closed
CASE1052,FT11637,2026-02-11,OFFO02,Yes,Yes,Yes,Warning,Closed
CASE1053,FT08133,2026-02-02,OFFO03,Yes,Yes,No,Investigation,Open
CASE1054,FT18078,2026-01-23,OFFO04,No,No,No,Warning,Closed
CASE1055,FT18117,2026-05-08,OFFO05,Yes,No,No,Warning,Closed
CASE1056,FT01450,2026-03-12,OFFO06,Yes,No,No,Investigation,Open
CASE1057,FT11680,2025-07-16,OFFO07,Yes,No,Yes,Warning,Closed
CASE1058,FT18771,2026-05-12,OFFO08,Yes,Yes,Yes,Warning,Closed
CASE1059,FT04884,2026-07-17,OFFO09,Yes,Yes,No,Fined,Closed
CASE1060,FT13451,2026-02-21,OFFO10,No,Yes,No,Fined,Closed
CASE1061,FT09359,2026-05-22,OFFO01,No,Yes,No,Warning,Closed
CASE1062,FT06790,2026-02-27,OFFO02,No,No,Yes,Warning,Closed
CASE1063,FT13487,2025-06-08,OFFO03,No,Yes,Yes,Warning,Closed
CASE1064,FT12492,2025-06-16,OFFO04,Yes,No,Yes,Fined,Closed
CASE1065,FT07856,2026-01-20,OFFO05,No,No,No,Warning,Closed
CASE1066,FT18607,2025-05-05,OFFO06,No,No,Yes,Fined,Closed
CASE1067,FT17585,2025-04-22,OFFO07,Yes,Yes,No,Investigation,Open
CASE1068,FT06027,2026-03-12,OFFO08,Yes,Yes,Yes,Investigation,Open
CASE1069,FT13633,2026-03-30,OFFO09,No,No,Yes,Warning,Closed
CASE1070,FT16483,2026-05-25,OFFO10,Yes,No,Yes,Warning,Closed
CASE1071,FT00851,2025-06-20,OFFO01,Yes,No,No,Fined,Closed
CASE1072,FT13278,2025-11-27,OFFO02,No,No,No,Fined,Closed
CASE1073,FT03224,2025-08-25,OFFO03,No,Yes,Yes,Investigation,Open
CASE1074,FT02598,2025-04-27,OFFO04,No,Yes,No,Warning,Closed
CASE1075,FT02324,2025-11-24,OFFO05,No,Yes,Yes,Investigation,Open
CASE1076,FT19804,2025-07-01,OFFO06,No,Yes,Yes,Warning,Closed
CASE1077,FT05190,2025-07-07,OFFO07,No,No,Yes,Warning,Closed
CASE1078,FT11170,2026-01-15,OFFO08,Yes,Yes,No,Investigation,Open
CASE1079,FT00713,2025-07-11,OFFO09,No,No,No,Warning,Closed
CASE1080,FT03511,2025-12-13,OFFO10,No,Yes,Yes,Warning,Closed
CASE1081,FT12790,2025-12-28,OFFO01,No,No,Yes,Fined,Closed
CASE1082,FT11103,2025-05-10,OFFO02,Yes,No,No,Fined,Closed
CASE1083,FT00284,2026-01-20,OFFO03,Yes,No,No,Fined,Closed
CASE1084,FT16997,2025-10-16,OFFO04,Yes,Yes,Yes,Investigation,Open
CASE1085,FT18559,2026-01-22,OFFO05,Yes,Yes,Yes,Investigation,Open
CASE1086,FT00751,2026-01-03,OFFO06,No,No,Yes,Investigation,Open
CASE1087,FT01732,2026-02-03,OFFO07,Yes,Yes,Yes,Fined,Closed
CASE1088,FT13588,2025-07-27,OFFO08,Yes,Yes,Yes,Fined,Closed
CASE1089,FT02254,2025-12-22,OFFO09,Yes,No,Yes,Warning,Closed
CASE1090,FT14873,2025-11-20,OFFO10,No,Yes,Yes,Warning,Closed
CASE1091,FT10424,2026-06-23,OFFO01,No,No,Yes,Investigation,Open
CASE1092,FT09794,2026-06-19,OFFO02,No,No,Yes,Investigation,Open
CASE1093,FT14210,2025-10-22,OFFO03,Yes,Yes,No,Investigation,Open
CASE1094,FT01042,2025-10-03,OFFO04,Yes,No,Yes,Fined,Closed
CASE1095,FT08727,2025-08-02,OFFO05,Yes,Yes,Yes,Investigation,Open
CASE1096,FT17141,2026-07-10,OFFO06,No,No,Yes,Warning,Closed
CASE1097,FT12730,2025-11-17,OFFO07,Yes,Yes,Yes,Investigation,Open
CASE1098,FT01622,2025-05-30,OFFO08,No,Yes,Yes,Warning,Closed
CASE1099,FT10487,2025-05-07,OFFO09,Yes,Yes,No,Investigation,Open
CASE1100,FT08406,2026-04-16,OFFO10,No,No,No,Fined,Closed
CASE1101,FT08038,2025-11-22,OFFO01,Yes,No,Yes,Investigation,Open
CASE1102,FT00127,2025-08-16,OFFO02,No,No,Yes,Investigation,Open
CASE1103,FT09781,2026-07-04,OFFO03,Yes,No,No,Fined,Closed
CASE1104,FT12814,2025-05-14,OFFO04,No,No,No,Warning,Closed
CASE1105,FT03950,2025-05-16,OFFO05,Yes,No,Yes,Fined,Closed
CASE1106,FT15488,2025-05-26,OFFO06,No,No,Yes,Fined,Closed
CASE1107,FT15369,2026-02-10,OFFO07,No,Yes,No,Fined,Closed
CASE1108,FT19259,2026-01-21,OFFO08,Yes,Yes,No,Fined,Closed
CASE1109,FT13305,2026-01-23,OFFO09,No,No,No,Investigation,Open
CASE1110,FT03245,2026-04-23,OFFO10,No,Yes,Yes,Investigation,Open
CASE1111,FT16543,2026-06-29,OFFO01,No,Yes,No,Fined,Closed
CASE1112,FT10856,2025-05-10,OFFO02,No,No,No,Warning,Closed
CASE1113,FT12032,2025-08-17,OFFO03,No,Yes,Yes,Warning,Closed
CASE1114,FT00275,2026-01-11,OFFO04,Yes,Yes,No,Warning,Closed
CASE1115,FT12091,2025-12-04,OFFO05,Yes,No,No,Warning,Closed
CASE1116,FT16278,2025-08-08,OFFO06,No,No,Yes,Investigation,Open
CASE1117,FT05615,2026-01-02,OFFO07,Yes,No,No,Fined,Closed
CASE1118,FT19471,2026-04-02,OFFO08,No,Yes,No,Fined,Closed
CASE1119,FT15704,2025-04-29,OFFO09,Yes,Yes,No,Investigation,Open
CASE1120,FT18561,2026-04-14,OFFO10,No,Yes,Yes,Fined,Closed
CASE1121,FT06436,2026-05-07,OFFO01,Yes,Yes,No,Warning,Closed
CASE1122,FT01113,2026-03-06,OFFO02,No,No,Yes,Fined,Closed
CASE1123,FT05915,2025-11-05,OFFO03,Yes,No,No,Fined,Closed
CASE1124,FT00080,2025-06-30,OFFO04,Yes,No,No,Investigation,Open
CASE1125,FT10541,2026-07-21,OFFO05,Yes,Yes,No,Warning,Closed
CASE1126,FT04360,2026-04-05,OFFO06,Yes,Yes,Yes,Warning,Closed
CASE1127,FT02948,2026-01-10,OFFO07,No,No,Yes,Investigation,Open
CASE1128,FT15383,2026-03-27,OFFO08,Yes,Yes,Yes,Warning,Closed
CASE1129,FT09855,2026-04-08,OFFO09,Yes,Yes,No,Fined,Closed
CASE1130,FT05661,2025-06-21,OFFO10,Yes,Yes,Yes,Investigation,Open
CASE1131,FT09039,2026-02-18,OFFO01,No,No,No,Investigation,Open
CASE1132,FT03935,2025-10-12,OFFO02,No,Yes,No,Investigation,Open
CASE1133,FT00941,2026-01-04,OFFO03,Yes,Yes,Yes,Investigation,Open
CASE1134,FT12117,2026-04-23,OFFO04,No,Yes,Yes,Fined,Closed
CASE1135,FT10393,2026-03-17,OFFO05,No,Yes,No,Investigation,Open
CASE1136,FT18665,2025-07-16,OFFO06,Yes,Yes,Yes,Investigation,Open
CASE1137,FT00606,2025-09-23,OFFO07,No,No,Yes,Fined,Closed
CASE1138,FT12282,2025-10-29,OFFO08,Yes,No,Yes,Warning,Closed
CASE1139,FT13368,2026-07-09,OFFO09,Yes,Yes,Yes,Warning,Closed
CASE1140,FT07317,2025-10-14,OFFO10,Yes,Yes,No,Investigation,Open
CASE1141,FT15469,2026-03-11,OFFO01,Yes,No,No,Warning,Closed
CASE1142,FT18293,2025-06-11,OFFO02,No,Yes,Yes,Fined,Closed
CASE1143,FT03457,2025-06-22,OFFO03,No,No,No,Warning,Closed
CASE1144,FT11413,2026-07-21,OFFO04,No,Yes,Yes,Warning,Closed
CASE1145,FT11199,2026-05-07,OFFO05,Yes,Yes,No,Fined,Closed
CASE1146,FT12676,2025-07-28,OFFO06,Yes,Yes,Yes,Investigation,Open
CASE1147,FT01373,2025-05-06,OFFO07,No,Yes,Yes,Fined,Closed
CASE1148,FT09763,2026-07-06,OFFO08,No,Yes,Yes,Fined,Closed
CASE1149,FT10170,2025-10-04,OFFO09,No,Yes,No,Fined,Closed
CASE1150,FT03753,2025-11-16,OFFO10,No,No,No,Warning,Closed
CASE1151,FT15429,2025-09-04,OFFO01,Yes,Yes,No,Fined,Closed
CASE1152,FT05685,2025-07-02,OFFO02,No,No,No,Warning,Closed
CASE1153,FT13373,2025-06-28,OFFO03,No,Yes,No,Fined,Closed
CASE1154,FT01669,2026-03-07,OFFO04,Yes,Yes,No,Investigation,Open
CASE1155,FT01491,2025-09-25,OFFO05,Yes,Yes,No,Investigation,Open
CASE1156,FT01249,2025-10-16,OFFO06,Yes,No,Yes,Warning,Closed
CASE1157,FT08283,2025-09-25,OFFO07,Yes,Yes,Yes,Investigation,Open
CASE1158,FT13149,2025-08-07,OFFO08,Yes,No,Yes,Warning,Closed
CASE1159,FT01464,2025-09-20,OFFO09,No,Yes,No,Fined,Closed
CASE1160,FT03410,2025-05-21,OFFO10,Yes,No,Yes,Fined,Closed
CASE1161,FT04335,2026-06-13,OFFO01,No,Yes,Yes,Warning,Closed
CASE1162,FT08287,2026-06-17,OFFO02,No,Yes,No,Investigation,Open
CASE1163,FT02155,2026-02-26,OFFO03,Yes,Yes,No,Warning,Closed
CASE1164,FT06067,2026-01-07,OFFO04,No,No,Yes,Warning,Closed
CASE1165,FT12669,2026-07-11,OFFO05,Yes,No,Yes,Warning,Closed
CASE1166,FT04475,2026-03-28,OFFO06,Yes,No,No,Warning,Closed
CASE1167,FT19335,2025-11-29,OFFO07,No,No,Yes,Fined,Closed
CASE1168,FT05020,2025-06-05,OFFO08,No,Yes,Yes,Fined,Closed
CASE1169,FT19029,2026-02-21,OFFO09,Yes,No,Yes,Warning,Closed
CASE1170,FT03120,2026-04-28,OFFO10,Yes,No,No,Warning,Closed
CASE1171,FT08023,2025-10-07,OFFO01,Yes,No,Yes,Warning,Closed
CASE1172,FT17022,2026-03-06,OFFO02,No,Yes,No,Warning,Closed
CASE1173,FT12635,2025-05-05,OFFO03,Yes,Yes,Yes,Investigation,Open
CASE1174,FT13639,2026-04-30,OFFO04,No,No,No,Fined,Closed
CASE1175,FT01927,2026-02-05,OFFO05,Yes,No,Yes,Warning,Closed
CASE1176,FT12387,2026-03-24,OFFO06,Yes,Yes,No,Warning,Closed
CASE1177,FT06261,2025-09-15,OFFO07,Yes,No,No,Investigation,Open
CASE1178,FT13717,2025-09-07,OFFO08,Yes,Yes,Yes,Investigation,Open
CASE1179,FT12778,2025-05-12,OFFO09,No,Yes,Yes,Warning,Closed
CASE1180,FT10165,2026-05-03,OFFO10,Yes,Yes,Yes,Investigation,Open
CASE1181,FT16913,2025-07-08,OFFO01,No,Yes,No,Warning,Closed
CASE1182,FT14441,2026-02-18,OFFO02,Yes,No,No,Fined,Closed
CASE1183,FT03724,2025-05-14,OFFO03,Yes,Yes,No,Fined,Closed
CASE1184,FT07441,2025-07-29,OFFO04,Yes,No,No,Fined,Closed
CASE1185,FT04904,2026-02-16,OFFO05,Yes,Yes,No,Warning,Closed
CASE1186,FT00492,2025-06-23,OFFO06,No,Yes,Yes,Investigation,Open
CASE1187,FT17750,2026-02-16,OFFO07,Yes,Yes,Yes,Warning,Closed
CASE1188,FT00823,2026-03-17,OFFO08,Yes,No,Yes,Fined,Closed
CASE1189,FT08030,2026-04-24,OFFO09,Yes,No,No,Warning,Closed
CASE1190,FT06151,2025-12-15,OFFO10,No,Yes,No,Warning,Closed
CASE1191,FT12251,2026-05-08,OFFO01,No,Yes,No,Fined,Closed
CASE1192,FT12729,2025-09-22,OFFO02,No,Yes,Yes,Fined,Closed
CASE1193,FT12139,2026-05-27,OFFO03,Yes,No,No,Warning,Closed
CASE1194,FT00179,2025-10-07,OFFO04,No,Yes,Yes,Fined,Closed
CASE1195,FT02118,2026-03-29,OFFO05,No,No,Yes,Investigation,Open
CASE1196,FT14370,2026-01-25,OFFO06,No,Yes,No,Fined,Closed
CASE1197,FT17398,2026-02-12,OFFO07,Yes,No,No,Fined,Closed
CASE1198,FT11244,2025-09-15,OFFO08,No,No,Yes,Fined,Closed
CASE1199,FT12787,2025-10-24,OFFO09,No,Yes,Yes,Investigation,Open
CASE1200,FT15449,2026-06-19,OFFO10,No,Yes,No,Investigation,Open
CASE1201,FT10144,2025-12-20,OFFO01,Yes,Yes,No,Warning,Closed
CASE1202,FT18863,2025-09-21,OFFO02,Yes,Yes,Yes,Fined,Closed
CASE1203,FT19227,2025-07-27,OFFO03,No,Yes,Yes,Warning,Closed
CASE1204,FT14532,2026-07-26,OFFO04,No,No,No,Fined,Closed
CASE1205,FT16672,2026-07-06,OFFO05,Yes,Yes,Yes,Investigation,Open
CASE1206,FT01843,2026-05-18,OFFO06,Yes,No,Yes,Investigation,Open
CASE1207,FT01683,2026-02-11,OFFO07,Yes,Yes,No,Fined,Closed
CASE1208,FT17883,2025-07-12,OFFO08,No,Yes,Yes,Investigation,Open
CASE1209,FT04752,2025-06-24,OFFO09,No,No,No,Investigation,Open
CASE1210,FT06295,2025-09-11,OFFO10,No,Yes,Yes,Fined,Closed
CASE1211,FT10686,2026-05-29,OFFO01,Yes,Yes,Yes,Fined,Closed
CASE1212,FT10815,2025-10-23,OFFO02,Yes,No,Yes,Investigation,Open
CASE1213,FT17937,2026-04-20,OFFO03,Yes,Yes,Yes,Fined,Closed
CASE1214,FT06716,2026-02-07,OFFO04,No,No,No,Fined,Closed
CASE1215,FT08130,2025-04-24,OFFO05,Yes,No,No,Investigation,Open
CASE1216,FT12226,2025-05-08,OFFO06,No,Yes,No,Investigation,Open
CASE1217,FT02748,2025-11-26,OFFO07,Yes,No,No,Investigation,Open
CASE1218,FT03016,2026-03-10,OFFO08,Yes,No,Yes,Fined,Closed
CASE1219,FT00371,2026-04-17,OFFO09,No,Yes,No,Investigation,Open
CASE1220,FT11790,2026-02-18,OFFO10,No,No,Yes,Warning,Closed
CASE1221,FT03111,2025-10-19,OFFO01,Yes,No,Yes,Warning,Closed
CASE1222,FT17314,2025-04-20,OFFO02,No,No,Yes,Investigation,Open
CASE1223,FT03984,2026-05-10,OFFO03,Yes,Yes,No,Fined,Closed
CASE1224,FT08240,2026-05-15,OFFO04,Yes,Yes,Yes,Warning,Closed
CASE1225,FT06788,2025-09-03,OFFO05,No,No,Yes,Investigation,Open
CASE1226,FT02451,2026-02-17,OFFO06,Yes,No,No,Fined,Closed
CASE1227,FT03608,2025-08-20,OFFO07,No,Yes,No,Warning,Closed
CASE1228,FT01981,2026-02-05,OFFO08,Yes,No,Yes,Fined,Closed
CASE1229,FT16726,2025-08-03,OFFO09,Yes,Yes,Yes,Fined,Closed
CASE1230,FT03895,2025-11-06,OFFO10,Yes,No,No,Fined,Closed
CASE1231,FT03189,2025-06-22,OFFO01,No,No,No,Warning,Closed
CASE1232,FT13890,2025-06-24,OFFO02,No,Yes,Yes,Fined,Closed
CASE1233,FT08548,2026-04-10,OFFO03,Yes,Yes,Yes,Investigation,Open
CASE1234,FT00751,2026-06-28,OFFO04,Yes,No,No,Fined,Closed
CASE1235,FT04736,2026-07-13,OFFO05,No,No,No,Investigation,Open
CASE1236,FT07968,2026-01-13,OFFO06,No,Yes,Yes,Investigation,Open
CASE1237,FT04179,2025-08-06,OFFO07,Yes,Yes,No,Investigation,Open
CASE1238,FT03757,2026-05-19,OFFO08,No,No,Yes,Fined,Closed
CASE1239,FT18615,2026-01-03,OFFO09,No,No,Yes,Warning,Closed
CASE1240,FT05148,2026-05-14,OFFO10,Yes,No,Yes,Investigation,Open
CASE1241,FT07818,2026-06-16,OFFO01,No,No,No,Investigation,Open
CASE1242,FT01007,2025-09-01,OFFO02,No,No,Yes,Fined,Closed
CASE1243,FT08654,2026-07-11,OFFO03,No,Yes,No,Investigation,Open
CASE1244,FT08295,2025-05-19,OFFO04,Yes,No,Yes,Warning,Closed
CASE1245,FT13760,2026-07-12,OFFO05,No,Yes,Yes,Warning,Closed
CASE1246,FT14661,2025-04-22,OFFO06,No,Yes,Yes,Investigation,Open
CASE1247,FT04157,2026-05-03,OFFO07,Yes,No,Yes,Fined,Closed
CASE1248,FT05466,2026-02-27,OFFO08,No,Yes,Yes,Fined,Closed
CASE1249,FT10185,2026-06-17,OFFO09,No,Yes,No,Warning,Closed
CASE1250,FT09438,2025-12-23,OFFO10,No,No,No,Warning,Closed
CASE1251,FT12694,2025-05-06,OFFO01,No,No,Yes,Fined,Closed
CASE1252,FT15718,2025-07-16,OFFO02,No,No,Yes,Fined,Closed
CASE1253,FT14428,2026-03-15,OFFO03,Yes,Yes,Yes,Fined,Closed
CASE1254,FT15016,2026-02-04,OFFO04,Yes,No,No,Warning,Closed
CASE1255,FT08774,2026-01-15,OFFO05,Yes,Yes,Yes,Fined,Closed
CASE1256,FT06268,2025-07-12,OFFO06,No,Yes,No,Warning,Closed
CASE1257,FT00598,2025-06-18,OFFO07,Yes,No,No,Investigation,Open
CASE1258,FT01008,2025-10-26,OFFO08,No,Yes,No,Investigation,Open
CASE1259,FT05775,2025-06-17,OFFO09,Yes,No,Yes,Fined,Closed
CASE1260,FT10143,2026-07-08,OFFO10,No,No,No,Fined,Closed
CASE1261,FT06826,2025-10-31,OFFO01,Yes,No,Yes,Investigation,Open
CASE1262,FT15459,2026-07-13,OFFO02,No,Yes,No,Investigation,Open
CASE1263,FT11171,2025-07-12,OFFO03,No,Yes,No,Fined,Closed
CASE1264,FT11830,2026-06-27,OFFO04,Yes,No,No,Investigation,Open
CASE1265,FT11446,2026-01-21,OFFO05,No,No,Yes,Investigation,Open
CASE1266,FT05053,2026-03-17,OFFO06,Yes,No,No,Fined,Closed
CASE1267,FT11239,2026-01-03,OFFO07,Yes,No,Yes,Investigation,Open
CASE1268,FT05496,2026-01-24,OFFO08,No,No,No,Warning,Closed
CASE1269,FT15457,2025-07-15,OFFO09,Yes,No,Yes,Warning,Closed
CASE1270,FT09890,2025-08-13,OFFO10,No,No,Yes,Warning,Closed
CASE1271,FT03192,2025-04-21,OFFO01,Yes,No,No,Warning,Closed
CASE1272,FT08982,2025-09-01,OFFO02,No,No,Yes,Investigation,Open
CASE1273,FT18476,2025-11-30,OFFO03,No,Yes,Yes,Warning,Closed
CASE1274,FT15918,2025-11-28,OFFO04,Yes,No,Yes,Warning,Closed
CASE1275,FT00845,2026-05-17,OFFO05,No,No,No,Investigation,Open
CASE1276,FT14592,2026-04-30,OFFO06,Yes,No,No,Warning,Closed
CASE1277,FT03214,2026-02-24,OFFO07,No,Yes,Yes,Fined,Closed
CASE1278,FT13397,2026-06-13,OFFO08,No,Yes,Yes,Investigation,Open
CASE1279,FT19721,2026-03-26,OFFO09,No,Yes,No,Fined,Closed
CASE1280,FT09482,2025-05-04,OFFO10,No,Yes,No,Fined,Closed
CASE1281,FT06895,2026-07-14,OFFO01,Yes,No,No,Investigation,Open
CASE1282,FT00846,2026-05-01,OFFO02,No,Yes,No,Investigation,Open
CASE1283,FT18753,2026-02-04,OFFO03,Yes,Yes,No,Investigation,Open
CASE1284,FT18124,2025-08-14,OFFO04,Yes,No,Yes,Warning,Closed
CASE1285,FT06846,2025-10-04,OFFO05,No,No,Yes,Investigation,Open
CASE1286,FT14883,2025-08-03,OFFO06,No,No,No,Investigation,Open
CASE1287,FT19143,2025-09-27,OFFO07,No,Yes,No,Fined,Closed
CASE1288,FT03922,2026-04-08,OFFO08,No,No,Yes,Warning,Closed
CASE1289,FT10945,2025-05-17,OFFO09,No,No,Yes,Investigation,Open
CASE1290,FT13120,2026-06-10,OFFO10,Yes,No,No,Fined,Closed
CASE1291,FT06784,2025-06-28,OFFO01,No,No,No,Investigation,Open
CASE1292,FT16266,2025-11-23,OFFO02,No,Yes,No,Investigation,Open
CASE1293,FT11080,2025-07-02,OFFO03,No,Yes,No,Fined,Closed
CASE1294,FT06723,2025-08-07,OFFO04,Yes,No,No,Investigation,Open
CASE1295,FT13869,2026-07-26,OFFO05,No,Yes,Yes,Investigation,Open
CASE1296,FT12206,2025-12-06,OFFO06,Yes,No,No,Warning,Closed
CASE1297,FT16818,2025-10-31,OFFO07,No,Yes,No,Fined,Closed
CASE1298,FT01978,2026-06-18,OFFO08,Yes,Yes,Yes,Fined,Closed
CASE1299,FT18824,2026-06-13,OFFO09,Yes,Yes,Yes,Fined,Closed
CASE1300,FT07190,2025-12-15,OFFO10,No,Yes,No,Investigation,Open
CASE1301,FT11562,2025-09-26,OFFO01,No,No,No,Investigation,Open
CASE1302,FT04918,2025-10-07,OFFO02,No,No,Yes,Fined,Closed
CASE1303,FT07024,2026-02-23,OFFO03,No,Yes,No,Fined,Closed
CASE1304,FT16524,2026-03-18,OFFO04,Yes,Yes,Yes,Fined,Closed
CASE1305,FT14347,2026-03-08,OFFO05,No,No,No,Fined,Closed
CASE1306,FT14935,2025-06-18,OFFO06,Yes,No,Yes,Fined,Closed
CASE1307,FT04187,2025-08-07,OFFO07,No,Yes,Yes,Investigation,Open
CASE1308,FT13216,2026-06-04,OFFO08,Yes,No,Yes,Fined,Closed
CASE1309,FT17056,2026-07-02,OFFO09,No,Yes,No,Warning,Closed
CASE1310,FT17163,2026-02-19,OFFO10,Yes,Yes,No,Fined,Closed
CASE1311,FT05842,2025-07-13,OFFO01,No,Yes,No,Fined,Closed
CASE1312,FT16784,2025-10-13,OFFO02,Yes,No,Yes,Warning,Closed
CASE1313,FT17380,2026-07-01,OFFO03,Yes,Yes,No,Warning,Closed
CASE1314,FT14193,2026-04-26,OFFO04,No,No,No,Investigation,Open
CASE1315,FT07381,2026-02-04,OFFO05,Yes,Yes,No,Investigation,Open
CASE1316,FT17049,2025-08-11,OFFO06,Yes,Yes,No,Warning,Closed
CASE1317,FT19437,2026-07-30,OFFO07,Yes,No,No,Warning,Closed
CASE1318,FT10348,2025-05-05,OFFO08,No,No,Yes,Fined,Closed
CASE1319,FT16156,2025-12-08,OFFO09,Yes,Yes,Yes,Warning,Closed
CASE1320,FT06111,2026-01-06,OFFO10,Yes,Yes,Yes,Fined,Closed
CASE1321,FT07422,2025-07-11,OFFO01,No,Yes,No,Fined,Closed
CASE1322,FT06434,2026-04-09,OFFO02,No,No,Yes,Investigation,Open
CASE1323,FT19437,2025-11-04,OFFO03,No,No,Yes,Warning,Closed
CASE1324,FT04327,2025-10-16,OFFO04,No,Yes,No,Fined,Closed
CASE1325,FT11367,2026-01-09,OFFO05,No,Yes,No,Fined,Closed
CASE1326,FT14514,2026-05-14,OFFO06,Yes,No,Yes,Fined,Closed
CASE1327,FT02324,2026-07-21,OFFO07,No,Yes,Yes,Investigation,Open
CASE1328,FT01877,2025-08-26,OFFO08,Yes,Yes,No,Fined,Closed
CASE1329,FT01598,2026-06-04,OFFO09,Yes,No,No,Fined,Closed
CASE1330,FT03877,2026-02-09,OFFO10,Yes,No,No,Warning,Closed
CASE1331,FT14754,2025-07-20,OFFO01,Yes,No,No,Warning,Closed
CASE1332,FT11566,2025-05-17,OFFO02,Yes,No,Yes,Warning,Closed
CASE1333,FT14181,2025-06-13,OFFO03,No,No,Yes,Fined,Closed
CASE1334,FT07297,2025-09-28,OFFO04,No,No,Yes,Warning,Closed
CASE1335,FT06976,2026-06-21,OFFO05,No,Yes,Yes,Fined,Closed
CASE1336,FT03472,2025-07-08,OFFO06,No,No,Yes,Warning,Closed
CASE1337,FT11808,2026-05-25,OFFO07,Yes,Yes,No,Investigation,Open
CASE1338,FT15102,2025-09-15,OFFO08,No,Yes,Yes,Investigation,Open
CASE1339,FT04007,2026-04-13,OFFO09,Yes,No,Yes,Warning,Closed
CASE1340,FT05249,2025-08-08,OFFO10,Yes,No,Yes,Fined,Closed
CASE1341,FT15063,2026-05-17,OFFO01,No,Yes,No,Warning,Closed
CASE1342,FT06594,2026-02-12,OFFO02,Yes,Yes,Yes,Investigation,Open
CASE1343,FT05620,2026-01-14,OFFO03,No,Yes,Yes,Warning,Closed
CASE1344,FT08848,2025-11-16,OFFO04,No,No,Yes,Investigation,Open
CASE1345,FT11656,2026-02-15,OFFO05,No,Yes,No,Warning,Closed
CASE1346,FT16209,2026-04-23,OFFO06,No,No,Yes,Investigation,Open
CASE1347,FT12545,2026-04-15,OFFO07,No,Yes,No,Warning,Closed
CASE1348,FT19409,2025-06-25,OFFO08,Yes,No,Yes,Investigation,Open
CASE1349,FT18136,2026-02-02,OFFO09,No,No,No,Warning,Closed
CASE1350,FT10668,2025-11-19,OFFO10,Yes,Yes,No,Investigation,Open
CASE1351,FT19898,2026-02-23,OFFO01,Yes,Yes,Yes,Investigation,Open
CASE1352,FT09473,2026-02-11,OFFO02,Yes,No,No,Warning,Closed
CASE1353,FT17097,2025-09-14,OFFO03,Yes,Yes,No,Investigation,Open
CASE1354,FT03447,2025-08-29,OFFO04,Yes,No,No,Fined,Closed
CASE1355,FT01832,2025-11-15,OFFO05,No,No,No,Fined,Closed
CASE1356,FT02123,2025-05-13,OFFO06,No,No,Yes,Warning,Closed
CASE1357,FT01990,2025-05-24,OFFO07,No,Yes,No,Investigation,Open
CASE1358,FT06084,2026-03-13,OFFO08,No,No,Yes,Investigation,Open
CASE1359,FT04789,2026-06-07,OFFO09,No,Yes,Yes,Fined,Closed
CASE1360,FT06722,2025-07-11,OFFO10,Yes,Yes,Yes,Warning,Closed
CASE1361,FT19422,2025-09-20,OFFO01,No,No,Yes,Investigation,Open
CASE1362,FT07981,2025-06-12,OFFO02,Yes,Yes,No,Investigation,Open
CASE1363,FT13741,2025-05-24,OFFO03,Yes,No,No,Investigation,Open
CASE1364,FT06067,2026-01-18,OFFO04,No,Yes,No,Warning,Closed
CASE1365,FT08573,2026-06-25,OFFO05,Yes,Yes,Yes,Investigation,Open
CASE1366,FT14397,2025-05-28,OFFO06,Yes,Yes,Yes,Investigation,Open
CASE1367,FT16711,2026-06-28,OFFO07,Yes,Yes,No,Warning,Closed
CASE1368,FT08941,2026-06-16,OFFO08,No,No,No,Fined,Closed
CASE1369,FT05845,2025-11-02,OFFO09,Yes,No,No,Fined,Closed
CASE1370,FT03751,2025-08-23,OFFO10,Yes,No,No,Warning,Closed
CASE1371,FT17658,2026-04-30,OFFO01,No,Yes,No,Fined,Closed
CASE1372,FT00392,2026-05-08,OFFO02,Yes,No,No,Fined,Closed
CASE1373,FT07577,2026-04-16,OFFO03,Yes,Yes,No,Fined,Closed
CASE1374,FT08556,2025-05-23,OFFO04,Yes,No,Yes,Investigation,Open
CASE1375,FT08060,2025-06-01,OFFO05,Yes,No,No,Warning,Closed
CASE1376,FT18569,2026-03-06,OFFO06,No,Yes,No,Investigation,Open
CASE1377,FT07779,2025-06-21,OFFO07,Yes,No,Yes,Fined,Closed
CASE1378,FT02487,2026-01-02,OFFO08,Yes,Yes,No,Warning,Closed
CASE1379,FT05707,2025-08-06,OFFO09,No,No,No,Warning,Closed
CASE1380,FT12851,2026-01-29,OFFO10,Yes,Yes,No,Warning,Closed
CASE1381,FT04261,2026-01-10,OFFO01,Yes,No,Yes,Fined,Closed
CASE1382,FT13080,2025-04-27,OFFO02,No,No,No,Warning,Closed
CASE1383,FT14544,2026-04-15,OFFO03,No,No,No,Investigation,Open
CASE1384,FT04764,2026-04-02,OFFO04,Yes,No,No,Warning,Closed
CASE1385,FT03292,2026-03-23,OFFO05,Yes,No,Yes,Investigation,Open
CASE1386,FT19089,2025-06-08,OFFO06,No,Yes,No,Fined,Closed
CASE1387,FT10332,2025-10-22,OFFO07,Yes,Yes,Yes,Fined,Closed
CASE1388,FT16327,2025-05-13,OFFO08,No,No,No,Investigation,Open
CASE1389,FT12036,2025-06-26,OFFO09,Yes,No,Yes,Fined,Closed
CASE1390,FT10421,2025-06-28,OFFO10,No,No,No,Warning,Closed
CASE1391,FT02973,2025-08-16,OFFO01,No,No,Yes,Investigation,Open
CASE1392,FT13755,2026-01-22,OFFO02,No,Yes,Yes,Fined,Closed
CASE1393,FT19106,2026-06-13,OFFO03,Yes,No,No,Warning,Closed
CASE1394,FT19089,2026-07-24,OFFO04,No,Yes,Yes,Fined,Closed
CASE1395,FT17192,2026-06-28,OFFO05,No,Yes,No,Warning,Closed
CASE1396,FT00842,2025-09-24,OFFO06,No,Yes,No,Investigation,Open
CASE1397,FT15622,2025-11-09,OFFO07,No,No,No,Warning,Closed
CASE1398,FT09645,2025-06-18,OFFO08,No,No,Yes,Investigation,Open
CASE1399,FT04396,2026-01-19,OFFO09,Yes,No,Yes,Investigation,Open
CASE1400,FT05812,2026-03-24,OFFO10,Yes,Yes,Yes,Investigation,Open
CASE1401,FT10624,2026-06-02,OFFO01,Yes,No,Yes,Fined,Closed
CASE1402,FT18486,2025-11-09,OFFO02,No,No,No,Fined,Closed
CASE1403,FT05172,2025-09-09,OFFO03,Yes,Yes,Yes,Fined,Closed
CASE1404,FT17642,2025-10-04,OFFO04,No,Yes,No,Fined,Closed
CASE1405,FT00168,2025-09-26,OFFO05,Yes,No,No,Fined,Closed
CASE1406,FT01241,2026-06-04,OFFO06,No,Yes,No,Fined,Closed
CASE1407,FT01395,2025-12-25,OFFO07,Yes,Yes,No,Fined,Closed
CASE1408,FT09539,2025-09-17,OFFO08,Yes,Yes,Yes,Investigation,Open
CASE1409,FT00662,2025-10-27,OFFO09,Yes,No,No,Fined,Closed
CASE1410,FT04867,2026-03-14,OFFO10,Yes,No,No,Warning,Closed
CASE1411,FT13529,2026-03-30,OFFO01,No,Yes,Yes,Warning,Closed
CASE1412,FT16777,2025-12-12,OFFO02,No,No,No,Fined,Closed
CASE1413,FT11938,2025-10-30,OFFO03,No,Yes,No,Investigation,Open
CASE1414,FT17968,2026-01-01,OFFO04,Yes,No,Yes,Investigation,Open
CASE1415,FT13740,2025-06-12,OFFO05,No,No,Yes,Fined,Closed
CASE1416,FT17206,2026-05-27,OFFO06,Yes,Yes,No,Investigation,Open
CASE1417,FT17426,2026-06-20,OFFO07,No,Yes,No,Warning,Closed
CASE1418,FT03451,2026-03-26,OFFO08,No,Yes,No,Fined,Closed
CASE1419,FT10757,2026-03-08,OFFO09,Yes,No,No,Investigation,Open
CASE1420,FT14237,2026-07-10,OFFO10,Yes,Yes,Yes,Fined,Closed
CASE1421,FT05499,2025-09-23,OFFO01,No,No,No,Investigation,Open
CASE1422,FT19117,2026-04-03,OFFO02,No,Yes,Yes,Warning,Closed
CASE1423,FT14179,2025-10-25,OFFO03,No,Yes,Yes,Fined,Closed
CASE1424,FT02336,2025-08-02,OFFO04,No,Yes,Yes,Warning,Closed
CASE1425,FT08676,2025-06-28,OFFO05,No,No,Yes,Investigation,Open
CASE1426,FT06679,2025-07-30,OFFO06,Yes,No,Yes,Fined,Closed
CASE1427,FT19794,2026-06-10,OFFO07,Yes,Yes,No,Fined,Closed
CASE1428,FT01874,2025-07-07,OFFO08,No,No,No,Warning,Closed
CASE1429,FT05830,2025-09-28,OFFO09,Yes,No,Yes,Investigation,Open
CASE1430,FT18840,2025-06-24,OFFO10,No,No,Yes,Warning,Closed
CASE1431,FT00421,2026-06-06,OFFO01,No,No,No,Fined,Closed
CASE1432,FT06117,2026-04-22,OFFO02,Yes,No,Yes,Investigation,Open
CASE1433,FT02719,2025-08-02,OFFO03,Yes,No,Yes,Investigation,Open
CASE1434,FT05706,2026-01-18,OFFO04,Yes,No,No,Fined,Closed
CASE1435,FT07380,2025-06-04,OFFO05,Yes,No,Yes,Fined,Closed
CASE1436,FT18972,2025-11-18,OFFO06,No,Yes,No,Investigation,Open
CASE1437,FT17041,2026-02-26,OFFO07,No,Yes,Yes,Warning,Closed
CASE1438,FT14728,2025-10-02,OFFO08,Yes,No,No,Warning,Closed
CASE1439,FT00355,2026-04-01,OFFO09,No,Yes,Yes,Fined,Closed
CASE1440,FT08963,2025-10-02,OFFO10,Yes,Yes,No,Fined,Closed
CASE1441,FT17325,2025-08-18,OFFO01,Yes,Yes,No,Warning,Closed
CASE1442,FT15176,2026-01-24,OFFO02,Yes,No,Yes,Warning,Closed
CASE1443,FT13428,2026-02-11,OFFO03,No,No,Yes,Investigation,Open
CASE1444,FT04325,2025-04-26,OFFO04,Yes,No,Yes,Warning,Closed
CASE1445,FT15585,2025-12-13,OFFO05,Yes,No,No,Investigation,Open
CASE1446,FT05439,2026-04-27,OFFO06,Yes,Yes,No,Warning,Closed
CASE1447,FT11305,2026-07-15,OFFO07,Yes,Yes,No,Fined,Closed
CASE1448,FT12520,2025-07-28,OFFO08,Yes,Yes,No,Warning,Closed
CASE1449,FT05520,2025-07-26,OFFO09,No,Yes,No,Fined,Closed
CASE1450,FT18268,2025-09-09,OFFO10,No,No,No,Fined,Closed
CASE1451,FT16570,2025-06-04,OFFO01,Yes,Yes,No,Fined,Closed
CASE1452,FT12112,2026-05-15,OFFO02,Yes,Yes,Yes,Warning,Closed
CASE1453,FT15342,2025-07-13,OFFO03,Yes,Yes,No,Investigation,Open
CASE1454,FT17237,2026-01-30,OFFO04,No,Yes,No,Fined,Closed
CASE1455,FT08690,2025-10-22,OFFO05,Yes,Yes,No,Investigation,Open
CASE1456,FT08490,2026-03-17,OFFO06,No,No,No,Fined,Closed
CASE1457,FT16465,2026-03-24,OFFO07,Yes,Yes,No,Fined,Closed
CASE1458,FT16199,2026-02-12,OFFO08,Yes,No,No,Warning,Closed
CASE1459,FT07127,2025-05-03,OFFO09,No,No,No,Fined,Closed
CASE1460,FT18809,2025-08-21,OFFO10,No,Yes,Yes,Fined,Closed
CASE1461,FT15709,2026-05-17,OFFO01,No,No,Yes,Investigation,Open
CASE1462,FT13757,2026-01-23,OFFO02,Yes,Yes,No,Fined,Closed
CASE1463,FT06645,2025-07-03,OFFO03,Yes,No,Yes,Warning,Closed
CASE1464,FT09340,2026-05-05,OFFO04,Yes,No,No,Warning,Closed
CASE1465,FT01304,2026-04-07,OFFO05,Yes,No,No,Warning,Closed
CASE1466,FT19013,2026-05-02,OFFO06,No,Yes,Yes,Warning,Closed
CASE1467,FT03630,2025-10-13,OFFO07,Yes,Yes,No,Fined,Closed
CASE1468,FT00459,2026-07-14,OFFO08,No,No,No,Warning,Closed
CASE1469,FT11415,2026-06-30,OFFO09,No,No,No,Fined,Closed
CASE1470,FT03564,2025-10-03,OFFO10,No,No,No,Fined,Closed
CASE1471,FT13222,2026-02-02,OFFO01,Yes,No,No,Fined,Closed
CASE1472,FT03068,2026-02-06,OFFO02,No,No,Yes,Investigation,Open
CASE1473,FT04192,2025-11-12,OFFO03,No,No,Yes,Fined,Closed
CASE1474,FT07971,2025-11-29,OFFO04,Yes,No,Yes,Warning,Closed
CASE1475,FT18648,2025-07-24,OFFO05,Yes,No,No,Investigation,Open
CASE1476,FT03165,2025-08-18,OFFO06,No,No,No,Fined,Closed
CASE1477,FT03242,2026-03-21,OFFO07,Yes,Yes,No,Warning,Closed
CASE1478,FT00312,2026-02-17,OFFO08,Yes,Yes,No,Investigation,Open
CASE1479,FT01806,2025-09-12,OFFO09,Yes,No,No,Warning,Closed
CASE1480,FT16825,2025-06-12,OFFO10,No,Yes,Yes,Warning,Closed
CASE1481,FT01647,2025-12-09,OFFO01,No,Yes,Yes,Warning,Closed
CASE1482,FT11213,2025-05-26,OFFO02,No,No,No,Fined,Closed
CASE1483,FT05493,2025-12-15,OFFO03,Yes,Yes,Yes,Investigation,Open
CASE1484,FT07006,2025-09-23,OFFO04,Yes,Yes,No,Warning,Closed
CASE1485,FT09472,2025-07-31,OFFO05,Yes,No,No,Investigation,Open
CASE1486,FT11936,2025-12-17,OFFO06,No,Yes,Yes,Warning,Closed
CASE1487,FT11118,2025-10-24,OFFO07,No,Yes,No,Warning,Closed
CASE1488,FT09977,2026-07-27,OFFO08,Yes,No,Yes,Warning,Closed
CASE1489,FT06213,2026-05-10,OFFO09,No,No,No,Investigation,Open
CASE1490,FT15047,2025-09-21,OFFO10,No,No,No,Fined,Closed
CASE1491,FT00476,2025-12-14,OFFO01,No,No,No,Investigation,Open
CASE1492,FT12605,2025-09-24,OFFO02,No,No,No,Investigation,Open
CASE1493,FT19021,2026-07-23,OFFO03,Yes,Yes,No,Fined,Closed
CASE1494,FT15377,2026-06-09,OFFO04,Yes,No,No,Warning,Closed
CASE1495,FT02546,2025-07-10,OFFO05,No,Yes,Yes,Fined,Closed
CASE1496,FT18084,2025-08-21,OFFO06,No,Yes,Yes,Fined,Closed
CASE1497,FT05687,2025-12-13,OFFO07,No,No,Yes,Investigation,Open
CASE1498,FT16586,2026-04-13,OFFO08,Yes,Yes,No,Fined,Closed
CASE1499,FT01368,2026-04-17,OFFO09,Yes,No,No,Fined,Closed
CASE1500,FT19980,2025-12-25,OFFO10,Yes,Yes,Yes,Investigation,Open
CASE1501,FT10607,2026-05-22,OFFO01,No,No,No,Warning,Closed
CASE1502,FT15579,2025-12-16,OFFO02,Yes,No,No,Investigation,Open
CASE1503,FT06093,2026-02-03,OFFO03,Yes,No,No,Investigation,Open
CASE1504,FT19766,2025-09-28,OFFO04,No,Yes,Yes,Fined,Closed
CASE1505,FT00586,2026-07-12,OFFO05,Yes,No,No,Fined,Closed
CASE1506,FT00520,2026-03-29,OFFO06,Yes,No,Yes,Fined,Closed
CASE1507,FT07033,2026-07-10,OFFO07,Yes,Yes,Yes,Warning,Closed
CASE1508,FT04618,2026-06-03,OFFO08,Yes,No,No,Warning,Closed
CASE1509,FT15712,2025-07-01,OFFO09,Yes,No,No,Warning,Closed
CASE1510,FT08046,2026-06-30,OFFO10,Yes,Yes,No,Investigation,Open
CASE1511,FT17648,2026-06-14,OFFO01,No,No,Yes,Investigation,Open
CASE1512,FT01092,2025-11-06,OFFO02,Yes,No,Yes,Warning,Closed
CASE1513,FT13602,2026-02-11,OFFO03,No,Yes,Yes,Investigation,Open
CASE1514,FT11510,2026-01-21,OFFO04,Yes,No,No,Warning,Closed
CASE1515,FT05383,2026-03-29,OFFO05,No,No,Yes,Fined,Closed
CASE1516,FT07391,2026-01-13,OFFO06,No,Yes,No,Investigation,Open
CASE1517,FT10810,2026-07-28,OFFO07,Yes,No,Yes,Fined,Closed
CASE1518,FT07712,2026-05-12,OFFO08,No,No,No,Investigation,Open
CASE1519,FT18915,2026-03-26,OFFO09,No,Yes,No,Warning,Closed
CASE1520,FT02409,2025-06-20,OFFO10,Yes,Yes,No,Warning,Closed
CASE1521,FT18892,2026-05-01,OFFO01,Yes,No,Yes,Investigation,Open
CASE1522,FT17003,2025-10-14,OFFO02,No,Yes,No,Investigation,Open
CASE1523,FT14993,2026-04-20,OFFO03,No,Yes,Yes,Fined,Closed
CASE1524,FT00404,2026-05-20,OFFO04,Yes,No,Yes,Fined,Closed
CASE1525,FT05981,2025-07-21,OFFO05,Yes,Yes,Yes,Investigation,Open
CASE1526,FT15988,2025-10-09,OFFO06,No,Yes,No,Fined,Closed
CASE1527,FT04175,2025-07-26,OFFO07,Yes,No,Yes,Fined,Closed
CASE1528,FT05201,2025-08-05,OFFO08,No,Yes,Yes,Investigation,Open
CASE1529,FT09899,2026-03-07,OFFO09,No,Yes,Yes,Fined,Closed
CASE1530,FT04528,2026-07-15,OFFO10,No,No,No,Investigation,Open
CASE1531,FT07259,2025-05-12,OFFO01,Yes,No,No,Warning,Closed
CASE1532,FT02410,2026-03-07,OFFO02,Yes,Yes,No,Investigation,Open
CASE1533,FT00159,2025-09-17,OFFO03,No,Yes,No,Investigation,Open
CASE1534,FT02691,2026-07-16,OFFO04,Yes,No,No,Investigation,Open
CASE1535,FT11244,2025-10-16,OFFO05,Yes,No,No,Fined,Closed
CASE1536,FT13514,2025-06-22,OFFO06,Yes,Yes,Yes,Warning,Closed
CASE1537,FT08681,2026-06-25,OFFO07,No,No,Yes,Fined,Closed
CASE1538,FT00237,2025-12-04,OFFO08,Yes,No,No,Warning,Closed
CASE1539,FT14097,2025-08-22,OFFO09,No,No,Yes,Warning,Closed
CASE1540,FT18829,2026-05-28,OFFO10,No,No,Yes,Fined,Closed
CASE1541,FT08268,2025-05-05,OFFO01,Yes,Yes,Yes,Warning,Closed
CASE1542,FT17343,2026-05-30,OFFO02,Yes,Yes,No,Fined,Closed
CASE1543,FT17336,2026-03-21,OFFO03,Yes,No,No,Warning,Closed
CASE1544,FT02588,2025-10-25,OFFO04,Yes,Yes,No,Fined,Closed
CASE1545,FT17992,2026-04-30,OFFO05,Yes,Yes,No,Fined,Closed
CASE1546,FT01328,2026-07-30,OFFO06,No,No,No,Fined,Closed
CASE1547,FT01014,2025-10-05,OFFO07,Yes,Yes,No,Investigation,Open
CASE1548,FT00905,2025-07-06,OFFO08,No,No,Yes,Investigation,Open
CASE1549,FT16529,2025-10-24,OFFO09,Yes,Yes,No,Fined,Closed
CASE1550,FT16938,2026-06-03,OFFO10,Yes,No,Yes,Warning,Closed
CASE1551,FT10476,2025-09-26,OFFO01,No,Yes,No,Investigation,Open
CASE1552,FT12908,2026-06-19,OFFO02,Yes,Yes,Yes,Fined,Closed
CASE1553,FT01372,2025-12-18,OFFO03,Yes,Yes,No,Warning,Closed
CASE1554,FT02819,2025-08-17,OFFO04,Yes,No,No,Warning,Closed
CASE1555,FT12518,2026-04-06,OFFO05,No,No,Yes,Investigation,Open
CASE1556,FT05214,2025-05-21,OFFO06,No,No,No,Fined,Closed
CASE1557,FT04468,2026-04-04,OFFO07,Yes,Yes,No,Investigation,Open
CASE1558,FT19292,2025-07-28,OFFO08,Yes,Yes,Yes,Warning,Closed
CASE1559,FT01034,2026-04-02,OFFO09,Yes,Yes,No,Warning,Closed
CASE1560,FT07756,2025-05-11,OFFO10,No,Yes,Yes,Warning,Closed
CASE1561,FT01030,2026-07-03,OFFO01,No,Yes,No,Warning,Closed
CASE1562,FT08933,2025-07-06,OFFO02,Yes,No,Yes,Fined,Closed
CASE1563,FT09020,2026-06-17,OFFO03,No,No,Yes,Investigation,Open
CASE1564,FT10876,2026-06-16,OFFO04,No,No,No,Warning,Closed
CASE1565,FT10183,2026-03-12,OFFO05,No,Yes,Yes,Investigation,Open
CASE1566,FT13134,2025-11-29,OFFO06,No,No,Yes,Warning,Closed
CASE1567,FT04612,2026-03-27,OFFO07,Yes,Yes,No,Warning,Closed
CASE1568,FT09310,2025-11-14,OFFO08,Yes,Yes,No,Warning,Closed
CASE1569,FT03854,2025-06-22,OFFO09,Yes,Yes,Yes,Warning,Closed
CASE1570,FT10330,2026-07-09,OFFO10,No,No,No,Fined,Closed
CASE1571,FT09860,2026-02-17,OFFO01,No,No,Yes,Warning,Closed
CASE1572,FT06378,2025-11-26,OFFO02,No,Yes,No,Warning,Closed
CASE1573,FT12682,2026-04-16,OFFO03,No,No,No,Fined,Closed
CASE1574,FT05287,2026-04-19,OFFO04,No,No,Yes,Investigation,Open
CASE1575,FT08268,2026-04-27,OFFO05,No,No,No,Investigation,Open
CASE1576,FT15614,2025-12-25,OFFO06,No,Yes,Yes,Warning,Closed
CASE1577,FT13602,2025-07-13,OFFO07,No,No,No,Investigation,Open
CASE1578,FT06597,2025-12-18,OFFO08,Yes,No,No,Investigation,Open
CASE1579,FT02724,2026-01-04,OFFO09,No,No,No,Investigation,Open
CASE1580,FT17913,2026-06-17,OFFO10,Yes,No,Yes,Fined,Closed
CASE1581,FT01115,2025-05-06,OFFO01,No,No,No,Investigation,Open
CASE1582,FT17460,2025-12-28,OFFO02,Yes,No,Yes,Warning,Closed
CASE1583,FT05923,2025-09-01,OFFO03,No,Yes,No,Investigation,Open
CASE1584,FT09221,2025-11-08,OFFO04,No,Yes,No,Fined,Closed
CASE1585,FT03381,2026-02-14,OFFO05,Yes,No,No,Fined,Closed
CASE1586,FT05638,2026-05-06,OFFO06,Yes,No,No,Investigation,Open
CASE1587,FT14199,2026-06-29,OFFO07,No,No,Yes,Fined,Closed
CASE1588,FT14462,2025-10-14,OFFO08,Yes,Yes,No,Investigation,Open
CASE1589,FT17231,2026-06-22,OFFO09,No,Yes,No,Warning,Closed
CASE1590,FT18563,2025-05-31,OFFO10,Yes,Yes,Yes,Fined,Closed
CASE1591,FT09547,2026-02-19,OFFO01,No,Yes,Yes,Fined,Closed
CASE1592,FT17133,2026-07-05,OFFO02,Yes,Yes,Yes,Investigation,Open
CASE1593,FT11217,2025-05-04,OFFO03,No,No,Yes,Warning,Closed
CASE1594,FT08088,2026-02-19,OFFO04,No,Yes,No,Investigation,Open
CASE1595,FT12606,2025-11-01,OFFO05,Yes,Yes,No,Investigation,Open
CASE1596,FT12735,2026-06-05,OFFO06,No,No,Yes,Warning,Closed
CASE1597,FT03065,2026-01-14,OFFO07,Yes,No,Yes,Warning,Closed
CASE1598,FT00990,2026-06-03,OFFO08,No,No,No,Investigation,Open
CASE1599,FT16903,2025-11-02,OFFO09,No,No,No,Fined,Closed
CASE1600,FT01478,2025-06-14,OFFO10,No,No,Yes,Investigation,Open
CASE1601,FT08803,2025-07-07,OFFO01,Yes,Yes,No,Investigation,Open
CASE1602,FT09939,2026-01-24,OFFO02,No,Yes,No,Fined,Closed
CASE1603,FT05964,2025-08-06,OFFO03,No,No,Yes,Investigation,Open
CASE1604,FT01428,2025-06-14,OFFO04,No,No,Yes,Warning,Closed
CASE1605,FT06780,2026-07-09,OFFO05,Yes,No,No,Investigation,Open
CASE1606,FT08365,2025-12-17,OFFO06,No,No,No,Investigation,Open
CASE1607,FT00758,2025-05-21,OFFO07,Yes,No,No,Fined,Closed
CASE1608,FT17796,2025-07-06,OFFO08,Yes,Yes,No,Fined,Closed
CASE1609,FT01345,2026-03-21,OFFO09,No,Yes,No,Investigation,Open
CASE1610,FT14441,2025-12-18,OFFO10,Yes,Yes,Yes,Warning,Closed
CASE1611,FT00125,2025-08-14,OFFO01,Yes,No,No,Fined,Closed
CASE1612,FT18289,2026-03-30,OFFO02,No,Yes,No,Investigation,Open
CASE1613,FT08084,2026-02-16,OFFO03,No,Yes,Yes,Fined,Closed
CASE1614,FT07346,2026-04-11,OFFO04,No,No,No,Fined,Closed
CASE1615,FT11899,2025-12-06,OFFO05,Yes,Yes,Yes,Warning,Closed
CASE1616,FT19640,2026-05-19,OFFO06,No,Yes,No,Warning,Closed
CASE1617,FT10569,2026-06-15,OFFO07,No,Yes,Yes,Investigation,Open
CASE1618,FT14295,2025-05-11,OFFO08,Yes,Yes,No,Investigation,Open
CASE1619,FT10135,2026-04-13,OFFO09,Yes,Yes,Yes,Fined,Closed
CASE1620,FT17832,2026-02-15,OFFO10,No,Yes,No,Warning,Closed
CASE1621,FT16808,2026-04-18,OFFO01,Yes,Yes,No,Warning,Closed
CASE1622,FT06591,2025-09-17,OFFO02,Yes,Yes,Yes,Warning,Closed
CASE1623,FT05954,2025-07-13,OFFO03,No,No,No,Fined,Closed
CASE1624,FT19721,2025-08-31,OFFO04,Yes,No,No,Warning,Closed
CASE1625,FT19438,2025-09-12,OFFO05,No,No,No,Fined,Closed
CASE1626,FT02053,2025-05-16,OFFO06,Yes,Yes,Yes,Fined,Closed
CASE1627,FT15084,2026-01-26,OFFO07,No,No,Yes,Fined,Closed
CASE1628,FT12796,2025-11-17,OFFO08,No,No,Yes,Investigation,Open
CASE1629,FT12363,2025-12-15,OFFO09,No,Yes,Yes,Investigation,Open
CASE1630,FT16670,2026-03-05,OFFO10,No,Yes,Yes,Warning,Closed
CASE1631,FT13558,2025-12-24,OFFO01,Yes,Yes,No,Warning,Closed
CASE1632,FT00289,2026-01-25,OFFO02,No,No,No,Fined,Closed
CASE1633,FT12976,2026-04-11,OFFO03,Yes,Yes,Yes,Investigation,Open
CASE1634,FT06131,2025-06-09,OFFO04,Yes,Yes,No,Investigation,Open
CASE1635,FT11352,2026-01-09,OFFO05,No,Yes,No,Warning,Closed
CASE1636,FT05012,2025-07-15,OFFO06,No,Yes,Yes,Fined,Closed
CASE1637,FT09050,2025-05-10,OFFO07,Yes,Yes,Yes,Warning,Closed
CASE1638,FT01790,2025-12-05,OFFO08,Yes,No,Yes,Fined,Closed
CASE1639,FT14424,2025-06-21,OFFO09,No,No,No,Fined,Closed
CASE1640,FT10618,2025-12-23,OFFO10,Yes,No,Yes,Warning,Closed
CASE1641,FT06332,2026-05-16,OFFO01,No,No,No,Warning,Closed
CASE1642,FT10032,2026-05-13,OFFO02,Yes,No,No,Fined,Closed
CASE1643,FT07244,2025-08-31,OFFO03,No,Yes,Yes,Investigation,Open
CASE1644,FT19596,2025-11-08,OFFO04,No,Yes,No,Investigation,Open
CASE1645,FT02882,2026-06-12,OFFO05,No,Yes,Yes,Fined,Closed
CASE1646,FT09730,2026-03-24,OFFO06,No,No,Yes,Warning,Closed
CASE1647,FT00556,2025-04-26,OFFO07,Yes,No,No,Fined,Closed
CASE1648,FT08314,2026-03-13,OFFO08,No,Yes,Yes,Investigation,Open
CASE1649,FT01906,2026-03-17,OFFO09,Yes,No,No,Warning,Closed
CASE1650,FT15264,2025-09-27,OFFO10,No,No,Yes,Warning,Closed
CASE1651,FT08958,2026-03-20,OFFO01,Yes,Yes,Yes,Fined,Closed
CASE1652,FT11295,2025-05-10,OFFO02,No,No,No,Fined,Closed
CASE1653,FT12735,2025-04-26,OFFO03,No,Yes,Yes,Fined,Closed
CASE1654,FT07591,2025-10-18,OFFO04,Yes,Yes,No,Fined,Closed
CASE1655,FT15622,2025-09-09,OFFO05,Yes,Yes,Yes,Fined,Closed
CASE1656,FT06033,2025-06-09,OFFO06,Yes,No,Yes,Investigation,Open
CASE1657,FT09094,2025-06-20,OFFO07,Yes,Yes,Yes,Investigation,Open
CASE1658,FT01801,2026-02-09,OFFO08,Yes,No,Yes,Investigation,Open
CASE1659,FT19678,2026-01-23,OFFO09,Yes,Yes,No,Warning,Closed
CASE1660,FT00651,2026-05-29,OFFO10,Yes,No,Yes,Fined,Closed
CASE1661,FT08821,2025-05-30,OFFO01,Yes,Yes,No,Warning,Closed
CASE1662,FT04112,2026-05-14,OFFO02,No,Yes,No,Warning,Closed
CASE1663,FT10354,2025-11-25,OFFO03,Yes,Yes,Yes,Fined,Closed
CASE1664,FT08084,2026-06-10,OFFO04,Yes,No,Yes,Fined,Closed
CASE1665,FT14972,2026-05-02,OFFO05,No,Yes,No,Investigation,Open
CASE1666,FT17772,2026-02-13,OFFO06,Yes,Yes,No,Warning,Closed
CASE1667,FT16453,2026-02-23,OFFO07,Yes,No,Yes,Fined,Closed
CASE1668,FT11341,2026-06-14,OFFO08,No,No,No,Warning,Closed
CASE1669,FT03031,2026-06-13,OFFO09,Yes,Yes,Yes,Fined,Closed
CASE1670,FT07569,2026-01-13,OFFO10,No,Yes,Yes,Investigation,Open
CASE1671,FT04848,2026-05-13,OFFO01,No,No,No,Investigation,Open
CASE1672,FT08067,2026-03-18,OFFO02,No,No,Yes,Fined,Closed
CASE1673,FT14036,2025-08-27,OFFO03,Yes,No,Yes,Fined,Closed
CASE1674,FT04833,2025-11-11,OFFO04,No,No,No,Warning,Closed
CASE1675,FT16165,2025-10-11,OFFO05,Yes,Yes,No,Fined,Closed
CASE1676,FT10113,2026-07-24,OFFO06,Yes,No,Yes,Warning,Closed
CASE1677,FT16968,2026-07-10,OFFO07,Yes,No,No,Investigation,Open
CASE1678,FT16864,2025-04-25,OFFO08,No,Yes,Yes,Fined,Closed
CASE1679,FT10152,2026-05-22,OFFO09,No,Yes,No,Warning,Closed
CASE1680,FT03629,2025-07-26,OFFO10,No,Yes,Yes,Investigation,Open
CASE1681,FT05972,2026-02-28,OFFO01,No,No,Yes,Fined,Closed
CASE1682,FT13450,2026-05-27,OFFO02,No,Yes,Yes,Fined,Closed
CASE1683,FT16249,2026-05-11,OFFO03,Yes,No,No,Warning,Closed
CASE1684,FT16183,2025-10-04,OFFO04,Yes,No,Yes,Fined,Closed
CASE1685,FT17196,2026-07-04,OFFO05,Yes,No,Yes,Fined,Closed
CASE1686,FT06373,2026-02-23,OFFO06,No,Yes,No,Fined,Closed
CASE1687,FT05821,2026-06-20,OFFO07,No,Yes,No,Investigation,Open
CASE1688,FT13339,2026-07-02,OFFO08,No,Yes,No,Fined,Closed
CASE1689,FT14154,2025-04-24,OFFO09,Yes,No,Yes,Fined,Closed
CASE1690,FT03583,2026-02-22,OFFO10,No,Yes,No,Investigation,Open
CASE1691,FT07771,2026-03-12,OFFO01,Yes,Yes,Yes,Warning,Closed
CASE1692,FT16404,2025-07-15,OFFO02,No,Yes,Yes,Warning,Closed
CASE1693,FT11443,2026-02-04,OFFO03,No,Yes,No,Fined,Closed
CASE1694,FT05715,2025-07-22,OFFO04,No,No,Yes,Warning,Closed
CASE1695,FT19225,2026-06-27,OFFO05,No,No,Yes,Fined,Closed
CASE1696,FT13191,2025-10-02,OFFO06,No,Yes,Yes,Investigation,Open
CASE1697,FT15952,2025-07-04,OFFO07,Yes,No,No,Investigation,Open
CASE1698,FT11576,2025-08-11,OFFO08,No,Yes,Yes,Fined,Closed
CASE1699,FT07639,2025-11-02,OFFO09,No,No,Yes,Investigation,Open
CASE1700,FT00063,2025-06-13,OFFO10,Yes,No,No,Fined,Closed
CASE1701,FT06143,2025-08-14,OFFO01,Yes,Yes,No,Warning,Closed
CASE1702,FT05173,2025-11-04,OFFO02,Yes,No,Yes,Fined,Closed
CASE1703,FT14899,2025-10-07,OFFO03,Yes,Yes,No,Fined,Closed
CASE1704,FT14541,2026-03-15,OFFO04,Yes,No,No,Fined,Closed
CASE1705,FT10652,2026-07-22,OFFO05,No,No,No,Investigation,Open
CASE1706,FT13243,2026-03-14,OFFO06,Yes,No,No,Fined,Closed
CASE1707,FT09380,2026-06-04,OFFO07,No,No,Yes,Investigation,Open
CASE1708,FT09418,2025-07-21,OFFO08,Yes,Yes,No,Fined,Closed
CASE1709,FT02953,2025-12-10,OFFO09,No,No,No,Investigation,Open
CASE1710,FT17015,2025-09-02,OFFO10,No,Yes,Yes,Investigation,Open
CASE1711,FT08088,2026-01-21,OFFO01,Yes,No,Yes,Fined,Closed
CASE1712,FT02918,2026-04-24,OFFO02,No,Yes,No,Fined,Closed
CASE1713,FT10263,2025-05-20,OFFO03,Yes,Yes,Yes,Warning,Closed
CASE1714,FT07641,2025-08-09,OFFO04,No,Yes,No,Warning,Closed
CASE1715,FT09549,2025-11-10,OFFO05,Yes,Yes,No,Investigation,Open
CASE1716,FT19475,2026-04-05,OFFO06,No,Yes,Yes,Warning,Closed
CASE1717,FT15715,2025-08-16,OFFO07,Yes,Yes,No,Investigation,Open
CASE1718,FT07232,2026-06-17,OFFO08,Yes,No,Yes,Investigation,Open
CASE1719,FT18667,2025-12-06,OFFO09,Yes,Yes,Yes,Warning,Closed
CASE1720,FT15689,2026-06-17,OFFO10,No,No,Yes,Fined,Closed
CASE1721,FT15157,2026-02-10,OFFO01,No,Yes,Yes,Fined,Closed
CASE1722,FT02327,2025-06-13,OFFO02,Yes,Yes,Yes,Warning,Closed
CASE1723,FT02918,2026-04-03,OFFO03,Yes,Yes,Yes,Investigation,Open
CASE1724,FT08339,2025-09-16,OFFO04,Yes,Yes,No,Investigation,Open
CASE1725,FT15604,2026-01-18,OFFO05,No,Yes,No,Fined,Closed
CASE1726,FT05120,2025-05-23,OFFO06,Yes,Yes,No,Investigation,Open
CASE1727,FT06726,2026-01-17,OFFO07,No,Yes,Yes,Investigation,Open
CASE1728,FT05825,2026-06-08,OFFO08,Yes,No,Yes,Warning,Closed
CASE1729,FT06318,2025-10-30,OFFO09,Yes,No,Yes,Fined,Closed
CASE1730,FT05484,2025-05-09,OFFO10,Yes,No,Yes,Warning,Closed
CASE1731,FT08887,2026-07-05,OFFO01,Yes,No,Yes,Investigation,Open
CASE1732,FT14635,2026-05-25,OFFO02,Yes,Yes,Yes,Investigation,Open
CASE1733,FT16130,2025-11-01,OFFO03,Yes,Yes,Yes,Fined,Closed
CASE1734,FT02743,2025-06-11,OFFO04,Yes,Yes,Yes,Investigation,Open
CASE1735,FT02303,2025-05-03,OFFO05,Yes,Yes,No,Warning,Closed
CASE1736,FT06125,2025-08-15,OFFO06,Yes,No,Yes,Warning,Closed
CASE1737,FT17427,2026-04-27,OFFO07,Yes,No,No,Fined,Closed
CASE1738,FT08268,2026-05-13,OFFO08,No,No,Yes,Warning,Closed
CASE1739,FT10727,2025-08-20,OFFO09,No,No,Yes,Investigation,Open
CASE1740,FT17860,2025-05-24,OFFO10,No,No,Yes,Investigation,Open
CASE1741,FT08860,2026-06-03,OFFO01,Yes,Yes,No,Investigation,Open
CASE1742,FT11449,2025-09-14,OFFO02,No,No,No,Fined,Closed
CASE1743,FT06498,2026-01-02,OFFO03,No,Yes,No,Investigation,Open
CASE1744,FT13181,2025-11-26,OFFO04,Yes,Yes,Yes,Investigation,Open
CASE1745,FT11940,2026-03-13,OFFO05,No,No,No,Investigation,Open
CASE1746,FT11318,2025-10-10,OFFO06,No,Yes,No,Fined,Closed
CASE1747,FT14607,2026-06-23,OFFO07,Yes,Yes,Yes,Fined,Closed
CASE1748,FT03001,2026-04-20,OFFO08,Yes,Yes,Yes,Fined,Closed
CASE1749,FT08963,2025-08-11,OFFO09,Yes,No,No,Warning,Closed
CASE1750,FT07041,2026-03-29,OFFO10,No,Yes,No,Warning,Closed
CASE1751,FT07777,2025-08-22,OFFO01,No,No,Yes,Warning,Closed
CASE1752,FT15688,2025-11-15,OFFO02,No,Yes,Yes,Investigation,Open
CASE1753,FT13394,2025-07-22,OFFO03,Yes,Yes,No,Warning,Closed
CASE1754,FT01961,2026-05-31,OFFO04,No,No,Yes,Fined,Closed
CASE1755,FT00623,2026-04-09,OFFO05,Yes,Yes,Yes,Investigation,Open
CASE1756,FT18581,2025-09-01,OFFO06,Yes,No,No,Investigation,Open
CASE1757,FT07321,2025-07-18,OFFO07,Yes,No,Yes,Fined,Closed
CASE1758,FT06167,2025-12-16,OFFO08,Yes,No,Yes,Investigation,Open
CASE1759,FT18571,2025-11-05,OFFO09,No,No,Yes,Warning,Closed
CASE1760,FT03538,2025-08-22,OFFO10,Yes,Yes,No,Fined,Closed
CASE1761,FT06636,2025-06-17,OFFO01,Yes,No,Yes,Warning,Closed
CASE1762,FT16324,2026-01-08,OFFO02,No,Yes,No,Investigation,Open
CASE1763,FT13085,2025-05-23,OFFO03,No,No,Yes,Fined,Closed
CASE1764,FT01453,2025-09-23,OFFO04,No,Yes,No,Investigation,Open
CASE1765,FT16829,2025-07-06,OFFO05,Yes,Yes,No,Investigation,Open
CASE1766,FT02524,2026-05-24,OFFO06,No,No,No,Fined,Closed
CASE1767,FT00554,2025-08-14,OFFO07,Yes,No,No,Warning,Closed
CASE1768,FT19961,2025-06-29,OFFO08,Yes,No,Yes,Warning,Closed
CASE1769,FT16062,2025-04-29,OFFO09,Yes,No,No,Investigation,Open
CASE1770,FT11610,2026-05-14,OFFO10,No,Yes,No,Warning,Closed
CASE1771,FT08049,2026-03-03,OFFO01,Yes,No,Yes,Warning,Closed
CASE1772,FT01488,2025-04-20,OFFO02,Yes,Yes,No,Investigation,Open
CASE1773,FT18071,2025-05-24,OFFO03,No,No,Yes,Warning,Closed
CASE1774,FT10234,2025-09-08,OFFO04,Yes,Yes,Yes,Fined,Closed
CASE1775,FT17213,2026-06-12,OFFO05,No,No,No,Warning,Closed
CASE1776,FT11507,2025-12-04,OFFO06,Yes,Yes,No,Warning,Closed
CASE1777,FT00364,2026-04-10,OFFO07,No,No,No,Warning,Closed
CASE1778,FT05336,2026-05-28,OFFO08,No,Yes,No,Warning,Closed
CASE1779,FT18733,2025-07-03,OFFO09,No,Yes,No,Investigation,Open
CASE1780,FT15175,2025-10-15,OFFO10,Yes,No,No,Fined,Closed
CASE1781,FT15639,2025-10-03,OFFO01,No,No,No,Fined,Closed
CASE1782,FT07276,2025-05-23,OFFO02,Yes,Yes,No,Fined,Closed
CASE1783,FT07190,2026-03-16,OFFO03,Yes,Yes,No,Investigation,Open
CASE1784,FT04331,2026-03-01,OFFO04,No,No,Yes,Investigation,Open
CASE1785,FT07328,2026-06-23,OFFO05,Yes,Yes,No,Warning,Closed
CASE1786,FT02908,2026-01-29,OFFO06,No,Yes,No,Fined,Closed
CASE1787,FT09937,2025-08-20,OFFO07,No,No,No,Investigation,Open
CASE1788,FT03212,2025-08-06,OFFO08,No,Yes,Yes,Investigation,Open
CASE1789,FT13658,2026-06-14,OFFO09,Yes,Yes,No,Warning,Closed
CASE1790,FT18219,2025-12-05,OFFO10,Yes,No,No,Fined,Closed
CASE1791,FT16710,2026-06-11,OFFO01,Yes,No,Yes,Investigation,Open
CASE1792,FT04872,2026-04-05,OFFO02,No,Yes,Yes,Fined,Closed
CASE1793,FT03749,2026-07-21,OFFO03,No,Yes,No,Warning,Closed
CASE1794,FT05241,2026-01-28,OFFO04,Yes,Yes,No,Investigation,Open
CASE1795,FT09632,2026-04-04,OFFO05,No,No,Yes,Investigation,Open
CASE1796,FT13268,2025-07-02,OFFO06,No,No,Yes,Warning,Closed
CASE1797,FT02848,2025-10-01,OFFO07,Yes,Yes,No,Warning,Closed
CASE1798,FT09112,2026-07-19,OFFO08,No,Yes,No,Warning,Closed
CASE1799,FT19779,2026-07-05,OFFO09,No,Yes,Yes,Investigation,Open
CASE1800,FT07841,2026-03-24,OFFO10,Yes,Yes,Yes,Investigation,Open
CASE1801,FT13245,2026-04-08,OFFO01,No,No,No,Warning,Closed
CASE1802,FT19748,2025-05-21,OFFO02,Yes,Yes,Yes,Fined,Closed
CASE1803,FT03192,2025-10-10,OFFO03,No,Yes,No,Investigation,Open
CASE1804,FT07754,2026-04-05,OFFO04,Yes,No,No,Fined,Closed
CASE1805,FT13882,2026-04-26,OFFO05,No,No,Yes,Warning,Closed
CASE1806,FT01126,2026-06-19,OFFO06,No,No,Yes,Investigation,Open
CASE1807,FT18861,2025-12-11,OFFO07,No,Yes,No,Warning,Closed
CASE1808,FT07534,2025-10-02,OFFO08,No,Yes,No,Warning,Closed
CASE1809,FT06287,2025-05-11,OFFO09,No,No,Yes,Investigation,Open
CASE1810,FT14504,2025-07-12,OFFO10,No,Yes,No,Fined,Closed
CASE1811,FT16259,2025-12-28,OFFO01,No,Yes,Yes,Warning,Closed
CASE1812,FT08834,2025-07-18,OFFO02,No,Yes,No,Warning,Closed
CASE1813,FT09409,2026-07-15,OFFO03,No,Yes,No,Fined,Closed
CASE1814,FT06580,2026-06-06,OFFO04,No,No,No,Fined,Closed
CASE1815,FT05885,2026-05-23,OFFO05,No,No,No,Fined,Closed
CASE1816,FT04852,2026-06-27,OFFO06,No,No,Yes,Warning,Closed
CASE1817,FT04163,2026-04-28,OFFO07,Yes,Yes,No,Investigation,Open
CASE1818,FT04629,2025-06-19,OFFO08,No,Yes,Yes,Fined,Closed
CASE1819,FT05156,2025-11-08,OFFO09,Yes,No,Yes,Warning,Closed
CASE1820,FT10740,2025-12-20,OFFO10,Yes,Yes,Yes,Warning,Closed
CASE1821,FT18395,2025-09-09,OFFO01,No,No,No,Investigation,Open
CASE1822,FT05332,2025-12-24,OFFO02,No,No,No,Fined,Closed
CASE1823,FT16990,2025-06-24,OFFO03,No,No,Yes,Fined,Closed
CASE1824,FT05803,2025-11-16,OFFO04,No,Yes,No,Warning,Closed
CASE1825,FT16523,2025-09-13,OFFO05,Yes,No,No,Fined,Closed
CASE1826,FT12582,2025-07-04,OFFO06,Yes,No,Yes,Warning,Closed
CASE1827,FT02680,2025-07-12,OFFO07,No,Yes,Yes,Warning,Closed
CASE1828,FT10352,2026-04-03,OFFO08,Yes,No,Yes,Investigation,Open
CASE1829,FT19233,2025-12-28,OFFO09,No,Yes,Yes,Warning,Closed
CASE1830,FT01350,2026-07-08,OFFO10,Yes,No,Yes,Warning,Closed
CASE1831,FT08383,2026-02-23,OFFO01,No,Yes,Yes,Investigation,Open
CASE1832,FT06734,2026-03-31,OFFO02,Yes,Yes,No,Investigation,Open
CASE1833,FT07996,2026-06-22,OFFO03,No,No,No,Fined,Closed
CASE1834,FT18047,2026-05-22,OFFO04,No,No,No,Investigation,Open
CASE1835,FT06941,2026-03-27,OFFO05,Yes,No,Yes,Warning,Closed
CASE1836,FT16543,2025-11-18,OFFO06,No,Yes,Yes,Fined,Closed
CASE1837,FT08041,2026-07-22,OFFO07,No,No,Yes,Warning,Closed
CASE1838,FT05139,2025-05-02,OFFO08,No,No,Yes,Warning,Closed
CASE1839,FT01032,2025-05-16,OFFO09,No,No,No,Warning,Closed
CASE1840,FT08435,2026-05-04,OFFO10,No,No,Yes,Fined,Closed
CASE1841,FT12487,2026-05-22,OFFO01,No,Yes,No,Fined,Closed
CASE1842,FT14488,2026-07-13,OFFO02,No,Yes,No,Fined,Closed
CASE1843,FT12904,2025-09-23,OFFO03,Yes,No,No,Fined,Closed
CASE1844,FT10080,2025-05-25,OFFO04,Yes,Yes,Yes,Fined,Closed
CASE1845,FT09895,2025-12-01,OFFO05,No,No,No,Fined,Closed
CASE1846,FT09934,2025-05-26,OFFO06,No,Yes,No,Warning,Closed
CASE1847,FT17295,2025-05-05,OFFO07,Yes,Yes,No,Fined,Closed
CASE1848,FT04679,2025-08-03,OFFO08,Yes,No,No,Warning,Closed
CASE1849,FT13321,2025-12-10,OFFO09,No,No,No,Warning,Closed
CASE1850,FT08975,2025-09-01,OFFO10,Yes,Yes,No,Investigation,Open
CASE1851,FT01824,2026-05-30,OFFO01,No,No,Yes,Fined,Closed
CASE1852,FT09533,2025-04-28,OFFO02,Yes,No,Yes,Fined,Closed
CASE1853,FT00628,2025-08-02,OFFO03,No,Yes,No,Warning,Closed
CASE1854,FT14667,2025-05-09,OFFO04,Yes,Yes,No,Warning,Closed
CASE1855,FT03088,2025-09-17,OFFO05,No,No,Yes,Fined,Closed
CASE1856,FT17640,2026-02-01,OFFO06,No,Yes,Yes,Fined,Closed
CASE1857,FT08750,2026-05-26,OFFO07,Yes,No,No,Investigation,Open
CASE1858,FT10500,2025-11-11,OFFO08,Yes,Yes,Yes,Investigation,Open
CASE1859,FT04247,2025-07-04,OFFO09,Yes,Yes,Yes,Warning,Closed
CASE1860,FT06665,2025-09-27,OFFO10,No,No,No,Investigation,Open
CASE1861,FT17936,2025-05-04,OFFO01,No,Yes,No,Investigation,Open
CASE1862,FT16471,2026-02-14,OFFO02,Yes,Yes,No,Warning,Closed
CASE1863,FT08706,2025-10-15,OFFO03,Yes,No,Yes,Warning,Closed
CASE1864,FT06015,2025-05-18,OFFO04,No,No,Yes,Investigation,Open
CASE1865,FT14586,2025-11-15,OFFO05,Yes,No,No,Warning,Closed
CASE1866,FT09797,2026-05-05,OFFO06,Yes,No,Yes,Warning,Closed
CASE1867,FT09685,2025-12-21,OFFO07,Yes,No,Yes,Warning,Closed
CASE1868,FT19486,2025-11-18,OFFO08,Yes,Yes,No,Warning,Closed
CASE1869,FT10772,2025-05-23,OFFO09,No,Yes,No,Fined,Closed
CASE1870,FT15637,2025-09-18,OFFO10,Yes,No,No,Fined,Closed
CASE1871,FT12816,2026-02-12,OFFO01,No,No,No,Investigation,Open
CASE1872,FT03035,2025-09-06,OFFO02,Yes,Yes,Yes,Warning,Closed
CASE1873,FT13832,2025-05-09,OFFO03,Yes,No,No,Fined,Closed
CASE1874,FT15822,2026-02-23,OFFO04,No,Yes,No,Investigation,Open
CASE1875,FT17945,2026-02-12,OFFO05,No,Yes,Yes,Fined,Closed
CASE1876,FT19085,2025-11-10,OFFO06,Yes,No,No,Warning,Closed
CASE1877,FT17614,2025-11-07,OFFO07,Yes,No,Yes,Fined,Closed
CASE1878,FT00757,2026-02-03,OFFO08,No,No,Yes,Warning,Closed
CASE1879,FT15299,2026-03-05,OFFO09,Yes,No,Yes,Fined,Closed
CASE1880,FT19015,2026-04-12,OFFO10,No,Yes,Yes,Fined,Closed
CASE1881,FT17641,2026-06-24,OFFO01,Yes,Yes,No,Warning,Closed
CASE1882,FT06893,2025-09-21,OFFO02,Yes,No,Yes,Investigation,Open
CASE1883,FT17566,2026-07-14,OFFO03,No,Yes,Yes,Fined,Closed
CASE1884,FT00030,2025-05-11,OFFO04,No,Yes,Yes,Investigation,Open
CASE1885,FT05759,2026-01-25,OFFO05,Yes,No,Yes,Warning,Closed
CASE1886,FT09467,2026-06-15,OFFO06,No,Yes,Yes,Investigation,Open
CASE1887,FT04524,2026-03-16,OFFO07,Yes,No,No,Investigation,Open
CASE1888,FT16052,2025-06-21,OFFO08,No,No,Yes,Investigation,Open
CASE1889,FT17393,2026-05-14,OFFO09,Yes,No,Yes,Investigation,Open
CASE1890,FT07502,2026-07-05,OFFO10,No,No,Yes,Investigation,Open
CASE1891,FT01489,2025-12-06,OFFO01,Yes,No,No,Warning,Closed
CASE1892,FT00166,2025-09-24,OFFO02,No,No,No,Investigation,Open
CASE1893,FT17454,2026-05-07,OFFO03,Yes,No,No,Fined,Closed
CASE1894,FT08823,2026-03-25,OFFO04,Yes,No,Yes,Fined,Closed
CASE1895,FT11007,2025-08-06,OFFO05,No,Yes,Yes,Investigation,Open
CASE1896,FT18731,2026-03-03,OFFO06,Yes,No,Yes,Investigation,Open
CASE1897,FT14128,2025-06-08,OFFO07,No,No,No,Fined,Closed
CASE1898,FT18558,2025-07-31,OFFO08,Yes,Yes,No,Fined,Closed
CASE1899,FT18622,2025-09-23,OFFO09,Yes,Yes,No,Fined,Closed
CASE1900,FT01517,2025-10-06,OFFO10,No,No,Yes,Warning,Closed
CASE1901,FT17006,2026-06-10,OFFO01,No,No,No,Investigation,Open
CASE1902,FT13875,2026-01-21,OFFO02,Yes,Yes,No,Warning,Closed
CASE1903,FT09495,2025-12-18,OFFO03,Yes,No,Yes,Warning,Closed
CASE1904,FT13398,2026-01-01,OFFO04,No,No,No,Investigation,Open
CASE1905,FT04106,2025-08-12,OFFO05,Yes,Yes,Yes,Investigation,Open
CASE1906,FT09471,2025-05-29,OFFO06,Yes,Yes,Yes,Fined,Closed
CASE1907,FT04830,2025-11-09,OFFO07,No,Yes,No,Warning,Closed
CASE1908,FT17656,2025-11-30,OFFO08,No,Yes,No,Warning,Closed
CASE1909,FT19630,2025-05-23,OFFO09,Yes,Yes,No,Investigation,Open
CASE1910,FT10555,2026-07-15,OFFO10,No,No,No,Investigation,Open
CASE1911,FT15415,2026-01-26,OFFO01,Yes,No,Yes,Fined,Closed
CASE1912,FT14985,2026-03-18,OFFO02,Yes,No,No,Investigation,Open
CASE1913,FT13941,2025-10-27,OFFO03,No,No,Yes,Warning,Closed
CASE1914,FT16566,2025-08-17,OFFO04,Yes,Yes,No,Investigation,Open
CASE1915,FT19507,2025-05-19,OFFO05,No,Yes,Yes,Fined,Closed
CASE1916,FT09553,2026-07-08,OFFO06,Yes,No,No,Investigation,Open
CASE1917,FT01946,2026-04-11,OFFO07,Yes,No,Yes,Investigation,Open
CASE1918,FT00328,2026-03-05,OFFO08,No,Yes,No,Warning,Closed
CASE1919,FT19203,2026-02-25,OFFO09,No,Yes,Yes,Warning,Closed
CASE1920,FT03911,2025-08-05,OFFO10,Yes,No,No,Warning,Closed
CASE1921,FT17083,2026-06-04,OFFO01,No,No,Yes,Investigation,Open
CASE1922,FT04352,2026-03-15,OFFO02,No,Yes,Yes,Warning,Closed
CASE1923,FT09613,2025-11-04,OFFO03,No,No,No,Investigation,Open
CASE1924,FT16698,2025-09-26,OFFO04,No,Yes,Yes,Investigation,Open
CASE1925,FT09416,2025-08-03,OFFO05,Yes,No,No,Investigation,Open
CASE1926,FT01827,2026-05-14,OFFO06,Yes,No,No,Warning,Closed
CASE1927,FT04343,2025-06-11,OFFO07,No,Yes,Yes,Investigation,Open
CASE1928,FT02913,2025-05-17,OFFO08,No,Yes,No,Fined,Closed
CASE1929,FT09037,2026-02-06,OFFO09,No,Yes,Yes,Warning,Closed
CASE1930,FT08655,2026-03-28,OFFO10,Yes,Yes,No,Investigation,Open
CASE1931,FT15450,2025-11-25,OFFO01,No,Yes,Yes,Investigation,Open
CASE1932,FT02516,2026-04-16,OFFO02,Yes,Yes,Yes,Investigation,Open
CASE1933,FT02316,2025-05-10,OFFO03,No,Yes,Yes,Investigation,Open
CASE1934,FT05821,2026-01-06,OFFO04,Yes,Yes,No,Warning,Closed
CASE1935,FT04450,2025-10-27,OFFO05,Yes,Yes,Yes,Investigation,Open
CASE1936,FT09272,2025-10-02,OFFO06,No,No,No,Fined,Closed
CASE1937,FT00732,2026-06-02,OFFO07,Yes,Yes,No,Fined,Closed
CASE1938,FT11563,2025-07-27,OFFO08,No,No,Yes,Investigation,Open
CASE1939,FT05804,2026-05-19,OFFO09,Yes,No,No,Fined,Closed
CASE1940,FT03533,2025-12-12,OFFO10,No,No,No,Investigation,Open
CASE1941,FT14181,2026-01-17,OFFO01,Yes,No,Yes,Investigation,Open
CASE1942,FT06743,2025-11-21,OFFO02,No,No,Yes,Investigation,Open
CASE1943,FT05347,2026-03-16,OFFO03,No,No,No,Fined,Closed
CASE1944,FT01039,2025-09-24,OFFO04,No,Yes,Yes,Investigation,Open
CASE1945,FT09257,2025-06-02,OFFO05,Yes,No,No,Investigation,Open
CASE1946,FT13166,2025-08-18,OFFO06,Yes,No,Yes,Fined,Closed
CASE1947,FT00202,2025-10-30,OFFO07,Yes,No,No,Warning,Closed
CASE1948,FT16258,2025-09-09,OFFO08,Yes,Yes,Yes,Warning,Closed
CASE1949,FT10356,2025-11-07,OFFO09,Yes,No,No,Warning,Closed
CASE1950,FT12793,2026-07-06,OFFO10,No,No,Yes,Investigation,Open
CASE1951,FT09900,2026-03-20,OFFO01,Yes,No,No,Fined,Closed
CASE1952,FT19591,2026-01-07,OFFO02,No,No,Yes,Fined,Closed
CASE1953,FT07286,2025-07-20,OFFO03,Yes,No,Yes,Warning,Closed
CASE1954,FT07754,2026-05-24,OFFO04,Yes,No,No,Fined,Closed
CASE1955,FT01329,2026-01-18,OFFO05,Yes,No,Yes,Warning,Closed
CASE1956,FT00477,2025-11-12,OFFO06,Yes,Yes,Yes,Investigation,Open
CASE1957,FT15728,2026-01-03,OFFO07,No,Yes,No,Investigation,Open
CASE1958,FT06748,2025-11-28,OFFO08,No,Yes,No,Warning,Closed
CASE1959,FT02894,2026-03-10,OFFO09,No,Yes,Yes,Investigation,Open
CASE1960,FT19961,2026-02-11,OFFO10,No,Yes,No,Warning,Closed
CASE1961,FT13783,2025-04-21,OFFO01,Yes,No,Yes,Investigation,Open
CASE1962,FT17135,2026-04-14,OFFO02,Yes,Yes,Yes,Fined,Closed
CASE1963,FT04826,2026-05-09,OFFO03,No,No,No,Warning,Closed
CASE1964,FT12414,2026-03-21,OFFO04,Yes,Yes,Yes,Warning,Closed
CASE1965,FT04416,2026-07-13,OFFO05,Yes,No,No,Warning,Closed
CASE1966,FT16293,2026-04-24,OFFO06,Yes,Yes,No,Fined,Closed
CASE1967,FT18207,2026-03-19,OFFO07,No,Yes,No,Fined,Closed
CASE1968,FT04141,2025-10-09,OFFO08,Yes,Yes,No,Fined,Closed
CASE1969,FT04015,2025-10-28,OFFO09,Yes,Yes,Yes,Warning,Closed
CASE1970,FT01573,2025-05-20,OFFO10,No,No,No,Fined,Closed
CASE1971,FT07877,2025-11-13,OFFO01,Yes,No,No,Investigation,Open
CASE1972,FT16109,2025-11-26,OFFO02,No,Yes,Yes,Investigation,Open
CASE1973,FT00084,2025-07-04,OFFO03,Yes,Yes,Yes,Warning,Closed
CASE1974,FT19649,2025-11-01,OFFO04,Yes,No,Yes,Fined,Closed
CASE1975,FT15558,2026-02-12,OFFO05,No,Yes,No,Investigation,Open
CASE1976,FT16533,2026-02-14,OFFO06,Yes,No,Yes,Fined,Closed
CASE1977,FT14380,2025-09-26,OFFO07,No,Yes,Yes,Warning,Closed
CASE1978,FT01565,2025-07-26,OFFO08,Yes,Yes,Yes,Warning,Closed
CASE1979,FT09924,2025-07-17,OFFO09,No,Yes,No,Investigation,Open
CASE1980,FT03029,2026-04-01,OFFO10,Yes,Yes,No,Warning,Closed
CASE1981,FT10064,2025-08-14,OFFO01,Yes,No,No,Fined,Closed
CASE1982,FT10468,2026-01-12,OFFO02,No,Yes,No,Investigation,Open
CASE1983,FT18870,2025-10-17,OFFO03,Yes,Yes,No,Investigation,Open
CASE1984,FT17802,2026-07-05,OFFO04,No,Yes,Yes,Warning,Closed
CASE1985,FT04146,2025-12-16,OFFO05,No,Yes,Yes,Fined,Closed
CASE1986,FT17300,2026-04-28,OFFO06,No,No,Yes,Investigation,Open
CASE1987,FT03469,2025-10-10,OFFO07,Yes,No,No,Investigation,Open
CASE1988,FT14161,2025-07-17,OFFO08,No,Yes,Yes,Warning,Closed
CASE1989,FT19029,2026-02-21,OFFO09,No,Yes,Yes,Warning,Closed
CASE1990,FT11012,2025-05-02,OFFO10,No,No,Yes,Fined,Closed
CASE1991,FT14623,2025-12-06,OFFO01,No,No,No,Fined,Closed
CASE1992,FT09558,2026-03-14,OFFO02,No,No,Yes,Warning,Closed
CASE1993,FT18194,2025-11-04,OFFO03,Yes,Yes,No,Fined,Closed
CASE1994,FT02496,2026-03-06,OFFO04,No,No,Yes,Investigation,Open
CASE1995,FT04798,2026-01-13,OFFO05,Yes,No,No,Fined,Closed
CASE1996,FT16587,2025-09-01,OFFO06,No,Yes,No,Warning,Closed
CASE1997,FT02882,2025-09-04,OFFO07,Yes,No,No,Investigation,Open
CASE1998,FT02839,2025-11-07,OFFO08,Yes,Yes,Yes,Investigation,Open
CASE1999,FT02944,2026-02-01,OFFO09,Yes,No,No,Warning,Closed
CASE2000,FT16371,2026-07-19,OFFO10,No,No,No,Investigation,Open
CASE2001,FT03630,2026-03-12,OFFO01,Yes,Yes,Yes,Fined,Closed
CASE2002,FT13338,2026-01-21,OFFO02,Yes,No,No,Investigation,Open
CASE2003,FT15043,2026-06-14,OFFO03,Yes,Yes,Yes,Warning,Closed
CASE2004,FT05430,2026-01-06,OFFO04,No,Yes,Yes,Fined,Closed
CASE2005,FT06690,2025-05-20,OFFO05,Yes,Yes,No,Fined,Closed
CASE2006,FT17402,2026-03-13,OFFO06,No,Yes,Yes,Warning,Closed
CASE2007,FT18013,2026-06-02,OFFO07,No,Yes,No,Investigation,Open
CASE2008,FT17414,2026-03-03,OFFO08,No,Yes,No,Warning,Closed
CASE2009,FT01233,2026-02-11,OFFO09,No,No,Yes,Warning,Closed
CASE2010,FT00549,2025-08-12,OFFO10,No,No,No,Fined,Closed
CASE2011,FT14087,2026-06-07,OFFO01,Yes,Yes,No,Investigation,Open
CASE2012,FT18978,2025-07-04,OFFO02,Yes,Yes,Yes,Warning,Closed
CASE2013,FT04210,2025-07-28,OFFO03,Yes,No,No,Fined,Closed
CASE2014,FT12270,2025-11-21,OFFO04,Yes,No,Yes,Warning,Closed
CASE2015,FT03003,2025-09-30,OFFO05,No,No,No,Warning,Closed
CASE2016,FT04415,2026-01-21,OFFO06,Yes,No,Yes,Investigation,Open
CASE2017,FT13264,2026-01-17,OFFO07,Yes,Yes,Yes,Investigation,Open
CASE2018,FT15060,2025-06-17,OFFO08,No,Yes,Yes,Warning,Closed
CASE2019,FT04364,2025-12-31,OFFO09,Yes,No,Yes,Investigation,Open
CASE2020,FT12755,2026-02-14,OFFO10,No,No,No,Warning,Closed
CASE2021,FT14734,2026-02-25,OFFO01,Yes,No,No,Fined,Closed
CASE2022,FT06590,2025-12-11,OFFO02,No,Yes,No,Fined,Closed
CASE2023,FT11279,2025-10-23,OFFO03,Yes,Yes,Yes,Warning,Closed
CASE2024,FT18916,2026-02-28,OFFO04,Yes,No,No,Warning,Closed
CASE2025,FT08957,2025-11-24,OFFO05,No,Yes,No,Investigation,Open
CASE2026,FT09524,2025-11-20,OFFO06,No,No,Yes,Investigation,Open
CASE2027,FT08964,2026-04-15,OFFO07,No,Yes,Yes,Warning,Closed
CASE2028,FT08307,2026-03-23,OFFO08,Yes,No,Yes,Warning,Closed
CASE2029,FT19210,2026-03-12,OFFO09,Yes,Yes,No,Fined,Closed
CASE2030,FT16246,2026-05-30,OFFO10,Yes,No,Yes,Warning,Closed
CASE2031,FT04987,2026-07-08,OFFO01,Yes,No,Yes,Warning,Closed
CASE2032,FT17364,2025-07-13,OFFO02,Yes,Yes,No,Warning,Closed
CASE2033,FT17352,2026-06-12,OFFO03,Yes,No,Yes,Investigation,Open
CASE2034,FT05985,2025-06-24,OFFO04,No,Yes,Yes,Fined,Closed
CASE2035,FT16837,2026-02-06,OFFO05,Yes,No,No,Investigation,Open
CASE2036,FT12576,2026-01-14,OFFO06,Yes,No,No,Investigation,Open
CASE2037,FT11262,2025-06-21,OFFO07,No,Yes,No,Fined,Closed
CASE2038,FT09574,2025-05-17,OFFO08,No,No,No,Warning,Closed
CASE2039,FT02955,2025-06-14,OFFO09,No,No,No,Fined,Closed
CASE2040,FT15164,2025-12-04,OFFO10,Yes,No,No,Fined,Closed
CASE2041,FT15526,2026-03-12,OFFO01,No,No,Yes,Fined,Closed
CASE2042,FT06100,2025-06-23,OFFO02,Yes,Yes,Yes,Fined,Closed
CASE2043,FT19867,2025-06-15,OFFO03,No,Yes,No,Fined,Closed
CASE2044,FT10125,2025-07-25,OFFO04,Yes,Yes,Yes,Investigation,Open
CASE2045,FT09785,2026-03-15,OFFO05,Yes,No,Yes,Fined,Closed
CASE2046,FT06388,2025-05-05,OFFO06,Yes,No,Yes,Investigation,Open
CASE2047,FT16671,2026-06-02,OFFO07,No,Yes,Yes,Investigation,Open
CASE2048,FT08846,2026-03-22,OFFO08,Yes,No,Yes,Fined,Closed
CASE2049,FT07642,2026-03-25,OFFO09,No,Yes,No,Fined,Closed
CASE2050,FT11056,2025-08-20,OFFO10,Yes,No,Yes,Investigation,Open
CASE2051,FT17112,2025-06-23,OFFO01,Yes,No,Yes,Fined,Closed
CASE2052,FT03532,2026-03-15,OFFO02,No,Yes,Yes,Warning,Closed
CASE2053,FT03402,2026-01-12,OFFO03,No,No,Yes,Investigation,Open
CASE2054,FT04945,2025-08-13,OFFO04,Yes,Yes,No,Warning,Closed
CASE2055,FT05351,2025-10-13,OFFO05,Yes,No,Yes,Investigation,Open
CASE2056,FT17537,2025-12-04,OFFO06,No,No,No,Fined,Closed
CASE2057,FT16289,2026-07-20,OFFO07,No,Yes,No,Warning,Closed
CASE2058,FT18012,2025-07-17,OFFO08,No,No,Yes,Warning,Closed
CASE2059,FT10262,2025-10-09,OFFO09,No,No,Yes,Warning,Closed
CASE2060,FT16547,2025-06-02,OFFO10,Yes,No,No,Warning,Closed
CASE2061,FT02279,2025-10-28,OFFO01,No,Yes,Yes,Warning,Closed
CASE2062,FT00371,2026-04-17,OFFO02,Yes,Yes,No,Warning,Closed
CASE2063,FT00969,2025-08-31,OFFO03,Yes,Yes,Yes,Investigation,Open
CASE2064,FT19366,2025-10-24,OFFO04,Yes,No,No,Fined,Closed
CASE2065,FT19844,2025-05-26,OFFO05,No,Yes,No,Warning,Closed
CASE2066,FT02909,2026-05-23,OFFO06,No,Yes,No,Investigation,Open
CASE2067,FT09071,2025-05-18,OFFO07,No,No,No,Warning,Closed
CASE2068,FT18572,2025-06-20,OFFO08,Yes,Yes,No,Investigation,Open
CASE2069,FT02618,2025-09-14,OFFO09,Yes,No,Yes,Warning,Closed
CASE2070,FT13331,2025-05-24,OFFO10,No,No,No,Investigation,Open
CASE2071,FT09609,2026-04-26,OFFO01,No,No,No,Investigation,Open
CASE2072,FT11417,2026-07-21,OFFO02,Yes,No,No,Investigation,Open
CASE2073,FT03816,2026-03-07,OFFO03,No,No,No,Fined,Closed
CASE2074,FT00502,2025-05-11,OFFO04,No,Yes,No,Investigation,Open
CASE2075,FT14402,2026-03-26,OFFO05,No,Yes,No,Fined,Closed
CASE2076,FT11580,2026-06-20,OFFO06,No,Yes,No,Investigation,Open
CASE2077,FT08381,2025-09-25,OFFO07,No,Yes,No,Investigation,Open
CASE2078,FT02666,2026-06-15,OFFO08,No,No,Yes,Investigation,Open
CASE2079,FT05874,2026-01-31,OFFO09,No,No,No,Investigation,Open
CASE2080,FT17667,2026-04-01,OFFO10,No,No,Yes,Fined,Closed
CASE2081,FT03152,2026-04-04,OFFO01,Yes,Yes,No,Fined,Closed
CASE2082,FT07834,2025-12-02,OFFO02,Yes,Yes,No,Investigation,Open
CASE2083,FT03962,2026-03-04,OFFO03,Yes,Yes,Yes,Warning,Closed
CASE2084,FT07880,2025-11-19,OFFO04,No,No,No,Investigation,Open
CASE2085,FT02836,2025-10-01,OFFO05,No,No,Yes,Fined,Closed
CASE2086,FT10584,2025-07-09,OFFO06,No,Yes,No,Warning,Closed
CASE2087,FT08844,2025-11-15,OFFO07,Yes,Yes,No,Warning,Closed
CASE2088,FT04783,2025-10-01,OFFO08,Yes,Yes,Yes,Investigation,Open
CASE2089,FT07638,2025-08-14,OFFO09,Yes,No,No,Fined,Closed
CASE2090,FT10552,2025-12-29,OFFO10,No,Yes,No,Investigation,Open
CASE2091,FT08932,2025-09-17,OFFO01,No,No,No,Fined,Closed
CASE2092,FT13033,2025-05-15,OFFO02,No,No,No,Warning,Closed
CASE2093,FT13606,2025-12-03,OFFO03,No,Yes,Yes,Warning,Closed
CASE2094,FT00272,2026-01-08,OFFO04,No,Yes,Yes,Investigation,Open
CASE2095,FT02583,2026-02-21,OFFO05,No,Yes,No,Investigation,Open
CASE2096,FT05421,2026-01-09,OFFO06,No,No,No,Warning,Closed
CASE2097,FT12894,2026-04-03,OFFO07,No,No,No,Warning,Closed
CASE2098,FT19819,2026-06-05,OFFO08,No,No,No,Warning,Closed
CASE2099,FT03589,2026-01-29,OFFO09,No,No,Yes,Fined,Closed
CASE2100,FT05468,2025-10-14,OFFO10,No,No,Yes,Investigation,Open
CASE2101,FT05400,2025-06-15,OFFO01,Yes,No,No,Warning,Closed
CASE2102,FT15994,2025-07-30,OFFO02,No,Yes,Yes,Investigation,Open
CASE2103,FT08485,2025-09-14,OFFO03,No,Yes,Yes,Investigation,Open
CASE2104,FT08581,2026-04-14,OFFO04,No,Yes,No,Warning,Closed
CASE2105,FT06954,2026-07-07,OFFO05,Yes,No,No,Investigation,Open
CASE2106,FT03417,2025-12-27,OFFO06,No,No,Yes,Investigation,Open
CASE2107,FT01781,2025-09-05,OFFO07,No,Yes,No,Warning,Closed
CASE2108,FT07484,2025-12-21,OFFO08,No,No,No,Warning,Closed
CASE2109,FT07598,2026-05-14,OFFO09,No,Yes,No,Investigation,Open
CASE2110,FT13226,2025-12-02,OFFO10,Yes,Yes,Yes,Warning,Closed
CASE2111,FT07320,2025-09-10,OFFO01,No,Yes,No,Investigation,Open
CASE2112,FT12112,2025-04-22,OFFO02,No,No,Yes,Investigation,Open
CASE2113,FT00594,2026-07-05,OFFO03,No,No,No,Warning,Closed
CASE2114,FT06146,2026-01-26,OFFO04,No,Yes,No,Warning,Closed
CASE2115,FT17953,2026-01-18,OFFO05,Yes,No,No,Investigation,Open
CASE2116,FT09639,2026-01-12,OFFO06,Yes,Yes,Yes,Warning,Closed
CASE2117,FT18044,2025-06-08,OFFO07,No,Yes,No,Fined,Closed
CASE2118,FT06762,2026-07-24,OFFO08,No,No,Yes,Investigation,Open
CASE2119,FT12750,2025-09-10,OFFO09,Yes,No,Yes,Investigation,Open
CASE2120,FT07934,2026-04-02,OFFO10,No,No,No,Fined,Closed
CASE2121,FT19070,2025-06-17,OFFO01,No,Yes,No,Warning,Closed
CASE2122,FT12842,2025-11-06,OFFO02,No,No,Yes,Investigation,Open
CASE2123,FT05035,2025-08-14,OFFO03,No,Yes,No,Warning,Closed
CASE2124,FT13112,2026-01-30,OFFO04,Yes,Yes,No,Warning,Closed
CASE2125,FT10965,2025-10-10,OFFO05,Yes,No,Yes,Warning,Closed
CASE2126,FT07207,2025-12-08,OFFO06,Yes,No,Yes,Fined,Closed
CASE2127,FT06655,2025-11-09,OFFO07,Yes,Yes,Yes,Warning,Closed
CASE2128,FT08795,2026-01-25,OFFO08,No,Yes,No,Investigation,Open
CASE2129,FT05668,2025-10-07,OFFO09,No,Yes,No,Fined,Closed
CASE2130,FT09864,2025-07-18,OFFO10,No,Yes,No,Warning,Closed
CASE2131,FT07885,2025-12-27,OFFO01,No,No,Yes,Investigation,Open
CASE2132,FT05152,2025-10-02,OFFO02,Yes,No,No,Investigation,Open
CASE2133,FT18958,2025-11-13,OFFO03,No,Yes,No,Warning,Closed
CASE2134,FT14644,2026-02-14,OFFO04,Yes,No,No,Fined,Closed
CASE2135,FT10316,2025-10-08,OFFO05,No,No,No,Investigation,Open
CASE2136,FT05157,2026-06-05,OFFO06,Yes,Yes,No,Investigation,Open
CASE2137,FT04610,2025-09-03,OFFO07,Yes,No,No,Warning,Closed
CASE2138,FT01971,2026-06-03,OFFO08,Yes,No,Yes,Fined,Closed
CASE2139,FT13159,2025-11-10,OFFO09,No,No,Yes,Warning,Closed
CASE2140,FT09179,2026-05-11,OFFO10,Yes,No,Yes,Investigation,Open
CASE2141,FT09005,2025-08-22,OFFO01,No,No,No,Investigation,Open
CASE2142,FT13689,2026-05-24,OFFO02,No,No,Yes,Investigation,Open
CASE2143,FT14298,2026-04-16,OFFO03,No,Yes,Yes,Warning,Closed
CASE2144,FT09691,2026-04-25,OFFO04,No,Yes,Yes,Fined,Closed
CASE2145,FT07198,2025-08-29,OFFO05,No,Yes,No,Investigation,Open
CASE2146,FT00947,2025-06-16,OFFO06,Yes,Yes,Yes,Warning,Closed
CASE2147,FT19394,2026-06-13,OFFO07,No,No,Yes,Warning,Closed
CASE2148,FT14446,2026-07-21,OFFO08,Yes,Yes,No,Warning,Closed
CASE2149,FT09474,2025-11-12,OFFO09,No,Yes,Yes,Warning,Closed
CASE2150,FT03704,2025-08-18,OFFO10,Yes,Yes,No,Warning,Closed
CASE2151,FT11979,2026-03-19,OFFO01,Yes,Yes,Yes,Warning,Closed
CASE2152,FT17417,2025-11-14,OFFO02,Yes,No,No,Fined,Closed
CASE2153,FT10010,2026-01-20,OFFO03,No,No,No,Warning,Closed
CASE2154,FT05020,2025-05-17,OFFO04,Yes,Yes,No,Fined,Closed
CASE2155,FT02061,2025-06-11,OFFO05,Yes,Yes,No,Warning,Closed
CASE2156,FT17607,2026-07-13,OFFO06,No,Yes,Yes,Warning,Closed
CASE2157,FT05160,2025-05-11,OFFO07,Yes,No,Yes,Fined,Closed
CASE2158,FT09338,2025-07-10,OFFO08,Yes,Yes,No,Investigation,Open
CASE2159,FT16074,2025-12-07,OFFO09,Yes,No,No,Fined,Closed
CASE2160,FT02334,2026-07-06,OFFO10,No,Yes,No,Warning,Closed
CASE2161,FT08609,2026-01-13,OFFO01,No,Yes,No,Fined,Closed
CASE2162,FT17661,2025-10-23,OFFO02,Yes,No,Yes,Investigation,Open
CASE2163,FT08552,2026-04-08,OFFO03,No,Yes,Yes,Warning,Closed
CASE2164,FT16693,2025-12-24,OFFO04,No,No,Yes,Investigation,Open
CASE2165,FT18485,2025-12-31,OFFO05,Yes,Yes,Yes,Fined,Closed
CASE2166,FT11620,2025-09-22,OFFO06,Yes,No,No,Fined,Closed
CASE2167,FT11988,2025-10-05,OFFO07,Yes,No,No,Fined,Closed
CASE2168,FT12980,2025-10-13,OFFO08,Yes,No,Yes,Investigation,Open
CASE2169,FT07552,2025-08-24,OFFO09,Yes,Yes,No,Investigation,Open
CASE2170,FT12547,2025-08-18,OFFO10,Yes,Yes,Yes,Fined,Closed
CASE2171,FT07784,2026-05-16,OFFO01,No,Yes,No,Warning,Closed
CASE2172,FT09489,2025-08-07,OFFO02,Yes,Yes,No,Investigation,Open
CASE2173,FT15678,2025-09-17,OFFO03,No,Yes,Yes,Fined,Closed
CASE2174,FT06142,2026-01-07,OFFO04,Yes,Yes,No,Fined,Closed
CASE2175,FT04534,2026-07-06,OFFO05,No,No,Yes,Investigation,Open
CASE2176,FT09360,2025-12-03,OFFO06,Yes,Yes,No,Warning,Closed
CASE2177,FT09753,2026-07-25,OFFO07,Yes,Yes,Yes,Fined,Closed
CASE2178,FT06506,2025-08-12,OFFO08,Yes,Yes,No,Fined,Closed
CASE2179,FT09667,2025-05-18,OFFO09,No,Yes,Yes,Fined,Closed
CASE2180,FT09489,2026-02-08,OFFO10,Yes,Yes,No,Fined,Closed
CASE2181,FT19476,2026-04-04,OFFO01,No,No,Yes,Investigation,Open
CASE2182,FT12988,2025-12-18,OFFO02,Yes,No,Yes,Warning,Closed
CASE2183,FT09520,2025-07-17,OFFO03,Yes,Yes,No,Warning,Closed
CASE2184,FT13085,2025-06-25,OFFO04,No,No,Yes,Investigation,Open
CASE2185,FT12777,2025-11-22,OFFO05,No,Yes,No,Investigation,Open
CASE2186,FT13219,2025-07-10,OFFO06,Yes,Yes,No,Fined,Closed
CASE2187,FT11993,2026-03-19,OFFO07,Yes,Yes,Yes,Warning,Closed
CASE2188,FT05920,2026-06-01,OFFO08,Yes,Yes,Yes,Fined,Closed
CASE2189,FT00626,2025-10-28,OFFO09,Yes,Yes,Yes,Investigation,Open
CASE2190,FT06045,2026-06-22,OFFO10,Yes,Yes,Yes,Investigation,Open
CASE2191,FT15120,2026-01-19,OFFO01,Yes,Yes,No,Investigation,Open
CASE2192,FT01897,2025-08-18,OFFO02,No,No,No,Investigation,Open
CASE2193,FT12814,2025-11-04,OFFO03,Yes,Yes,Yes,Warning,Closed
CASE2194,FT04069,2025-10-05,OFFO04,Yes,Yes,Yes,Investigation,Open
CASE2195,FT16597,2026-01-19,OFFO05,No,Yes,No,Investigation,Open
CASE2196,FT11268,2026-05-07,OFFO06,Yes,No,Yes,Fined,Closed
CASE2197,FT03986,2026-05-31,OFFO07,Yes,Yes,Yes,Fined,Closed
CASE2198,FT18124,2026-02-14,OFFO08,Yes,No,Yes,Warning,Closed
CASE2199,FT15004,2025-10-11,OFFO09,No,Yes,Yes,Fined,Closed
CASE2200,FT15751,2025-07-05,OFFO10,No,No,No,Warning,Closed
CASE2201,FT07164,2025-11-06,OFFO01,No,Yes,Yes,Fined,Closed
CASE2202,FT18563,2025-07-15,OFFO02,No,No,Yes,Investigation,Open
CASE2203,FT10654,2025-11-20,OFFO03,No,Yes,No,Warning,Closed
CASE2204,FT11593,2026-04-22,OFFO04,Yes,Yes,No,Investigation,Open
CASE2205,FT12959,2026-04-09,OFFO05,No,No,No,Fined,Closed
CASE2206,FT17006,2026-01-28,OFFO06,Yes,Yes,Yes,Fined,Closed
CASE2207,FT12092,2025-10-02,OFFO07,No,No,No,Investigation,Open
CASE2208,FT04059,2025-08-19,OFFO08,Yes,Yes,Yes,Warning,Closed
CASE2209,FT17228,2025-09-10,OFFO09,Yes,No,Yes,Fined,Closed
CASE2210,FT19045,2025-06-01,OFFO10,Yes,Yes,Yes,Warning,Closed
CASE2211,FT03174,2026-03-06,OFFO01,No,Yes,No,Investigation,Open
CASE2212,FT00117,2025-08-06,OFFO02,No,No,No,Fined,Closed
CASE2213,FT01160,2026-01-02,OFFO03,No,No,Yes,Fined,Closed
CASE2214,FT07481,2026-02-16,OFFO04,Yes,No,Yes,Warning,Closed
CASE2215,FT15924,2025-05-12,OFFO05,Yes,No,No,Fined,Closed
CASE2216,FT02306,2025-11-04,OFFO06,Yes,No,Yes,Fined,Closed
CASE2217,FT00926,2025-07-08,OFFO07,Yes,Yes,No,Warning,Closed
CASE2218,FT07470,2025-06-19,OFFO08,No,No,Yes,Investigation,Open
CASE2219,FT09194,2025-10-04,OFFO09,No,No,No,Warning,Closed
CASE2220,FT05472,2026-02-10,OFFO10,No,Yes,No,Warning,Closed
CASE2221,FT09013,2026-05-16,OFFO01,Yes,No,No,Investigation,Open
CASE2222,FT18252,2025-09-30,OFFO02,Yes,Yes,No,Warning,Closed
CASE2223,FT15449,2025-08-11,OFFO03,Yes,No,No,Investigation,Open
CASE2224,FT13356,2026-04-19,OFFO04,Yes,Yes,No,Warning,Closed
CASE2225,FT06698,2026-05-26,OFFO05,No,Yes,Yes,Investigation,Open
CASE2226,FT09666,2026-05-16,OFFO06,Yes,Yes,No,Warning,Closed
CASE2227,FT06108,2025-10-04,OFFO07,Yes,No,No,Fined,Closed
CASE2228,FT00509,2026-03-13,OFFO08,Yes,Yes,No,Investigation,Open
CASE2229,FT08544,2026-06-24,OFFO09,Yes,No,No,Warning,Closed
CASE2230,FT15588,2026-06-10,OFFO10,Yes,Yes,No,Investigation,Open
CASE2231,FT18662,2025-07-16,OFFO01,Yes,Yes,No,Investigation,Open
CASE2232,FT02537,2025-04-24,OFFO02,No,No,No,Warning,Closed
CASE2233,FT16357,2026-04-19,OFFO03,No,Yes,No,Fined,Closed
CASE2234,FT15974,2026-01-04,OFFO04,Yes,Yes,Yes,Investigation,Open
CASE2235,FT06452,2025-07-24,OFFO05,Yes,Yes,Yes,Warning,Closed
CASE2236,FT18343,2025-10-30,OFFO06,Yes,No,Yes,Investigation,Open
CASE2237,FT13654,2025-06-27,OFFO07,No,Yes,No,Fined,Closed
CASE2238,FT18801,2026-04-29,OFFO08,No,No,Yes,Warning,Closed
CASE2239,FT07649,2026-01-08,OFFO09,No,No,Yes,Investigation,Open
CASE2240,FT18291,2025-09-29,OFFO10,No,No,No,Fined,Closed
CASE2241,FT00418,2026-06-03,OFFO01,Yes,Yes,Yes,Investigation,Open
CASE2242,FT03024,2026-01-04,OFFO02,Yes,No,Yes,Investigation,Open
CASE2243,FT15384,2025-09-01,OFFO03,Yes,No,No,Warning,Closed
CASE2244,FT17382,2026-03-20,OFFO04,Yes,Yes,Yes,Warning,Closed
CASE2245,FT07658,2026-03-11,OFFO05,No,Yes,No,Warning,Closed
CASE2246,FT00230,2025-11-27,OFFO06,No,Yes,Yes,Warning,Closed
CASE2247,FT03495,2026-07-28,OFFO07,Yes,No,Yes,Warning,Closed
CASE2248,FT03494,2026-01-10,OFFO08,No,No,No,Warning,Closed
CASE2249,FT17149,2025-07-22,OFFO09,Yes,Yes,No,Warning,Closed
CASE2250,FT15795,2026-05-13,OFFO10,No,No,Yes,Investigation,Open
CASE2251,FT18853,2026-02-10,OFFO01,No,No,Yes,Warning,Closed
CASE2252,FT05269,2025-10-06,OFFO02,Yes,No,No,Investigation,Open
CASE2253,FT10045,2026-04-25,OFFO03,Yes,Yes,No,Fined,Closed
CASE2254,FT03176,2025-06-02,OFFO04,No,Yes,Yes,Warning,Closed
CASE2255,FT00925,2025-11-23,OFFO05,Yes,Yes,No,Fined,Closed
CASE2256,FT16285,2026-01-23,OFFO06,Yes,Yes,No,Warning,Closed
CASE2257,FT03926,2025-11-14,OFFO07,Yes,Yes,No,Warning,Closed
CASE2258,FT13765,2025-04-24,OFFO08,Yes,No,Yes,Warning,Closed
CASE2259,FT13847,2026-05-08,OFFO09,No,No,Yes,Investigation,Open
CASE2260,FT01982,2025-08-30,OFFO10,Yes,No,No,Warning,Closed
CASE2261,FT06514,2026-03-07,OFFO01,No,Yes,No,Warning,Closed
CASE2262,FT03036,2025-07-18,OFFO02,Yes,Yes,Yes,Investigation,Open
CASE2263,FT12594,2025-08-30,OFFO03,No,No,No,Fined,Closed
CASE2264,FT07631,2026-07-10,OFFO04,Yes,No,No,Investigation,Open
CASE2265,FT07848,2026-07-22,OFFO05,No,Yes,No,Warning,Closed
CASE2266,FT12582,2025-09-14,OFFO06,Yes,Yes,Yes,Warning,Closed
CASE2267,FT01809,2025-10-16,OFFO07,No,No,No,Fined,Closed
CASE2268,FT06886,2026-07-15,OFFO08,Yes,No,No,Fined,Closed
CASE2269,FT18993,2025-11-13,OFFO09,No,No,Yes,Warning,Closed
CASE2270,FT09348,2025-05-10,OFFO10,No,Yes,Yes,Investigation,Open
CASE2271,FT14980,2026-07-15,OFFO01,Yes,No,No,Fined,Closed
CASE2272,FT01480,2026-06-27,OFFO02,Yes,No,Yes,Fined,Closed
CASE2273,FT07113,2026-03-18,OFFO03,No,No,Yes,Warning,Closed
CASE2274,FT04510,2026-03-22,OFFO04,No,Yes,No,Warning,Closed
CASE2275,FT10270,2026-04-23,OFFO05,Yes,No,Yes,Investigation,Open
CASE2276,FT08565,2026-06-04,OFFO06,Yes,No,No,Investigation,Open
CASE2277,FT03973,2026-06-23,OFFO07,No,Yes,No,Investigation,Open
CASE2278,FT17927,2025-10-05,OFFO08,Yes,Yes,Yes,Fined,Closed
CASE2279,FT01258,2025-10-31,OFFO09,Yes,Yes,No,Investigation,Open
CASE2280,FT14879,2026-01-11,OFFO10,Yes,Yes,Yes,Warning,Closed
CASE2281,FT16858,2025-04-27,OFFO01,Yes,No,No,Investigation,Open
CASE2282,FT05218,2026-03-31,OFFO02,No,No,Yes,Fined,Closed
CASE2283,FT12440,2025-06-05,OFFO03,No,Yes,No,Investigation,Open
CASE2284,FT11350,2026-02-04,OFFO04,Yes,Yes,Yes,Warning,Closed
CASE2285,FT07918,2025-12-05,OFFO05,Yes,Yes,No,Fined,Closed
CASE2286,FT12183,2026-04-06,OFFO06,No,No,Yes,Fined,Closed
CASE2287,FT00152,2025-09-10,OFFO07,Yes,Yes,Yes,Fined,Closed
CASE2288,FT02596,2025-05-06,OFFO08,Yes,Yes,Yes,Warning,Closed
CASE2289,FT10511,2025-07-07,OFFO09,No,No,No,Fined,Closed
CASE2290,FT05530,2025-07-27,OFFO10,Yes,Yes,No,Investigation,Open
CASE2291,FT03521,2026-01-28,OFFO01,No,No,No,Warning,Closed
CASE2292,FT12813,2026-07-16,OFFO02,Yes,No,Yes,Investigation,Open
CASE2293,FT17613,2026-01-18,OFFO03,Yes,Yes,Yes,Fined,Closed
CASE2294,FT00323,2026-02-28,OFFO04,No,No,No,Warning,Closed
CASE2295,FT14415,2026-03-26,OFFO05,Yes,Yes,Yes,Warning,Closed
CASE2296,FT19011,2026-03-14,OFFO06,No,No,Yes,Investigation,Open
CASE2297,FT09155,2025-09-25,OFFO07,Yes,Yes,No,Warning,Closed
CASE2298,FT00087,2025-07-07,OFFO08,No,No,Yes,Fined,Closed
CASE2299,FT10685,2026-07-22,OFFO09,No,Yes,Yes,Fined,Closed
CASE2300,FT04260,2025-08-27,OFFO10,No,Yes,Yes,Fined,Closed
CASE2301,FT14016,2026-05-25,OFFO01,Yes,Yes,No,Warning,Closed
CASE2302,FT19646,2026-03-12,OFFO02,Yes,Yes,Yes,Warning,Closed
CASE2303,FT08963,2026-01-03,OFFO03,Yes,No,No,Investigation,Open
CASE2304,FT06424,2026-01-23,OFFO04,No,Yes,Yes,Investigation,Open
CASE2305,FT05579,2025-12-21,OFFO05,Yes,Yes,No,Warning,Closed
CASE2306,FT17238,2026-05-31,OFFO06,No,Yes,No,Warning,Closed
CASE2307,FT05012,2025-06-06,OFFO07,No,No,Yes,Warning,Closed
CASE2308,FT13223,2025-04-21,OFFO08,Yes,No,Yes,Warning,Closed
CASE2309,FT19257,2025-05-16,OFFO09,No,Yes,No,Fined,Closed
CASE2310,FT09960,2025-08-17,OFFO10,No,No,Yes,Warning,Closed
CASE2311,FT09976,2026-06-01,OFFO01,No,No,No,Investigation,Open
CASE2312,FT11814,2025-11-30,OFFO02,Yes,No,Yes,Warning,Closed
CASE2313,FT11740,2026-05-03,OFFO03,Yes,Yes,No,Fined,Closed
CASE2314,FT14194,2025-09-07,OFFO04,Yes,No,No,Warning,Closed
CASE2315,FT12103,2025-07-22,OFFO05,No,No,No,Warning,Closed
CASE2316,FT10739,2025-12-23,OFFO06,No,Yes,No,Warning,Closed
CASE2317,FT17912,2025-07-20,OFFO07,Yes,No,Yes,Warning,Closed
CASE2318,FT19693,2025-12-03,OFFO08,Yes,Yes,Yes,Warning,Closed
CASE2319,FT10749,2026-05-28,OFFO09,No,No,Yes,Fined,Closed
CASE2320,FT05373,2026-01-24,OFFO10,No,Yes,Yes,Warning,Closed
CASE2321,FT07113,2026-03-30,OFFO01,Yes,No,Yes,Investigation,Open
CASE2322,FT02597,2025-05-03,OFFO02,Yes,Yes,No,Warning,Closed
CASE2323,FT02104,2025-05-30,OFFO03,No,No,No,Fined,Closed
CASE2324,FT16950,2026-07-09,OFFO04,No,No,Yes,Investigation,Open
CASE2325,FT05017,2026-05-06,OFFO05,Yes,Yes,Yes,Investigation,Open
CASE2326,FT14673,2025-09-15,OFFO06,Yes,Yes,No,Warning,Closed
CASE2327,FT04924,2025-07-24,OFFO07,Yes,No,Yes,Investigation,Open
CASE2328,FT09535,2025-07-31,OFFO08,Yes,Yes,Yes,Warning,Closed
CASE2329,FT18651,2025-06-22,OFFO09,No,No,No,Warning,Closed
CASE2330,FT12532,2025-10-25,OFFO10,No,No,Yes,Investigation,Open
CASE2331,FT19090,2025-08-08,OFFO01,Yes,No,No,Investigation,Open
CASE2332,FT04413,2025-09-05,OFFO02,Yes,Yes,No,Warning,Closed
CASE2333,FT16798,2026-03-19,OFFO03,No,No,No,Investigation,Open
CASE2334,FT13066,2025-11-30,OFFO04,Yes,Yes,Yes,Fined,Closed
CASE2335,FT00111,2025-07-31,OFFO05,Yes,Yes,No,Fined,Closed
CASE2336,FT04384,2025-08-10,OFFO06,No,No,Yes,Investigation,Open
CASE2337,FT12778,2025-05-15,OFFO07,Yes,Yes,No,Fined,Closed
CASE2338,FT00762,2025-10-20,OFFO08,No,Yes,No,Fined,Closed
CASE2339,FT03969,2025-07-24,OFFO09,No,No,Yes,Fined,Closed
CASE2340,FT06992,2026-06-28,OFFO10,Yes,Yes,No,Warning,Closed
CASE2341,FT14833,2025-05-15,OFFO01,No,No,Yes,Warning,Closed
CASE2342,FT12915,2025-12-22,OFFO02,Yes,No,No,Investigation,Open
CASE2343,FT02705,2026-05-04,OFFO03,No,No,No,Fined,Closed
CASE2344,FT07475,2025-07-29,OFFO04,No,No,No,Warning,Closed
CASE2345,FT08454,2025-06-23,OFFO05,No,Yes,No,Warning,Closed
CASE2346,FT00388,2026-05-04,OFFO06,No,Yes,Yes,Investigation,Open
CASE2347,FT16589,2026-02-01,OFFO07,Yes,Yes,No,Investigation,Open
CASE2348,FT08137,2025-11-19,OFFO08,Yes,Yes,Yes,Investigation,Open
CASE2349,FT08835,2025-07-01,OFFO09,Yes,Yes,Yes,Investigation,Open
CASE2350,FT00325,2026-03-02,OFFO10,No,No,No,Warning,Closed
CASE2351,FT19216,2026-05-21,OFFO01,Yes,Yes,Yes,Investigation,Open
CASE2352,FT11887,2025-10-25,OFFO02,Yes,Yes,No,Warning,Closed
CASE2353,FT07430,2025-08-10,OFFO03,Yes,Yes,No,Fined,Closed
CASE2354,FT06188,2025-08-13,OFFO04,Yes,Yes,Yes,Warning,Closed
CASE2355,FT16954,2025-05-20,OFFO05,Yes,No,No,Warning,Closed
CASE2356,FT04122,2025-05-18,OFFO06,No,Yes,Yes,Investigation,Open
CASE2357,FT08053,2026-06-28,OFFO07,No,Yes,No,Fined,Closed
CASE2358,FT03133,2025-08-14,OFFO08,Yes,Yes,Yes,Investigation,Open
CASE2359,FT09067,2025-12-01,OFFO09,No,Yes,No,Warning,Closed
CASE2360,FT10472,2026-01-20,OFFO10,No,No,No,Investigation,Open
CASE2361,FT11590,2025-10-18,OFFO01,No,No,Yes,Warning,Closed
CASE2362,FT19955,2026-01-12,OFFO02,Yes,No,No,Warning,Closed
CASE2363,FT06361,2026-05-05,OFFO03,No,Yes,Yes,Investigation,Open
CASE2364,FT14805,2025-07-17,OFFO04,No,Yes,No,Warning,Closed
CASE2365,FT15310,2026-02-08,OFFO05,Yes,Yes,No,Warning,Closed
CASE2366,FT16098,2026-06-23,OFFO06,Yes,Yes,Yes,Fined,Closed
CASE2367,FT14963,2026-03-09,OFFO07,Yes,Yes,No,Investigation,Open
CASE2368,FT08033,2025-05-13,OFFO08,Yes,Yes,Yes,Fined,Closed
CASE2369,FT18522,2025-05-11,OFFO09,Yes,Yes,No,Fined,Closed
CASE2370,FT00064,2025-06-14,OFFO10,Yes,No,Yes,Fined,Closed
CASE2371,FT12983,2025-07-25,OFFO01,Yes,No,No,Fined,Closed
CASE2372,FT08071,2025-04-23,OFFO02,Yes,Yes,No,Investigation,Open
CASE2373,FT08951,2025-09-30,OFFO03,Yes,No,Yes,Warning,Closed
CASE2374,FT13673,2025-09-03,OFFO04,No,Yes,No,Fined,Closed
CASE2375,FT13628,2026-06-23,OFFO05,Yes,Yes,Yes,Investigation,Open
CASE2376,FT00365,2026-04-11,OFFO06,No,No,No,Warning,Closed
CASE2377,FT01111,2026-02-20,OFFO07,No,Yes,No,Fined,Closed
CASE2378,FT14104,2025-08-12,OFFO08,No,Yes,Yes,Investigation,Open
CASE2379,FT14534,2026-06-26,OFFO09,Yes,No,No,Fined,Closed
CASE2380,FT02430,2025-09-10,OFFO10,No,No,No,Investigation,Open
CASE2381,FT05169,2025-09-13,OFFO01,Yes,Yes,No,Investigation,Open
CASE2382,FT14616,2025-07-05,OFFO02,Yes,No,No,Warning,Closed
CASE2383,FT03304,2025-06-14,OFFO03,No,No,No,Investigation,Open
CASE2384,FT02116,2026-03-16,OFFO04,Yes,No,Yes,Warning,Closed
CASE2385,FT16360,2025-09-27,OFFO05,No,Yes,No,Investigation,Open
CASE2386,FT09518,2026-06-14,OFFO06,Yes,Yes,Yes,Fined,Closed
CASE2387,FT05059,2026-07-17,OFFO07,Yes,No,Yes,Investigation,Open
CASE2388,FT00337,2026-03-14,OFFO08,Yes,No,Yes,Investigation,Open
CASE2389,FT10862,2026-02-24,OFFO09,No,No,Yes,Investigation,Open
CASE2390,FT06329,2026-07-18,OFFO10,No,No,Yes,Fined,Closed
CASE2391,FT08756,2026-03-22,OFFO01,Yes,No,No,Investigation,Open
CASE2392,FT15297,2026-07-27,OFFO02,Yes,Yes,No,Warning,Closed
CASE2393,FT04973,2025-09-30,OFFO03,Yes,No,Yes,Fined,Closed
CASE2394,FT03001,2026-03-02,OFFO04,No,Yes,No,Warning,Closed
CASE2395,FT15787,2026-07-18,OFFO05,Yes,No,Yes,Fined,Closed
CASE2396,FT08171,2026-04-21,OFFO06,Yes,Yes,Yes,Fined,Closed
CASE2397,FT14459,2025-07-22,OFFO07,Yes,Yes,No,Fined,Closed
CASE2398,FT16693,2025-09-03,OFFO08,Yes,No,Yes,Investigation,Open
CASE2399,FT08391,2026-05-31,OFFO09,Yes,Yes,Yes,Investigation,Open
CASE2400,FT14877,2025-06-10,OFFO10,No,No,Yes,Warning,Closed
CASE2401,FT14419,2025-04-29,OFFO01,Yes,Yes,Yes,Warning,Closed
CASE2402,FT16381,2025-10-21,OFFO02,No,Yes,No,Warning,Closed
CASE2403,FT10287,2026-05-24,OFFO03,No,No,Yes,Warning,Closed
CASE2404,FT01631,2025-07-08,OFFO04,Yes,No,Yes,Warning,Closed
CASE2405,FT09786,2025-12-05,OFFO05,Yes,Yes,No,Investigation,Open
CASE2406,FT10659,2025-12-16,OFFO06,No,No,No,Investigation,Open
CASE2407,FT03840,2025-08-09,OFFO07,Yes,Yes,Yes,Fined,Closed
CASE2408,FT03956,2026-07-01,OFFO08,No,No,Yes,Investigation,Open
CASE2409,FT17028,2026-05-26,OFFO09,Yes,No,No,Investigation,Open
CASE2410,FT09345,2026-06-21,OFFO10,No,Yes,Yes,Warning,Closed
CASE2411,FT16298,2025-04-20,OFFO01,Yes,Yes,Yes,Fined,Closed
CASE2412,FT16106,2026-02-19,OFFO02,No,No,No,Fined,Closed
CASE2413,FT12406,2026-02-21,OFFO03,Yes,Yes,Yes,Warning,Closed
CASE2414,FT15119,2025-06-23,OFFO04,No,Yes,No,Fined,Closed
CASE2415,FT17775,2026-07-13,OFFO05,No,No,No,Fined,Closed
CASE2416,FT17089,2025-10-22,OFFO06,Yes,No,Yes,Fined,Closed
CASE2417,FT19951,2025-08-19,OFFO07,Yes,Yes,Yes,Fined,Closed
CASE2418,FT17653,2026-02-18,OFFO08,Yes,Yes,No,Investigation,Open
CASE2419,FT07337,2025-08-15,OFFO09,No,Yes,Yes,Warning,Closed
CASE2420,FT19202,2025-08-11,OFFO10,No,Yes,Yes,Investigation,Open
CASE2421,FT19665,2025-12-19,OFFO01,No,Yes,Yes,Investigation,Open
CASE2422,FT11002,2026-05-20,OFFO02,Yes,No,Yes,Warning,Closed
CASE2423,FT17275,2026-04-25,OFFO03,Yes,Yes,No,Investigation,Open
CASE2424,FT00496,2025-10-31,OFFO04,No,No,Yes,Warning,Closed
CASE2425,FT09910,2025-07-14,OFFO05,Yes,Yes,Yes,Warning,Closed
CASE2426,FT12223,2026-06-06,OFFO06,Yes,Yes,No,Investigation,Open
CASE2427,FT02128,2025-08-26,OFFO07,No,No,No,Warning,Closed
CASE2428,FT09865,2025-09-15,OFFO08,Yes,Yes,No,Fined,Closed
CASE2429,FT01173,2026-05-23,OFFO09,Yes,No,No,Investigation,Open
CASE2430,FT07218,2026-01-23,OFFO10,No,Yes,No,Warning,Closed
CASE2431,FT02973,2025-10-02,OFFO01,No,No,No,Warning,Closed
CASE2432,FT07816,2025-11-21,OFFO02,Yes,Yes,No,Investigation,Open
CASE2433,FT15257,2026-03-16,OFFO03,No,No,No,Fined,Closed
CASE2434,FT06001,2025-08-28,OFFO04,Yes,Yes,Yes,Warning,Closed
CASE2435,FT06026,2025-07-07,OFFO05,No,No,No,Investigation,Open
CASE2436,FT01600,2025-10-28,OFFO06,No,No,No,Investigation,Open
CASE2437,FT17070,2025-04-27,OFFO07,No,Yes,Yes,Warning,Closed
CASE2438,FT03113,2026-03-19,OFFO08,Yes,Yes,Yes,Fined,Closed
CASE2439,FT06197,2026-06-09,OFFO09,No,Yes,No,Warning,Closed
CASE2440,FT17361,2025-11-27,OFFO10,Yes,Yes,Yes,Investigation,Open
CASE2441,FT16550,2026-05-08,OFFO01,No,No,No,Investigation,Open
CASE2442,FT15886,2025-05-12,OFFO02,No,No,Yes,Investigation,Open
CASE2443,FT11558,2025-09-10,OFFO03,No,Yes,Yes,Warning,Closed
CASE2444,FT05088,2025-11-01,OFFO04,Yes,No,No,Investigation,Open
CASE2445,FT14627,2026-04-02,OFFO05,No,No,Yes,Fined,Closed
CASE2446,FT16469,2025-08-23,OFFO06,Yes,Yes,Yes,Investigation,Open
CASE2447,FT12492,2025-05-20,OFFO07,No,Yes,Yes,Investigation,Open
CASE2448,FT09421,2026-02-03,OFFO08,No,No,No,Investigation,Open
CASE2449,FT01546,2025-08-04,OFFO09,Yes,No,Yes,Investigation,Open
CASE2450,FT16220,2025-12-04,OFFO10,Yes,Yes,Yes,Warning,Closed
CASE2451,FT03846,2025-05-14,OFFO01,No,No,No,Fined,Closed
CASE2452,FT08947,2025-08-16,OFFO02,No,Yes,Yes,Investigation,Open
CASE2453,FT12724,2026-04-12,OFFO03,Yes,Yes,Yes,Fined,Closed
CASE2454,FT12809,2026-07-25,OFFO04,No,Yes,Yes,Fined,Closed
CASE2455,FT00319,2026-02-24,OFFO05,No,No,Yes,Warning,Closed
CASE2456,FT08592,2025-12-28,OFFO06,Yes,No,Yes,Fined,Closed
CASE2457,FT12845,2026-01-04,OFFO07,No,Yes,No,Warning,Closed
CASE2458,FT08145,2026-01-10,OFFO08,Yes,Yes,No,Fined,Closed
CASE2459,FT04588,2025-12-24,OFFO09,Yes,Yes,Yes,Warning,Closed
CASE2460,FT06999,2026-02-26,OFFO10,Yes,No,Yes,Investigation,Open
CASE2461,FT14779,2026-01-22,OFFO01,Yes,Yes,No,Fined,Closed
CASE2462,FT09323,2025-06-20,OFFO02,Yes,No,Yes,Warning,Closed
CASE2463,FT09605,2025-11-26,OFFO03,No,Yes,No,Warning,Closed
CASE2464,FT05239,2025-10-28,OFFO04,No,No,Yes,Fined,Closed
CASE2465,FT13186,2026-03-11,OFFO05,No,Yes,No,Warning,Closed
CASE2466,FT09386,2026-04-07,OFFO06,Yes,No,Yes,Fined,Closed
CASE2467,FT02081,2025-06-01,OFFO07,Yes,No,Yes,Investigation,Open
CASE2468,FT04143,2026-05-14,OFFO08,Yes,No,No,Fined,Closed
CASE2469,FT14095,2025-10-07,OFFO09,No,No,No,Investigation,Open
CASE2470,FT03403,2026-07-05,OFFO10,No,Yes,No,Investigation,Open
CASE2471,FT07628,2026-01-12,OFFO01,Yes,Yes,No,Warning,Closed
CASE2472,FT03920,2025-05-30,OFFO02,Yes,No,No,Fined,Closed
CASE2473,FT05070,2025-06-22,OFFO03,Yes,No,No,Investigation,Open
CASE2474,FT00795,2026-06-22,OFFO04,Yes,No,Yes,Fined,Closed
CASE2475,FT17427,2025-06-17,OFFO05,Yes,No,No,Investigation,Open
CASE2476,FT05675,2025-05-18,OFFO06,No,No,Yes,Fined,Closed
CASE2477,FT06413,2025-10-19,OFFO07,No,Yes,Yes,Investigation,Open
CASE2478,FT00295,2026-01-31,OFFO08,No,Yes,No,Warning,Closed
CASE2479,FT05223,2026-04-15,OFFO09,Yes,Yes,No,Fined,Closed
CASE2480,FT03421,2026-01-07,OFFO10,Yes,Yes,No,Investigation,Open
CASE2481,FT10611,2025-08-21,OFFO01,No,No,No,Warning,Closed
CASE2482,FT12189,2025-12-25,OFFO02,Yes,Yes,Yes,Fined,Closed
CASE2483,FT14806,2026-03-02,OFFO03,No,Yes,Yes,Warning,Closed
CASE2484,FT02848,2026-07-30,OFFO04,No,No,No,Fined,Closed
CASE2485,FT13635,2025-09-08,OFFO05,No,Yes,No,Investigation,Open
CASE2486,FT10007,2025-09-28,OFFO06,No,No,No,Warning,Closed
CASE2487,FT11049,2025-06-11,OFFO07,Yes,Yes,Yes,Fined,Closed
CASE2488,FT13870,2025-09-21,OFFO08,No,Yes,Yes,Investigation,Open
CASE2489,FT02238,2025-05-16,OFFO09,No,Yes,No,Warning,Closed
CASE2490,FT00310,2026-02-15,OFFO10,No,Yes,No,Investigation,Open
CASE2491,FT16375,2025-08-29,OFFO01,Yes,No,Yes,Fined,Closed
CASE2492,FT13294,2026-03-26,OFFO02,Yes,No,No,Warning,Closed
CASE2493,FT00971,2025-05-02,OFFO03,Yes,No,No,Fined,Closed
CASE2494,FT13134,2025-09-02,OFFO04,Yes,No,Yes,Investigation,Open
CASE2495,FT15357,2025-09-14,OFFO05,Yes,No,Yes,Investigation,Open
CASE2496,FT01615,2025-08-08,OFFO06,Yes,No,No,Fined,Closed
CASE2497,FT02453,2025-12-08,OFFO07,No,Yes,Yes,Warning,Closed
CASE2498,FT00557,2026-04-22,OFFO08,Yes,Yes,No,Investigation,Open
CASE2499,FT16975,2026-02-18,OFFO09,Yes,Yes,No,Fined,Closed
CASE2500,FT01471,2026-03-16,OFFO10,Yes,No,No,Warning,Closed
