INT0001,FT15152,Environmental monitoring,Medium,Same Location,Unknown offender
INT0002,FT15782,Anonymous report,Low,Waste Pattern,Blank
INT0003,FT19572,Police partner,High,Same Location,Unknown offender
INT0004,FT11576,Enforcement officer,Low,Vehicle,None
INT0005,FT06936,CCTV,Low,Similar dates,None
INT0006,FT19996,Environmental monitoring,High,Similar dates,None
INT0007,FT11753,Police partner,Medium,Vehicle,None
INT0008,FT12214,Enforcement officer,Medium,Waste Pattern,Unknown offender
INT0009,FT17975,Police partner,Medium,Waste Pattern,Unknown offender
INT0010,FT00979,Waste contractor,High,Vehicle,None
INT0011,FT08903,Enforcement officer,Low,Waste Pattern,Blank
INT0012,FT14436,Resident,High,Waste Pattern,Unknown offender
INT0013,FT17196,Enforcement officer,High,Similar dates,None
INT0014,FT12307,Council officer,Low,Waste Pattern,Unknown offender
INT0015,FT06701,Waste contractor,High,Similar dates,None
INT0016,FT15458,Council officer,Low,Waste Pattern,Unknown offender
INT0017,FT10133,Resident,High,Same Location,Unknown offender
INT0018,FT14401,CCTV,Medium,Vehicle,None
INT0019,FT13660,Enforcement officer,Low,Similar dates,None
INT0020,FT17350,Police partner,High,Same Location,Unknown offender
INT0021,FT14480,Resident,High,Similar dates,None
INT0022,FT04904,Police partner,High,Same Location,Blank
INT0023,FT17573,Waste contractor,High,Vehicle,None
INT0024,FT06253,Police partner,High,Same Location,Blank
INT0025,FT04621,CCTV,Medium,Waste Pattern,Unknown offender
INT0026,FT09752,CCTV,Medium,Same Location,Blank
INT0027,FT09562,Anonymous report,Medium,Similar dates,None
INT0028,FT19859,Enforcement officer,Medium,Similar dates,None
INT0029,FT19149,Enforcement officer,Medium,Waste Pattern,Blank
INT0030,FT17204,Enforcement officer,High,Same Location,Unknown offender
INT0031,FT10382,Environmental monitoring,High,Vehicle,None
INT0032,FT10898,Police partner,Medium,Vehicle,None
INT0033,FT18423,Council officer,High,Similar dates,None
INT0034,FT13514,Resident,Medium,Waste Pattern,Unknown offender
INT0035,FT18256,Police partner,Low,Same Location,Blank
INT0036,FT12115,Enforcement officer,Low,Similar dates,None
INT0037,FT10168,Police partner,Medium,Vehicle,None
INT0038,FT12598,Police partner,High,Same Location,Unknown offender
INT0039,FT05166,Anonymous report,Low,Waste Pattern,Unknown offender
INT0040,FT05068,Council officer,Low,Same Location,Blank
INT0041,FT13031,Resident,High,Vehicle,None
INT0042,FT09536,Waste contractor,Low,Vehicle,None
INT0043,FT06611,Resident,High,Similar dates,None
INT0044,FT13651,Police partner,High,Same Location,Blank
INT0045,FT19305,Police partner,High,Similar dates,None
INT0046,FT10936,Resident,High,Similar dates,None
INT0047,FT03989,Resident,Low,Same Location,Blank
INT0048,FT17687,Anonymous report,High,Waste Pattern,Blank
INT0049,FT09682,Environmental monitoring,Medium,Similar dates,None
INT0050,FT17347,Police partner,Low,Same Location,Unknown offender
INT0051,FT09388,Police partner,Low,Waste Pattern,Blank
INT0052,FT04465,Enforcement officer,Low,Vehicle,No Registration
INT0053,FT07286,Waste contractor,Medium,Waste Pattern,Unknown offender
INT0054,FT10674,Police partner,High,Same Location,Unknown offender
INT0055,FT04171,Police partner,High,Waste Pattern,Blank
INT0056,FT04962,Police partner,Medium,Same Location,Unknown offender
INT0057,FT06283,Anonymous report,Medium,Similar dates,None
INT0058,FT18441,Police partner,Low,Waste Pattern,Blank
INT0059,FT19269,Police partner,Medium,Same Location,Blank
INT0060,FT17017,Anonymous report,High,Waste Pattern,Unknown offender
INT0061,FT09084,CCTV,Medium,Same Location,Blank
INT0062,FT08103,Police partner,High,Vehicle,None
INT0063,FT10366,Waste contractor,Medium,Same Location,Unknown offender
INT0064,FT01595,Council officer,Low,Similar dates,None
INT0065,FT19820,Resident,High,Similar dates,None
INT0066,FT12027,Council officer,High,Similar dates,None
INT0067,FT06570,Resident,High,Vehicle,No Registration
INT0068,FT04213,CCTV,Medium,Similar dates,None
INT0069,FT14801,Environmental monitoring,Low,Vehicle,No Registration
INT0070,FT01626,Environmental monitoring,Low,Vehicle,No Registration
INT0071,FT08451,Environmental monitoring,Low,Similar dates,None
INT0072,FT15768,Waste contractor,Low,Waste Pattern,Blank
INT0073,FT00746,Council officer,High,Same Location,Blank
INT0074,FT04359,Enforcement officer,High,Same Location,Unknown offender
INT0075,FT14358,Resident,Medium,Vehicle,None
INT0076,FT19328,Waste contractor,Medium,Waste Pattern,Unknown offender
INT0077,FT05794,Resident,High,Vehicle,None
INT0078,FT13338,Enforcement officer,Medium,Vehicle,None
INT0079,FT05818,Waste contractor,High,Similar dates,None
INT0080,FT16408,CCTV,High,Waste Pattern,Unknown offender
INT0081,FT11956,Anonymous report,High,Same Location,Unknown offender
INT0082,FT13506,Enforcement officer,High,Vehicle,None
INT0083,FT08187,Anonymous report,Medium,Waste Pattern,Blank
INT0084,FT00996,Police partner,Low,Same Location,Blank
INT0085,FT08353,CCTV,Medium,Similar dates,None
INT0086,FT02618,Environmental monitoring,Medium,Waste Pattern,Unknown offender
INT0087,FT10301,Waste contractor,Low,Same Location,Blank
INT0088,FT14508,CCTV,Medium,Waste Pattern,Unknown offender
INT0089,FT16610,Resident,High,Similar dates,None
INT0090,FT08927,Council officer,Medium,Waste Pattern,Blank
INT0091,FT06426,Council officer,High,Waste Pattern,Blank
INT0092,FT07682,Waste contractor,Medium,Same Location,Unknown offender
INT0093,FT02233,Waste contractor,Low,Waste Pattern,Blank
INT0094,FT01337,Environmental monitoring,Medium,Same Location,Blank
INT0095,FT18762,Resident,Low,Waste Pattern,Unknown offender
INT0096,FT14233,Waste contractor,High,Vehicle,None
INT0097,FT04191,Waste contractor,High,Similar dates,None
INT0098,FT05346,CCTV,High,Vehicle,No Registration
INT0099,FT18804,Anonymous report,High,Similar dates,None
INT0100,FT01888,Resident,High,Same Location,Unknown offender
INT0101,FT16383,Environmental monitoring,Medium,Vehicle,None
INT0102,FT17086,CCTV,High,Vehicle,None
INT0103,FT04583,Council officer,Medium,Vehicle,No Registration
INT0104,FT19849,CCTV,High,Similar dates,None
INT0105,FT06629,Anonymous report,Low,Vehicle,No Registration
INT0106,FT14430,Resident,Low,Waste Pattern,Blank
INT0107,FT03292,Anonymous report,High,Waste Pattern,Blank
INT0108,FT07114,Police partner,Medium,Similar dates,None
INT0109,FT01198,CCTV,Low,Waste Pattern,Blank
INT0110,FT11800,Police partner,Medium,Vehicle,None
INT0111,FT07274,Enforcement officer,Low,Same Location,Blank
INT0112,FT03110,Enforcement officer,High,Vehicle,No Registration
INT0113,FT06640,Council officer,High,Same Location,Unknown offender
INT0114,FT05722,Enforcement officer,Medium,Waste Pattern,Unknown offender
INT0115,FT11592,Waste contractor,Low,Vehicle,None
INT0116,FT19297,Waste contractor,Medium,Waste Pattern,Blank
INT0117,FT14629,Environmental monitoring,High,Same Location,Unknown offender
INT0118,FT01871,Enforcement officer,Low,Similar dates,None
INT0119,FT02973,Anonymous report,High,Vehicle,No Registration
INT0120,FT08147,CCTV,Medium,Same Location,Blank
INT0121,FT17940,Enforcement officer,High,Similar dates,None
INT0122,FT04837,Council officer,High,Vehicle,No Registration
INT0123,FT13096,Police partner,High,Similar dates,None
INT0124,FT16674,Enforcement officer,Medium,Same Location,Unknown offender
INT0125,FT16887,Waste contractor,Medium,Waste Pattern,Unknown offender
INT0126,FT15300,CCTV,Low,Same Location,Unknown offender
INT0127,FT12288,Resident,Low,Similar dates,None
INT0128,FT16603,Council officer,High,Similar dates,None
INT0129,FT08762,Police partner,Medium,Vehicle,No Registration
INT0130,FT14920,Environmental monitoring,Low,Same Location,Unknown offender
INT0131,FT15068,Anonymous report,Medium,Similar dates,None
INT0132,FT05784,Enforcement officer,Low,Same Location,Unknown offender
INT0133,FT14896,Council officer,Medium,Vehicle,None
INT0134,FT05613,Anonymous report,Medium,Same Location,Unknown offender
INT0135,FT17329,Anonymous report,High,Vehicle,None
INT0136,FT09834,Environmental monitoring,High,Same Location,Blank
INT0137,FT05115,Police partner,Low,Waste Pattern,Blank
INT0138,FT08327,Anonymous report,High,Similar dates,None
INT0139,FT19747,Police partner,Low,Vehicle,None
INT0140,FT01786,Police partner,Medium,Waste Pattern,Unknown offender
INT0141,FT05285,Waste contractor,Medium,Vehicle,No Registration
INT0142,FT03013,Enforcement officer,Medium,Similar dates,None
INT0143,FT05228,Council officer,Low,Similar dates,None
INT0144,FT10369,Police partner,High,Vehicle,None
INT0145,FT14742,CCTV,High,Similar dates,None
INT0146,FT00758,CCTV,High,Vehicle,None
INT0147,FT01373,Council officer,Low,Vehicle,No Registration
INT0148,FT14760,Police partner,Low,Vehicle,No Registration
INT0149,FT09326,Waste contractor,Medium,Waste Pattern,Unknown offender
INT0150,FT11836,CCTV,Low,Waste Pattern,Blank
INT0151,FT19366,Waste contractor,High,Waste Pattern,Unknown offender
INT0152,FT10374,Resident,Medium,Same Location,Unknown offender
INT0153,FT18896,Enforcement officer,Medium,Similar dates,None
INT0154,FT13899,CCTV,Low,Waste Pattern,Unknown offender
INT0155,FT13155,Police partner,Medium,Vehicle,None
INT0156,FT06350,Anonymous report,High,Waste Pattern,Unknown offender
INT0157,FT04172,Police partner,High,Waste Pattern,Blank
INT0158,FT03354,Anonymous report,Medium,Waste Pattern,Unknown offender
INT0159,FT18638,Council officer,Low,Waste Pattern,Unknown offender
INT0160,FT07496,Council officer,Low,Waste Pattern,Unknown offender
INT0161,FT12296,CCTV,Medium,Similar dates,None
INT0162,FT00916,Council officer,Low,Vehicle,None
INT0163,FT09924,Waste contractor,High,Similar dates,None
INT0164,FT06895,Anonymous report,Low,Waste Pattern,Blank
INT0165,FT06006,Resident,Low,Similar dates,None
INT0166,FT18850,Resident,High,Similar dates,None
INT0167,FT07901,Resident,High,Vehicle,None
INT0168,FT18283,Police partner,Medium,Same Location,Unknown offender
INT0169,FT09772,Waste contractor,High,Waste Pattern,Blank
INT0170,FT11941,Environmental monitoring,Low,Waste Pattern,Blank
INT0171,FT02831,Enforcement officer,Medium,Same Location,Blank
INT0172,FT15237,Council officer,High,Waste Pattern,Blank
INT0173,FT15246,Enforcement officer,Low,Waste Pattern,Unknown offender
INT0174,FT16663,Police partner,Medium,Waste Pattern,Blank
INT0175,FT17775,CCTV,Medium,Vehicle,None
INT0176,FT10603,Resident,Medium,Similar dates,None
INT0177,FT17953,CCTV,Low,Same Location,Unknown offender
INT0178,FT14052,Waste contractor,High,Similar dates,None
INT0179,FT03384,Waste contractor,Medium,Vehicle,No Registration
INT0180,FT19642,Police partner,Low,Same Location,Blank
INT0181,FT05748,Resident,Medium,Vehicle,None
INT0182,FT11184,Enforcement officer,Low,Waste Pattern,Blank
INT0183,FT19640,Environmental monitoring,High,Vehicle,No Registration
INT0184,FT05698,Environmental monitoring,Medium,Similar dates,None
INT0185,FT18316,Council officer,Low,Waste Pattern,Unknown offender
INT0186,FT07789,Environmental monitoring,High,Similar dates,None
INT0187,FT10692,CCTV,High,Similar dates,None
INT0188,FT02593,Enforcement officer,Medium,Similar dates,None
INT0189,FT18272,Environmental monitoring,Medium,Same Location,Unknown offender
INT0190,FT17820,Council officer,Low,Same Location,Blank
INT0191,FT02859,Waste contractor,Low,Waste Pattern,Unknown offender
INT0192,FT11155,Resident,Medium,Similar dates,None
INT0193,FT07846,Waste contractor,Low,Waste Pattern,Blank
INT0194,FT07258,Enforcement officer,Medium,Vehicle,None
INT0195,FT15089,Resident,High,Same Location,Unknown offender
INT0196,FT18696,Police partner,High,Similar dates,None
INT0197,FT13242,Environmental monitoring,Medium,Waste Pattern,Unknown offender
INT0198,FT03915,Council officer,High,Same Location,Unknown offender
INT0199,FT03262,CCTV,High,Similar dates,None
INT0200,FT00487,Police partner,High,Same Location,Blank
INT0201,FT02125,Resident,Medium,Same Location,Blank
INT0202,FT17650,Waste contractor,Medium,Same Location,Unknown offender
INT0203,FT03376,Police partner,High,Vehicle,No Registration
INT0204,FT06097,Police partner,Low,Waste Pattern,Unknown offender
INT0205,FT00900,Anonymous report,High,Similar dates,None
INT0206,FT10736,Enforcement officer,Low,Vehicle,None
INT0207,FT09606,Police partner,Low,Vehicle,No Registration
INT0208,FT12592,Police partner,High,Waste Pattern,Blank
INT0209,FT00402,Council officer,Low,Similar dates,None
INT0210,FT10752,Police partner,Low,Vehicle,None
INT0211,FT08821,Enforcement officer,Low,Similar dates,None
INT0212,FT04945,Waste contractor,Medium,Same Location,Blank
INT0213,FT19687,Enforcement officer,Medium,Vehicle,No Registration
INT0214,FT17693,Environmental monitoring,Low,Similar dates,None
INT0215,FT16861,Resident,High,Vehicle,No Registration
INT0216,FT01325,CCTV,High,Same Location,Blank
INT0217,FT03933,Anonymous report,Low,Vehicle,None
INT0218,FT05387,CCTV,High,Vehicle,No Registration
INT0219,FT16744,Police partner,Low,Same Location,Unknown offender
INT0220,FT07886,Resident,Low,Vehicle,None
INT0221,FT06831,Council officer,High,Same Location,Blank
INT0222,FT05339,Anonymous report,Low,Similar dates,None
INT0223,FT14622,Enforcement officer,High,Vehicle,None
INT0224,FT17981,Enforcement officer,Medium,Similar dates,None
INT0225,FT05179,Environmental monitoring,High,Vehicle,None
INT0226,FT11579,Council officer,Low,Similar dates,None
INT0227,FT09473,Police partner,High,Similar dates,None
INT0228,FT17912,Council officer,Medium,Waste Pattern,Blank
INT0229,FT02408,Police partner,High,Same Location,Blank
INT0230,FT15710,Council officer,High,Same Location,Unknown offender
INT0231,FT18837,Police partner,Medium,Same Location,Blank
INT0232,FT06699,Enforcement officer,Medium,Similar dates,None
INT0233,FT10574,Enforcement officer,Medium,Waste Pattern,Unknown offender
INT0234,FT09432,Resident,Medium,Similar dates,None
INT0235,FT06522,Enforcement officer,Medium,Waste Pattern,Blank
INT0236,FT00533,Enforcement officer,High,Vehicle,None
INT0237,FT00551,Anonymous report,Medium,Same Location,Unknown offender
INT0238,FT11154,Anonymous report,Medium,Vehicle,None
INT0239,FT05128,Anonymous report,Medium,Vehicle,None
INT0240,FT14682,Enforcement officer,Low,Similar dates,None
INT0241,FT07096,Enforcement officer,High,Same Location,Unknown offender
INT0242,FT14208,Resident,High,Same Location,Unknown offender
INT0243,FT10438,Anonymous report,Low,Similar dates,None
INT0244,FT00240,Police partner,High,Waste Pattern,Unknown offender
INT0245,FT11141,CCTV,High,Waste Pattern,Unknown offender
INT0246,FT11428,Anonymous report,High,Same Location,Blank
INT0247,FT14383,CCTV,Medium,Similar dates,None
INT0248,FT07876,Resident,Low,Similar dates,None
INT0249,FT17081,Enforcement officer,Low,Waste Pattern,Unknown offender
INT0250,FT07435,Waste contractor,Medium,Vehicle,No Registration
INT0251,FT01451,CCTV,High,Waste Pattern,Unknown offender
INT0252,FT12425,CCTV,High,Same Location,Blank
INT0253,FT13036,CCTV,Medium,Same Location,Blank
INT0254,FT10264,Resident,High,Waste Pattern,Unknown offender
INT0255,FT01680,Resident,Medium,Similar dates,None
INT0256,FT14302,Anonymous report,Medium,Waste Pattern,Unknown offender
INT0257,FT19829,Waste contractor,High,Vehicle,No Registration
INT0258,FT07975,Resident,Medium,Same Location,Unknown offender
INT0259,FT04678,Enforcement officer,Medium,Same Location,Unknown offender
INT0260,FT17634,Council officer,High,Similar dates,None
INT0261,FT06832,Environmental monitoring,Low,Vehicle,No Registration
INT0262,FT06662,Environmental monitoring,High,Vehicle,No Registration
INT0263,FT12399,Police partner,Low,Vehicle,None
INT0264,FT13644,Police partner,Low,Similar dates,None
INT0265,FT03604,Police partner,Medium,Vehicle,No Registration
INT0266,FT16212,Council officer,High,Vehicle,None
INT0267,FT00449,Enforcement officer,Low,Same Location,Unknown offender
INT0268,FT17079,CCTV,Medium,Waste Pattern,Unknown offender
INT0269,FT00269,Resident,Medium,Similar dates,None
INT0270,FT15519,Anonymous report,Medium,Waste Pattern,Blank
INT0271,FT11420,Resident,Low,Vehicle,None
INT0272,FT16060,Resident,Low,Vehicle,No Registration
INT0273,FT04330,CCTV,Low,Similar dates,None
INT0274,FT16694,Council officer,High,Vehicle,No Registration
INT0275,FT06345,Environmental monitoring,Low,Vehicle,None
INT0276,FT16913,Enforcement officer,Low,Waste Pattern,Unknown offender
INT0277,FT07769,Resident,High,Waste Pattern,Unknown offender
INT0278,FT17537,Police partner,Low,Similar dates,None
INT0279,FT16393,Waste contractor,High,Similar dates,None
INT0280,FT14634,Police partner,Low,Vehicle,None
INT0281,FT05410,Council officer,High,Similar dates,None
INT0282,FT01109,Council officer,Low,Vehicle,No Registration
INT0283,FT13149,Enforcement officer,Low,Similar dates,None
INT0284,FT08754,CCTV,Low,Same Location,Blank
INT0285,FT15012,Police partner,Medium,Same Location,Blank
INT0286,FT01804,Waste contractor,High,Similar dates,None
INT0287,FT16563,Anonymous report,High,Same Location,Blank
INT0288,FT03088,Environmental monitoring,Low,Waste Pattern,Unknown offender
INT0289,FT12254,Council officer,Medium,Waste Pattern,Unknown offender
INT0290,FT09428,Environmental monitoring,Medium,Waste Pattern,Blank
INT0291,FT02822,Resident,Low,Similar dates,None
INT0292,FT14572,Environmental monitoring,High,Vehicle,None
INT0293,FT18745,Enforcement officer,Low,Same Location,Unknown offender
INT0294,FT08283,Waste contractor,Medium,Vehicle,None
INT0295,FT14598,Resident,Low,Waste Pattern,Unknown offender
INT0296,FT05812,Police partner,Low,Same Location,Unknown offender
INT0297,FT01923,Police partner,Medium,Vehicle,No Registration
INT0298,FT01313,Anonymous report,Low,Waste Pattern,Blank
INT0299,FT10130,Anonymous report,Low,Vehicle,None
INT0300,FT19147,Police partner,High,Vehicle,None
INT0301,FT09396,Anonymous report,Low,Same Location,Unknown offender
INT0302,FT01087,Anonymous report,Low,Waste Pattern,Unknown offender
INT0303,FT12998,Resident,Low,Waste Pattern,Unknown offender
INT0304,FT13929,Council officer,Medium,Vehicle,None
INT0305,FT18799,Waste contractor,High,Vehicle,No Registration
INT0306,FT00251,Council officer,Medium,Similar dates,None
INT0307,FT00535,Waste contractor,Medium,Similar dates,None
INT0308,FT08024,Police partner,High,Waste Pattern,Blank
INT0309,FT06653,Enforcement officer,Medium,Waste Pattern,Unknown offender
INT0310,FT04169,Council officer,Low,Vehicle,None
INT0311,FT09753,Enforcement officer,Low,Waste Pattern,Unknown offender
INT0312,FT05026,CCTV,Low,Same Location,Unknown offender
INT0313,FT00851,Environmental monitoring,Low,Vehicle,No Registration
INT0314,FT02026,Enforcement officer,Medium,Vehicle,None
INT0315,FT13363,Police partner,High,Similar dates,None
INT0316,FT09282,Police partner,High,Vehicle,None
INT0317,FT13963,Waste contractor,Low,Same Location,Unknown offender
INT0318,FT19456,Anonymous report,Medium,Vehicle,None
INT0319,FT06361,Waste contractor,Low,Vehicle,None
INT0320,FT07535,Resident,High,Vehicle,None
INT0321,FT07076,Environmental monitoring,Low,Waste Pattern,Blank
INT0322,FT03466,Enforcement officer,Low,Similar dates,None
INT0323,FT18765,Anonymous report,Medium,Vehicle,No Registration
INT0324,FT00077,Anonymous report,Medium,Waste Pattern,Unknown offender
INT0325,FT18103,Police partner,Medium,Same Location,Unknown offender
INT0326,FT07783,Enforcement officer,Medium,Waste Pattern,Blank
INT0327,FT00222,Council officer,High,Similar dates,None
INT0328,FT03416,Police partner,Low,Vehicle,No Registration
INT0329,FT12622,Anonymous report,Medium,Similar dates,None
INT0330,FT08934,Anonymous report,Medium,Similar dates,None
INT0331,FT09186,Council officer,Low,Same Location,Unknown offender
INT0332,FT01988,Police partner,High,Waste Pattern,Blank
INT0333,FT14009,Resident,Low,Same Location,Blank
INT0334,FT15825,Anonymous report,High,Vehicle,No Registration
INT0335,FT06391,Environmental monitoring,Medium,Similar dates,None
INT0336,FT04837,CCTV,High,Same Location,Unknown offender
INT0337,FT04126,Environmental monitoring,High,Vehicle,None
INT0338,FT14470,Environmental monitoring,Medium,Waste Pattern,Unknown offender
INT0339,FT09811,Waste contractor,High,Similar dates,None
INT0340,FT05729,Environmental monitoring,Medium,Similar dates,None
INT0341,FT08371,Police partner,Low,Same Location,Unknown offender
INT0342,FT04717,Anonymous report,Medium,Vehicle,None
INT0343,FT06457,Environmental monitoring,Medium,Vehicle,No Registration
INT0344,FT00579,Waste contractor,High,Vehicle,No Registration
INT0345,FT01379,Waste contractor,Low,Waste Pattern,Unknown offender
INT0346,FT09934,Police partner,Low,Waste Pattern,Unknown offender
INT0347,FT05830,Environmental monitoring,Medium,Vehicle,None
INT0348,FT15411,Waste contractor,High,Vehicle,None
INT0349,FT06314,Resident,High,Vehicle,No Registration
INT0350,FT02299,Enforcement officer,Low,Waste Pattern,Unknown offender
INT0351,FT02443,Resident,Low,Similar dates,None
INT0352,FT08424,Resident,Medium,Same Location,Blank
INT0353,FT14518,Police partner,Medium,Similar dates,None
INT0354,FT13602,Environmental monitoring,Low,Similar dates,None
INT0355,FT15934,Resident,Medium,Similar dates,None
INT0356,FT01714,Police partner,Low,Vehicle,No Registration
INT0357,FT15191,Police partner,High,Vehicle,None
INT0358,FT02887,Waste contractor,Low,Same Location,Blank
INT0359,FT16100,CCTV,High,Same Location,Blank
INT0360,FT17000,Anonymous report,Low,Similar dates,None
INT0361,FT11881,Environmental monitoring,High,Same Location,Blank
INT0362,FT09144,CCTV,High,Similar dates,None
INT0363,FT18630,Resident,High,Same Location,Blank
INT0364,FT19587,CCTV,Low,Same Location,Unknown offender
INT0365,FT16128,Resident,Medium,Similar dates,None
INT0366,FT10585,Resident,High,Vehicle,None
INT0367,FT16158,Anonymous report,Low,Same Location,Unknown offender
INT0368,FT04349,Resident,Medium,Waste Pattern,Unknown offender
INT0369,FT00336,Police partner,Low,Same Location,Unknown offender
INT0370,FT05083,Enforcement officer,Low,Same Location,Blank
INT0371,FT04876,Resident,Low,Vehicle,None
INT0372,FT00136,Enforcement officer,High,Waste Pattern,Blank
INT0373,FT18934,CCTV,High,Same Location,Blank
INT0374,FT13968,Waste contractor,High,Same Location,Unknown offender
INT0375,FT14131,Council officer,High,Vehicle,None
INT0376,FT19081,Anonymous report,Medium,Similar dates,None
INT0377,FT04910,Environmental monitoring,High,Same Location,Blank
INT0378,FT06327,Police partner,Low,Similar dates,None
INT0379,FT06487,Resident,High,Same Location,Blank
INT0380,FT16069,Police partner,High,Similar dates,None
INT0381,FT10789,Resident,High,Same Location,Blank
INT0382,FT03288,Anonymous report,Low,Same Location,Blank
INT0383,FT17229,Resident,Low,Similar dates,None
INT0384,FT19688,Anonymous report,Medium,Same Location,Unknown offender
INT0385,FT05693,Environmental monitoring,High,Similar dates,None
INT0386,FT09695,Environmental monitoring,Medium,Similar dates,None
INT0387,FT18489,Resident,Medium,Vehicle,No Registration
INT0388,FT02789,Anonymous report,Low,Vehicle,None
INT0389,FT17700,Resident,Low,Vehicle,None
INT0390,FT04475,Council officer,High,Same Location,Blank
INT0391,FT16195,Anonymous report,Low,Vehicle,None
INT0392,FT02274,Environmental monitoring,Medium,Waste Pattern,Blank
INT0393,FT16431,Council officer,Low,Vehicle,None
INT0394,FT07422,Resident,High,Vehicle,No Registration
INT0395,FT03171,Council officer,Medium,Vehicle,None
INT0396,FT02975,Anonymous report,Medium,Vehicle,None
INT0397,FT16273,Council officer,Medium,Same Location,Blank
INT0398,FT11084,Waste contractor,Low,Same Location,Blank
INT0399,FT14681,Enforcement officer,Medium,Vehicle,None
INT0400,FT13699,Police partner,High,Waste Pattern,Unknown offender
INT0401,FT17171,Resident,Medium,Similar dates,None
INT0402,FT04309,Enforcement officer,High,Vehicle,None
INT0403,FT00236,Council officer,High,Waste Pattern,Blank
INT0404,FT16559,Waste contractor,Medium,Vehicle,None
INT0405,FT00870,Waste contractor,High,Same Location,Blank
INT0406,FT11562,CCTV,High,Waste Pattern,Unknown offender
INT0407,FT05534,Environmental monitoring,Medium,Same Location,Unknown offender
INT0408,FT16770,Enforcement officer,High,Vehicle,No Registration
INT0409,FT17788,CCTV,Low,Similar dates,None
INT0410,FT03459,Anonymous report,Medium,Similar dates,None
INT0411,FT08691,Council officer,High,Waste Pattern,Blank
INT0412,FT00645,Resident,Low,Same Location,Blank
INT0413,FT14791,Anonymous report,Low,Waste Pattern,Blank
INT0414,FT15363,Anonymous report,High,Vehicle,No Registration
INT0415,FT14633,Enforcement officer,Medium,Waste Pattern,Unknown offender
INT0416,FT04792,CCTV,Medium,Waste Pattern,Blank
INT0417,FT17349,Waste contractor,Low,Same Location,Blank
INT0418,FT04759,Resident,High,Same Location,Blank
INT0419,FT17887,CCTV,Medium,Similar dates,None
INT0420,FT19773,Anonymous report,Medium,Waste Pattern,Blank
INT0421,FT04443,Environmental monitoring,Medium,Same Location,Blank
INT0422,FT00994,Resident,Low,Waste Pattern,Blank
INT0423,FT03394,Waste contractor,Low,Similar dates,None
INT0424,FT18603,Environmental monitoring,Low,Same Location,Unknown offender
INT0425,FT18671,Environmental monitoring,High,Vehicle,No Registration
INT0426,FT10677,Anonymous report,Low,Same Location,Unknown offender
INT0427,FT18967,Police partner,Medium,Same Location,Unknown offender
INT0428,FT14449,CCTV,Medium,Same Location,Unknown offender
INT0429,FT01167,Police partner,Low,Waste Pattern,Blank
INT0430,FT18989,Waste contractor,Low,Waste Pattern,Unknown offender
INT0431,FT17141,Police partner,High,Similar dates,None
INT0432,FT03697,Environmental monitoring,Low,Same Location,Unknown offender
INT0433,FT02199,Anonymous report,Medium,Similar dates,None
INT0434,FT18196,Council officer,Medium,Similar dates,None
INT0435,FT17035,Police partner,Low,Same Location,Blank
INT0436,FT07175,CCTV,Medium,Similar dates,None
INT0437,FT19450,Resident,Medium,Same Location,Blank
INT0438,FT04810,Resident,Medium,Similar dates,None
INT0439,FT03380,Enforcement officer,Medium,Vehicle,No Registration
INT0440,FT00224,CCTV,Medium,Waste Pattern,Unknown offender
INT0441,FT12454,CCTV,Low,Waste Pattern,Blank
INT0442,FT17420,Police partner,High,Waste Pattern,Unknown offender
INT0443,FT15934,Enforcement officer,Low,Same Location,Blank
INT0444,FT10688,Enforcement officer,High,Same Location,Unknown offender
INT0445,FT13489,CCTV,High,Same Location,Unknown offender
INT0446,FT07524,Police partner,Medium,Same Location,Unknown offender
INT0447,FT18466,Resident,Medium,Same Location,Unknown offender
INT0448,FT08578,Police partner,High,Vehicle,None
INT0449,FT12410,Environmental monitoring,Medium,Vehicle,None
INT0450,FT07931,Environmental monitoring,High,Similar dates,None
INT0451,FT12658,Police partner,High,Waste Pattern,Unknown offender
INT0452,FT02619,Police partner,Low,Vehicle,No Registration
INT0453,FT11222,Council officer,Low,Waste Pattern,Blank
INT0454,FT10143,Resident,Medium,Similar dates,None
INT0455,FT02845,Waste contractor,Medium,Same Location,Unknown offender
INT0456,FT04656,Enforcement officer,High,Waste Pattern,Unknown offender
INT0457,FT13947,Council officer,High,Same Location,Blank
INT0458,FT09928,Police partner,Low,Waste Pattern,Unknown offender
INT0459,FT07241,Resident,Low,Similar dates,None
INT0460,FT18781,Environmental monitoring,Low,Similar dates,None
INT0461,FT03651,Police partner,Low,Waste Pattern,Blank
INT0462,FT10583,Police partner,Medium,Similar dates,None
INT0463,FT08437,Enforcement officer,Medium,Same Location,Blank
INT0464,FT04063,Resident,High,Vehicle,None
INT0465,FT17056,Environmental monitoring,High,Vehicle,None
INT0466,FT05391,Anonymous report,Low,Similar dates,None
INT0467,FT04540,Council officer,Medium,Waste Pattern,Unknown offender
INT0468,FT09021,Anonymous report,Low,Similar dates,None
INT0469,FT17058,Waste contractor,Medium,Vehicle,None
INT0470,FT18350,Council officer,Low,Vehicle,No Registration
INT0471,FT02185,Anonymous report,Low,Similar dates,None
INT0472,FT08980,Resident,Medium,Similar dates,None
INT0473,FT16258,Police partner,Medium,Same Location,Blank
INT0474,FT14010,Environmental monitoring,Low,Vehicle,No Registration
INT0475,FT08278,Anonymous report,Low,Waste Pattern,Blank
INT0476,FT12310,Resident,Medium,Same Location,Unknown offender
INT0477,FT10560,Enforcement officer,Low,Same Location,Blank
INT0478,FT04460,Police partner,Medium,Vehicle,None
INT0479,FT10619,Anonymous report,Medium,Vehicle,No Registration
INT0480,FT14062,Enforcement officer,High,Waste Pattern,Blank
INT0481,FT15627,Police partner,Medium,Same Location,Blank
INT0482,FT06852,CCTV,Low,Similar dates,None
INT0483,FT15593,Anonymous report,Medium,Similar dates,None
INT0484,FT18587,Police partner,Medium,Same Location,Unknown offender
INT0485,FT00468,Resident,Medium,Same Location,Blank
INT0486,FT03399,Enforcement officer,Medium,Waste Pattern,Unknown offender
INT0487,FT02139,Waste contractor,Low,Same Location,Blank
INT0488,FT17119,CCTV,High,Same Location,Blank
INT0489,FT15924,Anonymous report,Medium,Vehicle,No Registration
INT0490,FT09848,Resident,Low,Same Location,Unknown offender
INT0491,FT12148,Environmental monitoring,High,Similar dates,None
INT0492,FT05748,Waste contractor,Medium,Waste Pattern,Unknown offender
INT0493,FT18421,Police partner,Low,Waste Pattern,Unknown offender
INT0494,FT13762,Environmental monitoring,Low,Waste Pattern,Blank
INT0495,FT09876,Waste contractor,High,Similar dates,None
INT0496,FT11103,Anonymous report,High,Same Location,Unknown offender
INT0497,FT10826,Waste contractor,Medium,Vehicle,No Registration
INT0498,FT14631,Enforcement officer,Low,Similar dates,None
INT0499,FT07178,Enforcement officer,Medium,Vehicle,None
INT0500,FT11611,Anonymous report,Medium,Waste Pattern,Unknown offender
INT0501,FT15720,Council officer,Medium,Same Location,Unknown offender
INT0502,FT15246,Environmental monitoring,High,Waste Pattern,Unknown offender
INT0503,FT09325,Environmental monitoring,High,Waste Pattern,Blank
INT0504,FT03408,Council officer,Medium,Same Location,Blank
INT0505,FT18643,Environmental monitoring,Low,Similar dates,None
INT0506,FT01407,Enforcement officer,Low,Waste Pattern,Blank
INT0507,FT05486,Police partner,Medium,Same Location,Unknown offender
INT0508,FT16637,Enforcement officer,Low,Similar dates,None
INT0509,FT14052,Anonymous report,Medium,Vehicle,None
INT0510,FT08012,Resident,Low,Similar dates,None
INT0511,FT17155,Resident,Low,Vehicle,No Registration
INT0512,FT02714,CCTV,High,Same Location,Blank
INT0513,FT07001,Enforcement officer,Low,Same Location,Unknown offender
INT0514,FT17224,Anonymous report,Low,Same Location,Unknown offender
INT0515,FT02332,Environmental monitoring,Medium,Same Location,Unknown offender
INT0516,FT04725,Anonymous report,Low,Similar dates,None
INT0517,FT12758,Resident,High,Vehicle,No Registration
INT0518,FT19872,Waste contractor,High,Same Location,Blank
INT0519,FT13757,Anonymous report,Low,Waste Pattern,Unknown offender
INT0520,FT07182,Environmental monitoring,High,Similar dates,None
INT0521,FT16810,Police partner,High,Vehicle,None
INT0522,FT06511,CCTV,High,Similar dates,None
INT0523,FT19205,CCTV,High,Same Location,Blank
INT0524,FT18515,Council officer,High,Same Location,Blank
INT0525,FT19550,Police partner,Low,Vehicle,None
INT0526,FT13393,Enforcement officer,Low,Similar dates,None
INT0527,FT09147,Resident,High,Same Location,Blank
INT0528,FT04661,Environmental monitoring,High,Same Location,Blank
INT0529,FT15098,Environmental monitoring,High,Vehicle,No Registration
INT0530,FT03539,Environmental monitoring,Low,Same Location,Unknown offender
INT0531,FT11534,Resident,Medium,Vehicle,None
INT0532,FT07337,CCTV,High,Waste Pattern,Blank
INT0533,FT04326,Enforcement officer,High,Waste Pattern,Unknown offender
INT0534,FT14996,CCTV,Medium,Similar dates,None
INT0535,FT15344,CCTV,Medium,Waste Pattern,Blank
INT0536,FT09445,Enforcement officer,Medium,Vehicle,None
INT0537,FT06844,Anonymous report,Low,Vehicle,None
INT0538,FT19562,Police partner,High,Waste Pattern,Blank
INT0539,FT16556,Resident,High,Waste Pattern,Unknown offender
INT0540,FT19714,Anonymous report,Medium,Same Location,Unknown offender
INT0541,FT00480,Resident,Low,Similar dates,None
INT0542,FT14654,Enforcement officer,Medium,Vehicle,No Registration
INT0543,FT09815,Environmental monitoring,Medium,Similar dates,None
INT0544,FT19314,Environmental monitoring,Medium,Vehicle,No Registration
INT0545,FT03004,Anonymous report,High,Waste Pattern,Blank
INT0546,FT13646,Environmental monitoring,Medium,Similar dates,None
INT0547,FT05698,Anonymous report,High,Similar dates,None
INT0548,FT01100,Environmental monitoring,High,Same Location,Unknown offender
INT0549,FT07540,Resident,Low,Vehicle,No Registration
INT0550,FT01514,Enforcement officer,Medium,Same Location,Unknown offender
INT0551,FT03025,Anonymous report,High,Same Location,Blank
INT0552,FT01765,Police partner,High,Waste Pattern,Unknown offender
INT0553,FT12919,Police partner,High,Similar dates,None
INT0554,FT13566,Council officer,Low,Same Location,Blank
INT0555,FT02608,CCTV,High,Waste Pattern,Unknown offender
INT0556,FT08249,Enforcement officer,Medium,Similar dates,None
INT0557,FT02969,Waste contractor,High,Vehicle,No Registration
INT0558,FT09883,Council officer,Medium,Waste Pattern,Blank
INT0559,FT03661,Council officer,Low,Similar dates,None
INT0560,FT15111,Waste contractor,Low,Waste Pattern,Unknown offender
INT0561,FT12109,Anonymous report,High,Similar dates,None
INT0562,FT13995,Anonymous report,Low,Waste Pattern,Unknown offender
INT0563,FT01884,Council officer,Low,Same Location,Unknown offender
INT0564,FT07352,Waste contractor,High,Vehicle,None
INT0565,FT06571,CCTV,Medium,Vehicle,None
INT0566,FT06367,Environmental monitoring,Medium,Vehicle,None
INT0567,FT08318,CCTV,Low,Waste Pattern,Blank
INT0568,FT15288,Council officer,High,Same Location,Blank
INT0569,FT05267,Enforcement officer,Low,Same Location,Unknown offender
INT0570,FT14771,Waste contractor,Medium,Similar dates,None
INT0571,FT12204,Environmental monitoring,Low,Similar dates,None
INT0572,FT01300,Waste contractor,High,Vehicle,None
INT0573,FT10410,CCTV,Medium,Same Location,Blank
INT0574,FT11993,Council officer,Medium,Vehicle,None
INT0575,FT17649,Anonymous report,Low,Similar dates,None
INT0576,FT04213,Police partner,Medium,Similar dates,None
INT0577,FT16042,Waste contractor,Low,Waste Pattern,Blank
INT0578,FT12255,Resident,Low,Waste Pattern,Unknown offender
INT0579,FT10472,Environmental monitoring,High,Similar dates,None
INT0580,FT05992,Resident,Medium,Same Location,Unknown offender
INT0581,FT02160,Waste contractor,Medium,Waste Pattern,Blank
INT0582,FT10671,Police partner,Medium,Waste Pattern,Blank
INT0583,FT10636,CCTV,Low,Same Location,Unknown offender
INT0584,FT05807,Council officer,Low,Vehicle,No Registration
INT0585,FT00037,Resident,Low,Vehicle,No Registration
INT0586,FT15050,CCTV,High,Same Location,Blank
INT0587,FT00385,Council officer,High,Same Location,Blank
INT0588,FT04069,Council officer,Low,Same Location,Unknown offender
INT0589,FT12149,Police partner,Low,Waste Pattern,Unknown offender
INT0590,FT05249,Enforcement officer,High,Waste Pattern,Unknown offender
INT0591,FT09061,Resident,Low,Vehicle,None
INT0592,FT04465,Waste contractor,Medium,Similar dates,None
INT0593,FT09812,CCTV,Medium,Same Location,Blank
INT0594,FT03283,Anonymous report,Medium,Same Location,Blank
INT0595,FT10740,Resident,Medium,Same Location,Blank
INT0596,FT19714,CCTV,High,Waste Pattern,Blank
INT0597,FT10127,Waste contractor,High,Vehicle,No Registration
INT0598,FT15097,Police partner,Medium,Waste Pattern,Blank
INT0599,FT01917,Resident,High,Vehicle,None
INT0600,FT06315,Waste contractor,High,Same Location,Blank
INT0601,FT19382,Police partner,High,Vehicle,None
INT0602,FT13318,Anonymous report,Low,Similar dates,None
INT0603,FT15600,Waste contractor,Medium,Same Location,Blank
INT0604,FT01411,Environmental monitoring,Medium,Vehicle,No Registration
INT0605,FT10335,Enforcement officer,Medium,Similar dates,None
INT0606,FT05952,Waste contractor,Medium,Vehicle,No Registration
INT0607,FT01694,Environmental monitoring,High,Same Location,Unknown offender
INT0608,FT00348,Enforcement officer,High,Similar dates,None
INT0609,FT05896,CCTV,Medium,Same Location,Blank
INT0610,FT16387,Enforcement officer,Medium,Similar dates,None
INT0611,FT00410,Waste contractor,Medium,Waste Pattern,Blank
INT0612,FT12898,Council officer,Medium,Waste Pattern,Unknown offender
INT0613,FT00906,Police partner,High,Waste Pattern,Blank
INT0614,FT13873,Police partner,High,Waste Pattern,Blank
INT0615,FT17589,Enforcement officer,High,Same Location,Unknown offender
INT0616,FT10516,Waste contractor,Low,Vehicle,None
INT0617,FT00752,Enforcement officer,Medium,Same Location,Unknown offender
INT0618,FT04911,Council officer,High,Waste Pattern,Unknown offender
INT0619,FT12476,Anonymous report,Low,Waste Pattern,Unknown offender
INT0620,FT01153,Resident,High,Vehicle,No Registration
INT0621,FT08194,Police partner,High,Waste Pattern,Blank
INT0622,FT12023,Enforcement officer,Low,Similar dates,None
INT0623,FT02648,Anonymous report,Low,Similar dates,None
INT0624,FT00371,Environmental monitoring,Low,Waste Pattern,Blank
INT0625,FT14101,Anonymous report,Low,Waste Pattern,Blank
INT0626,FT11339,Police partner,Medium,Vehicle,No Registration
INT0627,FT17436,Waste contractor,High,Waste Pattern,Blank
INT0628,FT12434,Waste contractor,Medium,Waste Pattern,Unknown offender
INT0629,FT14566,Council officer,Medium,Vehicle,None
INT0630,FT17528,Police partner,High,Same Location,Blank
INT0631,FT11882,Anonymous report,Medium,Waste Pattern,Blank
INT0632,FT15211,CCTV,Medium,Vehicle,No Registration
INT0633,FT04332,Police partner,Medium,Same Location,Unknown offender
INT0634,FT02044,Enforcement officer,Medium,Same Location,Blank
INT0635,FT02781,Council officer,Low,Same Location,Blank
INT0636,FT18884,Resident,Low,Similar dates,None
INT0637,FT01002,Environmental monitoring,Medium,Same Location,Unknown offender
INT0638,FT19943,Waste contractor,High,Similar dates,None
INT0639,FT15744,Anonymous report,Low,Waste Pattern,Blank
INT0640,FT16184,Environmental monitoring,Medium,Same Location,Blank
INT0641,FT16416,Resident,Low,Similar dates,None
INT0642,FT19912,Environmental monitoring,Medium,Waste Pattern,Unknown offender
INT0643,FT12497,Police partner,Low,Waste Pattern,Unknown offender
INT0644,FT09277,Resident,Low,Vehicle,No Registration
INT0645,FT17767,Waste contractor,High,Same Location,Blank
INT0646,FT12622,CCTV,High,Same Location,Blank
INT0647,FT19489,Enforcement officer,Medium,Similar dates,None
INT0648,FT03366,Police partner,High,Same Location,Unknown offender
INT0649,FT04468,CCTV,Low,Waste Pattern,Blank
INT0650,FT06668,Environmental monitoring,High,Same Location,Unknown offender
INT0651,FT13522,Waste contractor,High,Waste Pattern,Blank
INT0652,FT09786,Council officer,Low,Same Location,Blank
INT0653,FT16405,Police partner,High,Waste Pattern,Blank
INT0654,FT09126,Police partner,High,Similar dates,None
INT0655,FT18068,Resident,High,Same Location,Blank
INT0656,FT13049,Police partner,Medium,Waste Pattern,Unknown offender
INT0657,FT08832,CCTV,High,Vehicle,No Registration
INT0658,FT12655,Resident,Medium,Same Location,Blank
INT0659,FT07323,Waste contractor,Medium,Vehicle,No Registration
INT0660,FT12263,Council officer,Low,Similar dates,None
INT0661,FT17412,Anonymous report,Medium,Similar dates,None
INT0662,FT08536,Council officer,High,Similar dates,None
INT0663,FT17390,Enforcement officer,High,Vehicle,No Registration
INT0664,FT18128,Resident,High,Same Location,Unknown offender
INT0665,FT14491,Enforcement officer,Medium,Similar dates,None
INT0666,FT19004,Anonymous report,High,Same Location,Unknown offender
INT0667,FT00793,Waste contractor,Medium,Vehicle,None
INT0668,FT19431,Waste contractor,Low,Same Location,Blank
INT0669,FT05391,Waste contractor,Low,Similar dates,None
INT0670,FT07249,Waste contractor,High,Waste Pattern,Blank
INT0671,FT06364,Environmental monitoring,Medium,Vehicle,None
INT0672,FT15502,Waste contractor,Medium,Similar dates,None
INT0673,FT13066,Enforcement officer,Medium,Similar dates,None
INT0674,FT00294,Resident,Medium,Vehicle,No Registration
INT0675,FT02926,Council officer,High,Similar dates,None
INT0676,FT11605,Council officer,Medium,Similar dates,None
INT0677,FT01141,CCTV,Low,Same Location,Unknown offender
INT0678,FT18389,Anonymous report,Medium,Similar dates,None
INT0679,FT17359,Enforcement officer,High,Vehicle,No Registration
INT0680,FT13114,Resident,Medium,Similar dates,None
INT0681,FT04804,Police partner,Low,Similar dates,None
INT0682,FT00733,Resident,High,Similar dates,None
INT0683,FT19562,Anonymous report,Medium,Waste Pattern,Blank
INT0684,FT07203,CCTV,Medium,Similar dates,None
INT0685,FT13822,CCTV,Low,Similar dates,None
INT0686,FT07180,CCTV,Medium,Vehicle,None
INT0687,FT12862,Enforcement officer,Low,Same Location,Blank
INT0688,FT19652,Environmental monitoring,High,Vehicle,None
INT0689,FT05805,Resident,Low,Same Location,Unknown offender
INT0690,FT04870,Enforcement officer,High,Similar dates,None
INT0691,FT07288,Enforcement officer,Medium,Vehicle,None
INT0692,FT18423,CCTV,High,Similar dates,None
INT0693,FT05985,Environmental monitoring,Low,Similar dates,None
INT0694,FT09356,Police partner,Low,Similar dates,None
INT0695,FT07422,Council officer,Medium,Similar dates,None
INT0696,FT04206,Environmental monitoring,Medium,Waste Pattern,Blank
INT0697,FT05874,Enforcement officer,High,Waste Pattern,Blank
INT0698,FT11040,Waste contractor,Low,Similar dates,None
INT0699,FT11857,Council officer,High,Vehicle,None
INT0700,FT09429,Anonymous report,Medium,Waste Pattern,Blank
INT0701,FT05211,CCTV,High,Similar dates,None
INT0702,FT01575,Environmental monitoring,Low,Vehicle,None
INT0703,FT15942,Waste contractor,Medium,Vehicle,No Registration
INT0704,FT10088,Resident,Medium,Similar dates,None
INT0705,FT01320,Environmental monitoring,High,Same Location,Unknown offender
INT0706,FT19142,Environmental monitoring,Low,Waste Pattern,Unknown offender
INT0707,FT09710,Enforcement officer,Medium,Waste Pattern,Unknown offender
INT0708,FT09952,Enforcement officer,Medium,Similar dates,None
INT0709,FT09407,Council officer,High,Similar dates,None
INT0710,FT19122,Enforcement officer,Low,Similar dates,None
INT0711,FT16843,Anonymous report,Low,Same Location,Blank
INT0712,FT17288,Enforcement officer,High,Similar dates,None
INT0713,FT15485,Enforcement officer,Medium,Similar dates,None
INT0714,FT18510,Enforcement officer,Medium,Waste Pattern,Blank
INT0715,FT05091,Council officer,Low,Similar dates,None
INT0716,FT13275,Waste contractor,Medium,Vehicle,No Registration
INT0717,FT06493,Police partner,High,Vehicle,No Registration
INT0718,FT05177,Resident,Medium,Similar dates,None
INT0719,FT10977,Enforcement officer,Low,Vehicle,No Registration
INT0720,FT00298,Council officer,High,Vehicle,No Registration
INT0721,FT14104,Environmental monitoring,High,Waste Pattern,Blank
INT0722,FT12681,Police partner,Low,Vehicle,None
INT0723,FT03575,Waste contractor,Low,Vehicle,None
INT0724,FT07093,Council officer,High,Waste Pattern,Blank
INT0725,FT05999,Anonymous report,Medium,Vehicle,None
INT0726,FT11765,Council officer,Low,Vehicle,No Registration
INT0727,FT02850,Waste contractor,Low,Same Location,Unknown offender
INT0728,FT01565,CCTV,Low,Waste Pattern,Unknown offender
INT0729,FT10447,Environmental monitoring,High,Same Location,Blank
INT0730,FT18893,Council officer,Medium,Vehicle,No Registration
INT0731,FT07471,CCTV,Medium,Waste Pattern,Blank
INT0732,FT10252,Anonymous report,Low,Vehicle,No Registration
INT0733,FT08856,Environmental monitoring,Low,Same Location,Blank
INT0734,FT02978,Enforcement officer,High,Similar dates,None
INT0735,FT03332,Environmental monitoring,Medium,Waste Pattern,Unknown offender
INT0736,FT19080,Police partner,High,Waste Pattern,Blank
INT0737,FT12456,Council officer,Low,Same Location,Unknown offender
INT0738,FT06055,Police partner,High,Similar dates,None
INT0739,FT13114,Environmental monitoring,Medium,Similar dates,None
INT0740,FT04008,Council officer,Medium,Waste Pattern,Unknown offender
INT0741,FT00571,Police partner,Medium,Similar dates,None
INT0742,FT16951,Resident,Medium,Similar dates,None
INT0743,FT18015,Environmental monitoring,Low,Similar dates,None
INT0744,FT14169,Council officer,Low,Waste Pattern,Unknown offender
INT0745,FT13371,Environmental monitoring,High,Vehicle,None
INT0746,FT06094,Environmental monitoring,Medium,Vehicle,None
INT0747,FT12078,Council officer,Medium,Similar dates,None
INT0748,FT02777,Environmental monitoring,Medium,Vehicle,No Registration
INT0749,FT10826,Police partner,Medium,Waste Pattern,Blank
INT0750,FT04725,Council officer,Low,Same Location,Unknown offender
INT0751,FT12852,Environmental monitoring,High,Waste Pattern,Unknown offender
INT0752,FT16850,Waste contractor,Low,Waste Pattern,Blank
INT0753,FT14200,Anonymous report,Low,Waste Pattern,Unknown offender
INT0754,FT13759,Council officer,High,Same Location,Unknown offender
INT0755,FT01103,Waste contractor,Medium,Vehicle,None
INT0756,FT03825,Enforcement officer,High,Vehicle,No Registration
INT0757,FT05235,Environmental monitoring,Low,Same Location,Blank
INT0758,FT13805,Enforcement officer,Low,Same Location,Blank
INT0759,FT16948,Police partner,High,Waste Pattern,Blank
INT0760,FT04634,Environmental monitoring,Medium,Same Location,Unknown offender
INT0761,FT02164,Waste contractor,High,Same Location,Unknown offender
INT0762,FT16717,Council officer,Medium,Same Location,Blank
INT0763,FT04362,Waste contractor,Medium,Similar dates,None
INT0764,FT15171,Police partner,Low,Vehicle,No Registration
INT0765,FT09431,Enforcement officer,High,Waste Pattern,Blank
INT0766,FT12628,Council officer,Low,Vehicle,None
INT0767,FT12370,Police partner,Medium,Vehicle,None
INT0768,FT00107,Enforcement officer,Low,Waste Pattern,Unknown offender
INT0769,FT16185,Police partner,Low,Same Location,Unknown offender
INT0770,FT12969,CCTV,Medium,Similar dates,None
INT0771,FT13927,Council officer,Low,Similar dates,None
INT0772,FT08239,Resident,Medium,Waste Pattern,Unknown offender
INT0773,FT05006,Environmental monitoring,High,Vehicle,None
INT0774,FT09821,Enforcement officer,High,Similar dates,None
INT0775,FT07891,Police partner,Low,Same Location,Blank
INT0776,FT04949,Enforcement officer,High,Waste Pattern,Unknown offender
INT0777,FT11963,Council officer,Medium,Same Location,Blank
INT0778,FT03548,Enforcement officer,Medium,Similar dates,None
INT0779,FT18807,Waste contractor,High,Vehicle,No Registration
INT0780,FT16896,Resident,Medium,Waste Pattern,Unknown offender
INT0781,FT08438,Police partner,High,Waste Pattern,Unknown offender
INT0782,FT12504,Police partner,High,Waste Pattern,Blank
INT0783,FT18742,Environmental monitoring,Medium,Vehicle,No Registration
INT0784,FT10114,CCTV,High,Similar dates,None
INT0785,FT00552,Waste contractor,Low,Similar dates,None
INT0786,FT18499,Enforcement officer,Medium,Waste Pattern,Unknown offender
INT0787,FT12203,Resident,Medium,Similar dates,None
INT0788,FT14491,CCTV,High,Waste Pattern,Blank
INT0789,FT15736,Environmental monitoring,High,Vehicle,None
INT0790,FT12103,Anonymous report,Low,Vehicle,None
INT0791,FT00848,Police partner,High,Vehicle,No Registration
INT0792,FT18769,Anonymous report,Medium,Vehicle,No Registration
INT0793,FT12387,CCTV,Medium,Similar dates,None
INT0794,FT09556,Anonymous report,Medium,Vehicle,None
INT0795,FT18509,Environmental monitoring,Low,Vehicle,No Registration
INT0796,FT03107,Environmental monitoring,Medium,Vehicle,None
INT0797,FT19199,Waste contractor,Medium,Same Location,Blank
INT0798,FT03129,Council officer,Medium,Same Location,Blank
INT0799,FT01899,Council officer,High,Same Location,Unknown offender
INT0800,FT12710,Waste contractor,High,Waste Pattern,Blank
INT0801,FT01438,Enforcement officer,Low,Waste Pattern,Blank
INT0802,FT11045,Environmental monitoring,High,Vehicle,No Registration
INT0803,FT05226,Environmental monitoring,Medium,Same Location,Blank
INT0804,FT08383,Resident,Low,Similar dates,None
INT0805,FT11248,Waste contractor,High,Waste Pattern,Unknown offender
INT0806,FT12775,Enforcement officer,Low,Same Location,Blank
INT0807,FT18367,Council officer,Low,Waste Pattern,Unknown offender
INT0808,FT17278,Environmental monitoring,Low,Similar dates,None
INT0809,FT04653,CCTV,High,Vehicle,No Registration
INT0810,FT18609,Environmental monitoring,Low,Waste Pattern,Blank
INT0811,FT05047,Anonymous report,Low,Vehicle,None
INT0812,FT07298,Resident,Medium,Similar dates,None
INT0813,FT07586,Environmental monitoring,Medium,Waste Pattern,Blank
INT0814,FT14385,Police partner,Medium,Waste Pattern,Unknown offender
INT0815,FT04044,Environmental monitoring,Medium,Similar dates,None
INT0816,FT03925,CCTV,High,Waste Pattern,Unknown offender
INT0817,FT06194,Anonymous report,High,Similar dates,None
INT0818,FT10345,CCTV,Medium,Same Location,Blank
INT0819,FT04212,Resident,High,Waste Pattern,Unknown offender
INT0820,FT06580,Waste contractor,Low,Vehicle,No Registration
INT0821,FT09002,Waste contractor,High,Waste Pattern,Blank
INT0822,FT08328,Environmental monitoring,Medium,Waste Pattern,Unknown offender
INT0823,FT04253,Resident,High,Vehicle,None
INT0824,FT14906,Enforcement officer,Low,Same Location,Unknown offender
INT0825,FT11925,CCTV,Low,Similar dates,None
INT0826,FT13599,CCTV,High,Waste Pattern,Blank
INT0827,FT04931,Environmental monitoring,Medium,Similar dates,None
INT0828,FT02390,Waste contractor,High,Similar dates,None
INT0829,FT06079,Council officer,Low,Waste Pattern,Blank
INT0830,FT07420,CCTV,High,Similar dates,None
INT0831,FT02740,Police partner,High,Vehicle,None
INT0832,FT02641,Waste contractor,Medium,Vehicle,None
INT0833,FT06156,Waste contractor,Medium,Vehicle,None
INT0834,FT04196,CCTV,High,Waste Pattern,Blank
INT0835,FT04809,CCTV,Low,Same Location,Blank
INT0836,FT19016,CCTV,High,Vehicle,No Registration
INT0837,FT09501,Council officer,Low,Waste Pattern,Unknown offender
INT0838,FT11140,Enforcement officer,Low,Same Location,Unknown offender
INT0839,FT19195,CCTV,High,Waste Pattern,Blank
INT0840,FT10852,Anonymous report,High,Same Location,Blank
INT0841,FT12727,Police partner,Medium,Same Location,Blank
INT0842,FT19046,Anonymous report,Low,Waste Pattern,Unknown offender
INT0843,FT16165,Council officer,Medium,Vehicle,No Registration
INT0844,FT02471,Police partner,High,Waste Pattern,Unknown offender
INT0845,FT00862,Council officer,High,Same Location,Blank
INT0846,FT18180,Resident,Medium,Similar dates,None
INT0847,FT08046,Council officer,Medium,Similar dates,None
INT0848,FT05934,Waste contractor,Medium,Waste Pattern,Blank
INT0849,FT16412,Environmental monitoring,Medium,Similar dates,None
INT0850,FT13458,Council officer,Low,Same Location,Unknown offender
INT0851,FT02802,Police partner,High,Waste Pattern,Unknown offender
INT0852,FT08086,Enforcement officer,High,Vehicle,None
INT0853,FT00391,Waste contractor,Low,Similar dates,None
INT0854,FT16636,Anonymous report,Low,Waste Pattern,Blank
INT0855,FT19981,Anonymous report,High,Same Location,Unknown offender
INT0856,FT11749,Anonymous report,Low,Same Location,Blank
INT0857,FT17847,Police partner,High,Vehicle,None
INT0858,FT07415,Waste contractor,High,Waste Pattern,Unknown offender
INT0859,FT04447,Enforcement officer,Medium,Vehicle,No Registration
INT0860,FT10250,Waste contractor,High,Similar dates,None
INT0861,FT08018,Environmental monitoring,Low,Waste Pattern,Blank
INT0862,FT15351,Police partner,Low,Waste Pattern,Unknown offender
INT0863,FT04347,Enforcement officer,Medium,Similar dates,None
INT0864,FT05429,Waste contractor,High,Vehicle,No Registration
INT0865,FT02236,Anonymous report,High,Same Location,Unknown offender
INT0866,FT14043,Environmental monitoring,High,Waste Pattern,Blank
INT0867,FT13850,Environmental monitoring,Medium,Same Location,Blank
INT0868,FT17999,Enforcement officer,Low,Waste Pattern,Unknown offender
INT0869,FT02657,Enforcement officer,Medium,Waste Pattern,Unknown offender
INT0870,FT18413,CCTV,Low,Same Location,Unknown offender
INT0871,FT11367,Resident,High,Vehicle,No Registration
INT0872,FT12600,Council officer,Low,Similar dates,None
INT0873,FT14257,CCTV,Low,Waste Pattern,Unknown offender
INT0874,FT11038,Enforcement officer,Medium,Similar dates,None
INT0875,FT05178,Waste contractor,High,Similar dates,None
INT0876,FT14102,Police partner,Medium,Same Location,Unknown offender
INT0877,FT12865,CCTV,Medium,Vehicle,No Registration
INT0878,FT10878,Council officer,High,Waste Pattern,Unknown offender
INT0879,FT09121,CCTV,Medium,Vehicle,None
INT0880,FT05900,Environmental monitoring,Medium,Same Location,Blank
INT0881,FT19982,Council officer,Low,Waste Pattern,Unknown offender
INT0882,FT07492,Resident,Medium,Similar dates,None
INT0883,FT11618,Anonymous report,High,Waste Pattern,Blank
INT0884,FT17522,Waste contractor,High,Similar dates,None
INT0885,FT08345,Police partner,Low,Waste Pattern,Blank
INT0886,FT08378,Council officer,High,Same Location,Blank
INT0887,FT04466,Police partner,Medium,Same Location,Unknown offender
INT0888,FT19513,Council officer,Medium,Vehicle,No Registration
INT0889,FT18014,CCTV,Medium,Similar dates,None
INT0890,FT18088,CCTV,High,Waste Pattern,Unknown offender
INT0891,FT02154,Anonymous report,Medium,Waste Pattern,Blank
INT0892,FT12620,Council officer,Low,Waste Pattern,Blank
INT0893,FT04432,Council officer,Medium,Same Location,Blank
INT0894,FT07109,Police partner,Medium,Waste Pattern,Blank
INT0895,FT14151,Police partner,Medium,Similar dates,None
INT0896,FT02650,Anonymous report,Low,Waste Pattern,Unknown offender
INT0897,FT17361,Waste contractor,Low,Same Location,Blank
INT0898,FT16946,Enforcement officer,Medium,Same Location,Blank
INT0899,FT04830,Environmental monitoring,Medium,Similar dates,None
INT0900,FT02095,Police partner,High,Similar dates,None
INT0901,FT15484,Resident,Medium,Vehicle,None
INT0902,FT00397,Enforcement officer,Medium,Similar dates,None
INT0903,FT17131,Anonymous report,Medium,Vehicle,No Registration
INT0904,FT11889,Environmental monitoring,Medium,Similar dates,None
INT0905,FT13688,Enforcement officer,High,Similar dates,None
INT0906,FT02488,Police partner,High,Similar dates,None
INT0907,FT13675,Waste contractor,Medium,Vehicle,No Registration
INT0908,FT00170,Anonymous report,High,Waste Pattern,Unknown offender
INT0909,FT00426,CCTV,Medium,Same Location,Unknown offender
INT0910,FT17233,Environmental monitoring,High,Vehicle,No Registration
INT0911,FT17291,Enforcement officer,High,Same Location,Blank
INT0912,FT12426,Police partner,Medium,Waste Pattern,Blank
INT0913,FT04375,Environmental monitoring,Low,Same Location,Unknown offender
INT0914,FT16615,Council officer,Medium,Similar dates,None
INT0915,FT09544,Anonymous report,Medium,Vehicle,No Registration
INT0916,FT00524,Environmental monitoring,Low,Similar dates,None
INT0917,FT19306,Enforcement officer,Medium,Waste Pattern,Unknown offender
INT0918,FT18790,Resident,Medium,Same Location,Blank
INT0919,FT16459,Anonymous report,Low,Waste Pattern,Unknown offender
INT0920,FT06380,Waste contractor,High,Similar dates,None
INT0921,FT12764,Police partner,High,Waste Pattern,Blank
INT0922,FT06890,CCTV,High,Waste Pattern,Blank
INT0923,FT06982,Council officer,Low,Waste Pattern,Blank
INT0924,FT17220,Environmental monitoring,Low,Same Location,Blank
INT0925,FT04052,Resident,Medium,Same Location,Unknown offender
INT0926,FT02558,Waste contractor,Medium,Vehicle,None
INT0927,FT17921,CCTV,Medium,Similar dates,None
INT0928,FT05094,Waste contractor,Low,Vehicle,No Registration
INT0929,FT19573,Police partner,High,Vehicle,No Registration
INT0930,FT14420,Police partner,Medium,Same Location,Unknown offender
INT0931,FT04924,Police partner,Medium,Vehicle,No Registration
INT0932,FT18858,Anonymous report,High,Similar dates,None
INT0933,FT08587,Anonymous report,Low,Similar dates,None
INT0934,FT15750,Council officer,Medium,Vehicle,None
INT0935,FT08311,Police partner,Low,Vehicle,None
INT0936,FT03440,Environmental monitoring,High,Same Location,Unknown offender
INT0937,FT03344,CCTV,Medium,Waste Pattern,Unknown offender
INT0938,FT04735,Waste contractor,High,Vehicle,None
INT0939,FT00020,Environmental monitoring,High,Similar dates,None
INT0940,FT12108,Council officer,Medium,Same Location,Blank
INT0941,FT07210,Anonymous report,High,Similar dates,None
INT0942,FT10715,CCTV,Low,Same Location,Blank
INT0943,FT10447,Police partner,High,Same Location,Unknown offender
INT0944,FT17084,Council officer,Low,Same Location,Blank
INT0945,FT09840,Waste contractor,Medium,Vehicle,None
INT0946,FT01192,Resident,Low,Similar dates,None
INT0947,FT17305,Waste contractor,High,Vehicle,None
INT0948,FT11237,Police partner,Medium,Same Location,Unknown offender
INT0949,FT16221,Environmental monitoring,High,Waste Pattern,Blank
INT0950,FT13631,CCTV,High,Similar dates,None
INT0951,FT12376,Council officer,Low,Similar dates,None
INT0952,FT10691,Waste contractor,Low,Similar dates,None
INT0953,FT04020,Environmental monitoring,Low,Similar dates,None
INT0954,FT12138,Anonymous report,Low,Vehicle,No Registration
INT0955,FT01489,Resident,Low,Vehicle,None
INT0956,FT16523,Resident,Medium,Waste Pattern,Blank
INT0957,FT00872,Waste contractor,Medium,Waste Pattern,Blank
INT0958,FT18020,Police partner,High,Similar dates,None
INT0959,FT06906,Environmental monitoring,Low,Waste Pattern,Blank
INT0960,FT12755,Environmental monitoring,Medium,Waste Pattern,Unknown offender
INT0961,FT03502,Resident,Medium,Vehicle,None
INT0962,FT11712,Police partner,High,Vehicle,None
INT0963,FT04840,Council officer,Medium,Waste Pattern,Unknown offender
INT0964,FT09409,CCTV,Medium,Same Location,Unknown offender
INT0965,FT04176,Police partner,Low,Vehicle,No Registration
INT0966,FT05496,Resident,Low,Waste Pattern,Blank
INT0967,FT15331,Resident,Low,Similar dates,None
INT0968,FT07089,Resident,Medium,Same Location,Blank
INT0969,FT19835,Environmental monitoring,High,Same Location,Blank
INT0970,FT16235,CCTV,Low,Same Location,Blank
INT0971,FT06638,Environmental monitoring,Low,Waste Pattern,Blank
INT0972,FT18545,Environmental monitoring,Low,Waste Pattern,Unknown offender
INT0973,FT19377,Resident,Low,Vehicle,No Registration
INT0974,FT16278,Resident,Medium,Waste Pattern,Blank
INT0975,FT18576,Waste contractor,High,Vehicle,None
INT0976,FT06723,Council officer,Medium,Same Location,Blank
INT0977,FT10480,CCTV,High,Vehicle,None
INT0978,FT10276,Police partner,Medium,Waste Pattern,Blank
INT0979,FT11085,Environmental monitoring,Low,Waste Pattern,Blank
INT0980,FT09728,Resident,Low,Waste Pattern,Unknown offender
INT0981,FT18771,Waste contractor,Medium,Similar dates,None
INT0982,FT16336,Anonymous report,High,Waste Pattern,Unknown offender
INT0983,FT04961,Police partner,High,Waste Pattern,Blank
INT0984,FT07073,Police partner,High,Same Location,Blank
INT0985,FT00315,CCTV,Medium,Same Location,Blank
INT0986,FT04952,Council officer,Low,Vehicle,No Registration
INT0987,FT01958,Police partner,Low,Vehicle,No Registration
INT0988,FT00960,Resident,Medium,Same Location,Blank
INT0989,FT02002,Enforcement officer,High,Vehicle,None
INT0990,FT09110,Anonymous report,Low,Same Location,Blank
INT0991,FT17303,Waste contractor,High,Similar dates,None
INT0992,FT18965,Resident,High,Similar dates,None
INT0993,FT01906,Resident,Low,Similar dates,None
INT0994,FT11533,Council officer,Low,Same Location,Unknown offender
INT0995,FT13633,Waste contractor,High,Waste Pattern,Unknown offender
INT0996,FT02073,Waste contractor,Low,Vehicle,None
INT0997,FT07622,Resident,High,Vehicle,None
INT0998,FT18686,Anonymous report,Low,Waste Pattern,Blank
INT0999,FT08707,Resident,High,Vehicle,None
INT1000,FT15397,Anonymous report,Medium,Same Location,Blank
INT1001,FT15623,Environmental monitoring,High,Similar dates,None
INT1002,FT08213,CCTV,Low,Vehicle,None
INT1003,FT14013,Environmental monitoring,Medium,Similar dates,None
INT1004,FT01243,Enforcement officer,Medium,Similar dates,None
INT1005,FT15930,Enforcement officer,Medium,Similar dates,None
INT1006,FT01289,Enforcement officer,Low,Waste Pattern,Blank
INT1007,FT03356,Police partner,High,Similar dates,None
INT1008,FT01184,Enforcement officer,High,Vehicle,None
INT1009,FT17258,CCTV,Low,Waste Pattern,Blank
INT1010,FT04492,Enforcement officer,Medium,Waste Pattern,Unknown offender
INT1011,FT10782,CCTV,Medium,Same Location,Unknown offender
INT1012,FT18665,Resident,High,Similar dates,None
INT1013,FT13901,CCTV,High,Waste Pattern,Blank
INT1014,FT11598,Environmental monitoring,Low,Vehicle,None
INT1015,FT06671,Resident,Medium,Waste Pattern,Blank
INT1016,FT07293,Council officer,Low,Similar dates,None
INT1017,FT11080,Council officer,High,Waste Pattern,Blank
INT1018,FT11887,Anonymous report,High,Similar dates,None
INT1019,FT05735,Waste contractor,High,Similar dates,None
INT1020,FT14571,CCTV,High,Waste Pattern,Unknown offender
INT1021,FT03888,CCTV,Medium,Vehicle,None
INT1022,FT15624,Resident,High,Waste Pattern,Unknown offender
INT1023,FT14568,Police partner,Low,Same Location,Unknown offender
INT1024,FT05979,CCTV,Low,Vehicle,None
INT1025,FT05245,CCTV,Medium,Similar dates,None
INT1026,FT11033,Environmental monitoring,High,Same Location,Blank
INT1027,FT15720,Waste contractor,High,Waste Pattern,Blank
INT1028,FT10284,CCTV,Low,Waste Pattern,Unknown offender
INT1029,FT17716,Anonymous report,Low,Similar dates,None
INT1030,FT06665,Enforcement officer,High,Waste Pattern,Unknown offender
INT1031,FT18195,Police partner,High,Vehicle,None
INT1032,FT08155,Police partner,High,Vehicle,None
INT1033,FT01377,Environmental monitoring,Low,Waste Pattern,Unknown offender
INT1034,FT14491,Resident,High,Waste Pattern,Unknown offender
INT1035,FT09404,Enforcement officer,High,Same Location,Blank
INT1036,FT08115,Resident,Medium,Same Location,Blank
INT1037,FT01643,Waste contractor,Low,Same Location,Unknown offender
INT1038,FT00806,Waste contractor,Medium,Waste Pattern,Blank
INT1039,FT13746,Environmental monitoring,High,Similar dates,None
INT1040,FT00423,Enforcement officer,Low,Vehicle,No Registration
INT1041,FT10087,Police partner,Medium,Similar dates,None
INT1042,FT09399,Council officer,Medium,Similar dates,None
INT1043,FT15728,Council officer,High,Waste Pattern,Unknown offender
INT1044,FT19157,Police partner,Low,Vehicle,None
INT1045,FT12100,Anonymous report,High,Same Location,Blank
INT1046,FT18669,Waste contractor,Low,Vehicle,None
INT1047,FT00766,Enforcement officer,Low,Vehicle,No Registration
INT1048,FT17037,Enforcement officer,High,Vehicle,No Registration
INT1049,FT05226,CCTV,Medium,Same Location,Blank
INT1050,FT16006,Council officer,Low,Same Location,Unknown offender
INT1051,FT04486,Enforcement officer,Medium,Vehicle,None
INT1052,FT14877,Waste contractor,Medium,Waste Pattern,Unknown offender
INT1053,FT10851,CCTV,High,Same Location,Blank
INT1054,FT08281,Waste contractor,Low,Waste Pattern,Blank
INT1055,FT19165,Resident,Low,Waste Pattern,Blank
INT1056,FT18280,Waste contractor,Low,Similar dates,None
INT1057,FT13274,Anonymous report,Low,Vehicle,None
INT1058,FT02036,CCTV,High,Vehicle,None
INT1059,FT00884,Police partner,Medium,Waste Pattern,Unknown offender
INT1060,FT01858,Resident,Low,Same Location,Unknown offender
INT1061,FT01524,Council officer,High,Waste Pattern,Unknown offender
INT1062,FT17488,Enforcement officer,Medium,Same Location,Unknown offender
INT1063,FT00954,Anonymous report,Medium,Similar dates,None
INT1064,FT16135,Enforcement officer,Low,Similar dates,None
INT1065,FT06891,Waste contractor,Medium,Similar dates,None
INT1066,FT04051,Anonymous report,High,Waste Pattern,Blank
INT1067,FT02936,Waste contractor,Medium,Similar dates,None
INT1068,FT02549,CCTV,High,Similar dates,None
INT1069,FT12233,Council officer,High,Similar dates,None
INT1070,FT06934,Waste contractor,Low,Similar dates,None
INT1071,FT06507,Waste contractor,Low,Similar dates,None
INT1072,FT06779,Waste contractor,High,Similar dates,None
INT1073,FT18490,Anonymous report,High,Waste Pattern,Blank
INT1074,FT19185,Enforcement officer,Low,Similar dates,None
INT1075,FT06457,Anonymous report,High,Same Location,Unknown offender
INT1076,FT17272,Enforcement officer,Medium,Same Location,Unknown offender
INT1077,FT14078,Enforcement officer,High,Similar dates,None
INT1078,FT09893,Resident,High,Vehicle,No Registration
INT1079,FT02372,Council officer,High,Same Location,Blank
INT1080,FT04298,CCTV,High,Vehicle,None
INT1081,FT15134,Enforcement officer,High,Similar dates,None
INT1082,FT05647,Waste contractor,High,Waste Pattern,Unknown offender
INT1083,FT17244,CCTV,High,Waste Pattern,Blank
INT1084,FT05880,CCTV,Low,Same Location,Blank
INT1085,FT19792,Anonymous report,Low,Similar dates,None
INT1086,FT13184,CCTV,Medium,Similar dates,None
INT1087,FT18423,Council officer,High,Same Location,Unknown offender
INT1088,FT12458,Enforcement officer,Medium,Vehicle,No Registration
INT1089,FT15281,Council officer,High,Same Location,Unknown offender
INT1090,FT11705,Enforcement officer,High,Similar dates,None
INT1091,FT17731,Police partner,Low,Waste Pattern,Blank
INT1092,FT15004,Council officer,Low,Waste Pattern,Unknown offender
INT1093,FT08286,Anonymous report,Low,Vehicle,None
INT1094,FT15712,Enforcement officer,Low,Same Location,Unknown offender
INT1095,FT09320,Environmental monitoring,High,Similar dates,None
INT1096,FT15205,Environmental monitoring,Medium,Waste Pattern,Unknown offender
INT1097,FT07671,Waste contractor,Medium,Similar dates,None
INT1098,FT02208,Police partner,High,Vehicle,None
INT1099,FT11391,CCTV,Low,Vehicle,None
INT1100,FT09847,Resident,Low,Waste Pattern,Blank
INT1101,FT00452,CCTV,Low,Same Location,Blank
INT1102,FT01036,Anonymous report,Low,Vehicle,None
INT1103,FT10167,Resident,High,Same Location,Blank
INT1104,FT03353,CCTV,High,Waste Pattern,Unknown offender
INT1105,FT09533,Resident,Low,Same Location,Unknown offender
INT1106,FT13693,Resident,Low,Vehicle,No Registration
INT1107,FT15694,CCTV,High,Vehicle,None
INT1108,FT14778,Waste contractor,High,Vehicle,None
INT1109,FT13224,Enforcement officer,Medium,Similar dates,None
INT1110,FT01781,Waste contractor,Medium,Same Location,Unknown offender
INT1111,FT10805,Anonymous report,Medium,Same Location,Unknown offender
INT1112,FT14289,Enforcement officer,High,Same Location,Unknown offender
INT1113,FT19212,CCTV,Medium,Waste Pattern,Unknown offender
INT1114,FT10639,Environmental monitoring,Low,Similar dates,None
INT1115,FT09579,Enforcement officer,Medium,Similar dates,None
INT1116,FT01226,Enforcement officer,Low,Waste Pattern,Blank
INT1117,FT04026,Enforcement officer,Low,Similar dates,None
INT1118,FT13618,Resident,Low,Vehicle,None
INT1119,FT11177,Council officer,High,Similar dates,None
INT1120,FT14755,Enforcement officer,High,Waste Pattern,Unknown offender
INT1121,FT16047,CCTV,Low,Similar dates,None
INT1122,FT14194,Anonymous report,Medium,Same Location,Unknown offender
INT1123,FT02719,Anonymous report,High,Waste Pattern,Blank
INT1124,FT09972,Waste contractor,Medium,Vehicle,None
INT1125,FT10903,Environmental monitoring,Medium,Similar dates,None
INT1126,FT10202,Enforcement officer,High,Similar dates,None
INT1127,FT11693,Environmental monitoring,High,Same Location,Blank
INT1128,FT03208,CCTV,Medium,Similar dates,None
INT1129,FT09859,Enforcement officer,High,Vehicle,No Registration
INT1130,FT13608,Council officer,Low,Similar dates,None
INT1131,FT13474,Enforcement officer,Low,Similar dates,None
INT1132,FT11854,Waste contractor,Low,Vehicle,None
INT1133,FT04544,Waste contractor,High,Similar dates,None
INT1134,FT00672,CCTV,Medium,Similar dates,None
INT1135,FT08639,Waste contractor,Medium,Waste Pattern,Unknown offender
INT1136,FT00607,Enforcement officer,High,Waste Pattern,Blank
INT1137,FT11850,Resident,High,Waste Pattern,Unknown offender
INT1138,FT03481,Environmental monitoring,Low,Same Location,Blank
INT1139,FT13833,Anonymous report,Low,Waste Pattern,Unknown offender
INT1140,FT13746,CCTV,High,Waste Pattern,Blank
INT1141,FT00583,Waste contractor,Low,Vehicle,No Registration
INT1142,FT15717,Environmental monitoring,High,Similar dates,None
INT1143,FT02384,Police partner,Medium,Waste Pattern,Unknown offender
INT1144,FT04366,Waste contractor,Medium,Similar dates,None
INT1145,FT17177,Waste contractor,High,Vehicle,None
INT1146,FT05871,Waste contractor,Medium,Similar dates,None
INT1147,FT18785,Resident,Medium,Vehicle,None
INT1148,FT09077,Enforcement officer,Medium,Similar dates,None
INT1149,FT16269,Enforcement officer,Medium,Same Location,Blank
INT1150,FT12160,Environmental monitoring,High,Similar dates,None
INT1151,FT00791,Anonymous report,Medium,Waste Pattern,Unknown offender
INT1152,FT19174,Environmental monitoring,Medium,Same Location,Blank
INT1153,FT08535,Resident,High,Similar dates,None
INT1154,FT03376,Enforcement officer,Medium,Waste Pattern,Blank
INT1155,FT08273,Waste contractor,Low,Waste Pattern,Blank
INT1156,FT18703,Resident,High,Vehicle,No Registration
INT1157,FT16293,Council officer,Low,Waste Pattern,Unknown offender
INT1158,FT17197,Council officer,Medium,Same Location,Unknown offender
INT1159,FT08420,CCTV,High,Waste Pattern,Blank
INT1160,FT17897,Resident,Low,Waste Pattern,Blank
INT1161,FT00488,Environmental monitoring,Low,Vehicle,None
INT1162,FT12409,Resident,Medium,Vehicle,None
INT1163,FT14878,Resident,Medium,Vehicle,No Registration
INT1164,FT15997,CCTV,Medium,Same Location,Unknown offender
INT1165,FT16953,Environmental monitoring,High,Similar dates,None
INT1166,FT14780,Anonymous report,Low,Vehicle,No Registration
INT1167,FT07984,Enforcement officer,Low,Same Location,Unknown offender
INT1168,FT04447,Enforcement officer,Medium,Waste Pattern,Blank
INT1169,FT19586,Anonymous report,Low,Vehicle,No Registration
INT1170,FT10949,Anonymous report,Low,Similar dates,None
INT1171,FT05130,Anonymous report,High,Same Location,Blank
INT1172,FT07406,Anonymous report,High,Waste Pattern,Unknown offender
INT1173,FT01301,CCTV,Medium,Same Location,Blank
INT1174,FT04562,CCTV,Low,Same Location,Unknown offender
INT1175,FT18297,Anonymous report,Low,Waste Pattern,Unknown offender
INT1176,FT05526,Council officer,High,Vehicle,None
INT1177,FT12078,Anonymous report,Low,Vehicle,None
INT1178,FT07223,Enforcement officer,Medium,Similar dates,None
INT1179,FT09846,Enforcement officer,Low,Vehicle,No Registration
INT1180,FT01505,Resident,Low,Same Location,Blank
INT1181,FT01312,Enforcement officer,Low,Similar dates,None
INT1182,FT06459,Police partner,High,Vehicle,No Registration
INT1183,FT06722,Environmental monitoring,Medium,Waste Pattern,Blank
INT1184,FT14787,Environmental monitoring,High,Waste Pattern,Unknown offender
INT1185,FT02145,Council officer,Low,Same Location,Blank
INT1186,FT05461,Resident,High,Vehicle,None
INT1187,FT14236,Enforcement officer,Medium,Vehicle,None
INT1188,FT06325,CCTV,Low,Vehicle,No Registration
INT1189,FT02518,CCTV,Low,Same Location,Unknown offender
INT1190,FT05772,Environmental monitoring,Low,Similar dates,None
INT1191,FT08469,Anonymous report,High,Vehicle,No Registration
INT1192,FT09889,Anonymous report,Low,Same Location,Blank
INT1193,FT07034,Waste contractor,Medium,Similar dates,None
INT1194,FT17889,Council officer,High,Similar dates,None
INT1195,FT01029,CCTV,Medium,Similar dates,None
INT1196,FT05257,Enforcement officer,Low,Waste Pattern,Unknown offender
INT1197,FT02240,CCTV,Low,Same Location,Unknown offender
INT1198,FT12575,Waste contractor,Medium,Waste Pattern,Unknown offender
INT1199,FT16360,CCTV,Low,Same Location,Blank
INT1200,FT19192,Police partner,High,Same Location,Unknown offender
INT1201,FT09533,Police partner,Medium,Similar dates,None
INT1202,FT01344,Resident,Low,Similar dates,None
INT1203,FT18223,CCTV,Low,Same Location,Blank
INT1204,FT17612,Waste contractor,High,Waste Pattern,Blank
INT1205,FT08571,Waste contractor,Low,Similar dates,None
INT1206,FT08165,Enforcement officer,Low,Same Location,Unknown offender
INT1207,FT17525,Environmental monitoring,High,Vehicle,No Registration
INT1208,FT01916,Resident,High,Vehicle,No Registration
INT1209,FT01384,Police partner,High,Same Location,Unknown offender
INT1210,FT04264,Waste contractor,High,Similar dates,None
INT1211,FT17732,Police partner,Medium,Waste Pattern,Unknown offender
INT1212,FT06616,Environmental monitoring,Low,Waste Pattern,Blank
INT1213,FT04046,Council officer,Low,Same Location,Blank
INT1214,FT05377,Environmental monitoring,Medium,Same Location,Blank
INT1215,FT05435,Anonymous report,Low,Similar dates,None
INT1216,FT15363,Council officer,Low,Waste Pattern,Unknown offender
INT1217,FT11699,Environmental monitoring,Low,Similar dates,None
INT1218,FT13033,Council officer,Low,Same Location,Blank
INT1219,FT04642,Enforcement officer,High,Waste Pattern,Unknown offender
INT1220,FT05777,Enforcement officer,Low,Same Location,Blank
INT1221,FT17765,Enforcement officer,Medium,Vehicle,None
INT1222,FT12890,Waste contractor,High,Waste Pattern,Blank
INT1223,FT02634,Enforcement officer,Low,Vehicle,No Registration
INT1224,FT01946,Waste contractor,High,Waste Pattern,Blank
INT1225,FT12377,Police partner,High,Same Location,Unknown offender
INT1226,FT01036,Police partner,High,Waste Pattern,Blank
INT1227,FT15492,Council officer,Low,Same Location,Unknown offender
INT1228,FT05188,Waste contractor,High,Similar dates,None
INT1229,FT14511,Council officer,High,Similar dates,None
INT1230,FT09669,Council officer,Low,Similar dates,None
INT1231,FT02529,Anonymous report,Low,Waste Pattern,Unknown offender
INT1232,FT04197,CCTV,High,Same Location,Unknown offender
INT1233,FT03725,Waste contractor,Medium,Vehicle,None
INT1234,FT14073,Environmental monitoring,High,Similar dates,None
INT1235,FT11386,CCTV,Medium,Same Location,Blank
INT1236,FT12643,CCTV,High,Waste Pattern,Blank
INT1237,FT02858,Waste contractor,High,Vehicle,No Registration
INT1238,FT09950,Enforcement officer,Medium,Same Location,Blank
INT1239,FT09511,Anonymous report,High,Same Location,Unknown offender
INT1240,FT14443,Anonymous report,Low,Same Location,Unknown offender
INT1241,FT10632,Resident,Low,Waste Pattern,Unknown offender
INT1242,FT04024,Anonymous report,Low,Vehicle,No Registration
INT1243,FT15906,Council officer,Medium,Vehicle,None
INT1244,FT07871,Anonymous report,Medium,Vehicle,None
INT1245,FT09360,Waste contractor,Medium,Waste Pattern,Unknown offender
INT1246,FT17014,Waste contractor,Low,Similar dates,None
INT1247,FT13815,Council officer,High,Waste Pattern,Blank
INT1248,FT08815,Environmental monitoring,Low,Vehicle,None
INT1249,FT04446,Enforcement officer,Low,Vehicle,No Registration
INT1250,FT10312,Council officer,Low,Vehicle,No Registration
INT1251,FT07717,Police partner,Low,Waste Pattern,Unknown offender
INT1252,FT11790,Police partner,High,Similar dates,None
INT1253,FT15437,Environmental monitoring,High,Vehicle,None
INT1254,FT06218,Resident,Low,Waste Pattern,Blank
INT1255,FT19771,Environmental monitoring,High,Same Location,Blank
INT1256,FT00397,Council officer,Medium,Same Location,Unknown offender
INT1257,FT06075,CCTV,High,Same Location,Unknown offender
INT1258,FT10922,Waste contractor,High,Waste Pattern,Unknown offender
INT1259,FT09456,Police partner,Low,Waste Pattern,Blank
INT1260,FT13486,Police partner,Medium,Same Location,Unknown offender
INT1261,FT01881,Police partner,Medium,Similar dates,None
INT1262,FT01845,Police partner,Low,Same Location,Unknown offender
INT1263,FT13776,Police partner,Low,Same Location,Unknown offender
INT1264,FT08966,CCTV,Low,Waste Pattern,Unknown offender
INT1265,FT01988,Resident,Medium,Waste Pattern,Unknown offender
INT1266,FT03969,CCTV,Medium,Similar dates,None
INT1267,FT00002,CCTV,Low,Similar dates,None
INT1268,FT14723,CCTV,High,Vehicle,No Registration
INT1269,FT14366,CCTV,High,Vehicle,No Registration
INT1270,FT00572,Environmental monitoring,Low,Waste Pattern,Blank
INT1271,FT08860,Enforcement officer,Low,Waste Pattern,Blank
INT1272,FT07240,Enforcement officer,High,Similar dates,None
INT1273,FT18929,Enforcement officer,Medium,Similar dates,None
INT1274,FT01512,Resident,Low,Vehicle,No Registration
INT1275,FT07070,Council officer,Low,Same Location,Unknown offender
INT1276,FT06225,Environmental monitoring,Low,Vehicle,None
INT1277,FT08539,Anonymous report,High,Similar dates,None
INT1278,FT13865,Enforcement officer,High,Vehicle,No Registration
INT1279,FT12125,Resident,Low,Waste Pattern,Unknown offender
INT1280,FT04932,Waste contractor,Medium,Vehicle,None
INT1281,FT00269,CCTV,High,Waste Pattern,Blank
INT1282,FT15108,Enforcement officer,High,Same Location,Blank
INT1283,FT12598,Enforcement officer,Low,Same Location,Blank
INT1284,FT13847,Waste contractor,Low,Vehicle,None
INT1285,FT17114,Police partner,High,Similar dates,None
INT1286,FT17208,Waste contractor,Medium,Waste Pattern,Unknown offender
INT1287,FT11712,Enforcement officer,Low,Similar dates,None
INT1288,FT05291,CCTV,Low,Similar dates,None
INT1289,FT11239,CCTV,High,Same Location,Blank
INT1290,FT19271,Enforcement officer,Medium,Same Location,Unknown offender
INT1291,FT06183,Police partner,High,Same Location,Unknown offender
INT1292,FT00514,Anonymous report,Low,Waste Pattern,Blank
INT1293,FT18455,Enforcement officer,Low,Waste Pattern,Blank
INT1294,FT08741,CCTV,Medium,Vehicle,None
INT1295,FT10383,Resident,High,Waste Pattern,Unknown offender
INT1296,FT13899,Police partner,Low,Waste Pattern,Unknown offender
INT1297,FT03787,Enforcement officer,Medium,Similar dates,None
INT1298,FT13576,Council officer,High,Vehicle,None
INT1299,FT05596,Anonymous report,Medium,Same Location,Unknown offender
INT1300,FT18676,CCTV,Low,Waste Pattern,Unknown offender
INT1301,FT14926,CCTV,Low,Waste Pattern,Blank
INT1302,FT04478,CCTV,Low,Waste Pattern,Blank
INT1303,FT05941,Anonymous report,High,Same Location,Unknown offender
INT1304,FT10638,Anonymous report,Medium,Same Location,Unknown offender
INT1305,FT14187,Resident,High,Same Location,Unknown offender
INT1306,FT03200,CCTV,Low,Waste Pattern,Unknown offender
INT1307,FT19852,CCTV,High,Waste Pattern,Blank
INT1308,FT02269,Waste contractor,Medium,Waste Pattern,Unknown offender
INT1309,FT09409,Council officer,High,Same Location,Unknown offender
INT1310,FT17885,Council officer,Low,Similar dates,None
INT1311,FT01729,Environmental monitoring,Medium,Similar dates,None
INT1312,FT16289,Anonymous report,High,Vehicle,None
INT1313,FT05379,Anonymous report,Low,Waste Pattern,Unknown offender
INT1314,FT19906,Police partner,High,Same Location,Blank
INT1315,FT17869,Anonymous report,High,Same Location,Blank
INT1316,FT19300,Waste contractor,Low,Waste Pattern,Unknown offender
INT1317,FT16611,CCTV,High,Same Location,Unknown offender
INT1318,FT06742,Enforcement officer,High,Vehicle,No Registration
INT1319,FT15041,Council officer,Low,Vehicle,No Registration
INT1320,FT06817,Resident,High,Waste Pattern,Unknown offender
INT1321,FT19940,Environmental monitoring,High,Waste Pattern,Unknown offender
INT1322,FT10217,Resident,Medium,Waste Pattern,Unknown offender
INT1323,FT19930,Enforcement officer,Medium,Same Location,Unknown offender
INT1324,FT13882,Anonymous report,Medium,Same Location,Unknown offender
INT1325,FT05561,Enforcement officer,Low,Vehicle,None
INT1326,FT10797,Environmental monitoring,High,Waste Pattern,Unknown offender
INT1327,FT00443,Police partner,Low,Same Location,Blank
INT1328,FT06164,Enforcement officer,Medium,Similar dates,None
INT1329,FT11314,Council officer,High,Vehicle,None
INT1330,FT00247,Council officer,Low,Same Location,Blank
INT1331,FT17573,Waste contractor,High,Vehicle,No Registration
INT1332,FT19338,Waste contractor,Low,Same Location,Blank
INT1333,FT11376,Anonymous report,Medium,Similar dates,None
INT1334,FT00347,CCTV,High,Waste Pattern,Blank
INT1335,FT15374,Police partner,High,Similar dates,None
INT1336,FT17212,Enforcement officer,Medium,Similar dates,None
INT1337,FT11062,Waste contractor,High,Similar dates,None
INT1338,FT11102,Police partner,Medium,Vehicle,No Registration
INT1339,FT05586,Enforcement officer,High,Similar dates,None
INT1340,FT03988,CCTV,Low,Same Location,Blank
INT1341,FT15996,CCTV,Medium,Waste Pattern,Unknown offender
INT1342,FT03489,Enforcement officer,Low,Same Location,Unknown offender
INT1343,FT02124,Resident,Medium,Vehicle,No Registration
INT1344,FT13519,CCTV,Low,Vehicle,None
INT1345,FT12565,Waste contractor,Low,Same Location,Blank
INT1346,FT03490,Police partner,Medium,Same Location,Blank
INT1347,FT01573,Council officer,Medium,Vehicle,No Registration
INT1348,FT12652,Council officer,Medium,Waste Pattern,Blank
INT1349,FT18809,CCTV,Medium,Vehicle,None
INT1350,FT12016,Waste contractor,High,Similar dates,None
INT1351,FT00142,Council officer,Medium,Same Location,Unknown offender
INT1352,FT15186,Anonymous report,High,Similar dates,None
INT1353,FT09813,Environmental monitoring,High,Waste Pattern,Blank
INT1354,FT10460,Police partner,Low,Waste Pattern,Unknown offender
INT1355,FT12428,Environmental monitoring,Medium,Same Location,Blank
INT1356,FT04523,Environmental monitoring,Low,Vehicle,No Registration
INT1357,FT01126,Police partner,Low,Vehicle,None
INT1358,FT13918,Waste contractor,High,Vehicle,None
INT1359,FT18898,Environmental monitoring,Low,Same Location,Blank
INT1360,FT12351,Anonymous report,High,Waste Pattern,Blank
INT1361,FT15566,Enforcement officer,Low,Waste Pattern,Blank
INT1362,FT09248,Resident,Low,Same Location,Blank
INT1363,FT06937,Police partner,High,Similar dates,None
INT1364,FT01610,Enforcement officer,Medium,Similar dates,None
INT1365,FT10756,CCTV,Medium,Vehicle,No Registration
INT1366,FT01636,Enforcement officer,Medium,Same Location,Blank
INT1367,FT18428,CCTV,High,Same Location,Blank
INT1368,FT15414,Waste contractor,Low,Waste Pattern,Blank
INT1369,FT17543,Council officer,High,Same Location,Unknown offender
INT1370,FT11003,Waste contractor,Low,Waste Pattern,Unknown offender
INT1371,FT08599,Anonymous report,High,Waste Pattern,Blank
INT1372,FT02150,Police partner,High,Vehicle,None
INT1373,FT04766,Waste contractor,Medium,Waste Pattern,Unknown offender
INT1374,FT04736,Waste contractor,Medium,Vehicle,None
INT1375,FT12981,CCTV,High,Same Location,Blank
INT1376,FT00593,Anonymous report,Low,Same Location,Blank
INT1377,FT12227,Resident,Medium,Waste Pattern,Unknown offender
INT1378,FT07969,Environmental monitoring,High,Same Location,Unknown offender
INT1379,FT03825,CCTV,Medium,Vehicle,No Registration
INT1380,FT05271,Environmental monitoring,Low,Vehicle,None
INT1381,FT06878,Resident,Medium,Similar dates,None
INT1382,FT12708,Resident,High,Waste Pattern,Unknown offender
INT1383,FT04091,Environmental monitoring,Medium,Same Location,Unknown offender
INT1384,FT02784,Enforcement officer,Medium,Similar dates,None
INT1385,FT09224,Waste contractor,Low,Same Location,Unknown offender
INT1386,FT04990,CCTV,Medium,Waste Pattern,Unknown offender
INT1387,FT19885,Police partner,High,Similar dates,None
INT1388,FT13505,Council officer,High,Vehicle,No Registration
INT1389,FT13401,Anonymous report,High,Similar dates,None
INT1390,FT04086,Enforcement officer,Low,Same Location,Unknown offender
INT1391,FT06977,Anonymous report,Low,Waste Pattern,Blank
INT1392,FT14646,Resident,Low,Same Location,Unknown offender
INT1393,FT02110,Waste contractor,Low,Similar dates,None
INT1394,FT04741,Anonymous report,Low,Same Location,Unknown offender
INT1395,FT10361,CCTV,High,Vehicle,No Registration
INT1396,FT16137,Environmental monitoring,Medium,Same Location,Blank
INT1397,FT06990,Anonymous report,High,Waste Pattern,Blank
INT1398,FT08224,Waste contractor,Medium,Vehicle,None
INT1399,FT10086,Waste contractor,Low,Vehicle,No Registration
INT1400,FT12497,Police partner,High,Vehicle,None
INT1401,FT16616,CCTV,Low,Same Location,Blank
INT1402,FT19242,Council officer,High,Vehicle,No Registration
INT1403,FT14100,Environmental monitoring,High,Vehicle,No Registration
INT1404,FT00541,Enforcement officer,Medium,Waste Pattern,Unknown offender
INT1405,FT15834,Enforcement officer,Medium,Same Location,Unknown offender
INT1406,FT19127,Resident,Medium,Waste Pattern,Blank
INT1407,FT07913,Resident,High,Similar dates,None
INT1408,FT12475,Council officer,High,Vehicle,None
INT1409,FT04567,Police partner,High,Similar dates,None
INT1410,FT13306,Environmental monitoring,High,Waste Pattern,Blank
INT1411,FT03278,Police partner,High,Waste Pattern,Unknown offender
INT1412,FT15533,Enforcement officer,Low,Waste Pattern,Unknown offender
INT1413,FT06402,Waste contractor,High,Similar dates,None
INT1414,FT06146,Council officer,Low,Waste Pattern,Blank
INT1415,FT00064,Enforcement officer,High,Vehicle,No Registration
INT1416,FT16983,Enforcement officer,Low,Similar dates,None
INT1417,FT19120,Environmental monitoring,Low,Vehicle,None
INT1418,FT03041,CCTV,High,Waste Pattern,Blank
INT1419,FT04515,Council officer,High,Vehicle,None
INT1420,FT04389,Police partner,Low,Vehicle,No Registration
INT1421,FT01665,Waste contractor,Medium,Same Location,Blank
INT1422,FT18504,CCTV,High,Similar dates,None
INT1423,FT02458,Resident,High,Waste Pattern,Blank
INT1424,FT04728,Council officer,Low,Vehicle,No Registration
INT1425,FT05671,Police partner,Low,Similar dates,None
INT1426,FT17513,Enforcement officer,Low,Vehicle,None
INT1427,FT07154,Environmental monitoring,Medium,Vehicle,No Registration
INT1428,FT10169,Police partner,Medium,Vehicle,No Registration
INT1429,FT07395,Council officer,Medium,Same Location,Unknown offender
INT1430,FT14872,Council officer,Low,Vehicle,None
INT1431,FT08301,Waste contractor,High,Waste Pattern,Unknown offender
INT1432,FT12046,Police partner,Low,Vehicle,None
INT1433,FT15709,Environmental monitoring,Medium,Vehicle,No Registration
INT1434,FT17025,Environmental monitoring,High,Same Location,Unknown offender
INT1435,FT16150,CCTV,Medium,Waste Pattern,Blank
INT1436,FT07133,Waste contractor,High,Vehicle,No Registration
INT1437,FT10951,Anonymous report,High,Waste Pattern,Unknown offender
INT1438,FT16456,Environmental monitoring,Low,Vehicle,None
INT1439,FT13766,Environmental monitoring,High,Same Location,Blank
INT1440,FT14610,Enforcement officer,Medium,Vehicle,No Registration
INT1441,FT02292,Police partner,High,Same Location,Unknown offender
INT1442,FT16076,Resident,High,Similar dates,None
INT1443,FT01616,Waste contractor,Low,Same Location,Unknown offender
INT1444,FT06697,Resident,Medium,Waste Pattern,Unknown offender
INT1445,FT08586,CCTV,Low,Waste Pattern,Unknown offender
INT1446,FT02345,Waste contractor,High,Waste Pattern,Blank
INT1447,FT01893,Police partner,High,Waste Pattern,Blank
INT1448,FT08794,Police partner,Medium,Same Location,Blank
INT1449,FT12669,Anonymous report,High,Similar dates,None
INT1450,FT03179,CCTV,Medium,Waste Pattern,Blank
INT1451,FT15380,CCTV,Medium,Vehicle,No Registration
INT1452,FT09163,Council officer,Medium,Waste Pattern,Blank
INT1453,FT11540,Anonymous report,Low,Same Location,Blank
INT1454,FT08685,CCTV,Low,Vehicle,No Registration
INT1455,FT12203,Enforcement officer,Low,Same Location,Unknown offender
INT1456,FT06077,Council officer,Low,Same Location,Unknown offender
INT1457,FT15706,Waste contractor,Medium,Vehicle,None
INT1458,FT08754,Police partner,High,Same Location,Unknown offender
INT1459,FT08944,Resident,High,Similar dates,None
INT1460,FT19764,Environmental monitoring,Medium,Waste Pattern,Blank
INT1461,FT09502,Resident,High,Vehicle,No Registration
INT1462,FT04642,Waste contractor,Medium,Vehicle,No Registration
INT1463,FT02492,Anonymous report,Low,Similar dates,None
INT1464,FT06372,Enforcement officer,Low,Vehicle,No Registration
INT1465,FT18045,Anonymous report,Medium,Waste Pattern,Unknown offender
INT1466,FT03233,Waste contractor,Medium,Similar dates,None
INT1467,FT08748,Waste contractor,Medium,Vehicle,None
INT1468,FT12761,Council officer,High,Similar dates,None
INT1469,FT13159,Resident,Low,Same Location,Blank
INT1470,FT11458,Anonymous report,High,Same Location,Blank
INT1471,FT01678,Council officer,Medium,Vehicle,None
INT1472,FT19623,Anonymous report,Low,Vehicle,None
INT1473,FT00331,Enforcement officer,Medium,Same Location,Unknown offender
INT1474,FT12412,Waste contractor,Low,Similar dates,None
INT1475,FT07809,Resident,Medium,Vehicle,No Registration
INT1476,FT18332,Enforcement officer,Medium,Similar dates,None
INT1477,FT09052,Waste contractor,Medium,Same Location,Blank
INT1478,FT15968,Resident,Medium,Similar dates,None
INT1479,FT00625,Resident,Medium,Same Location,Blank
INT1480,FT15007,Environmental monitoring,High,Waste Pattern,Blank
INT1481,FT10651,Anonymous report,Medium,Similar dates,None
INT1482,FT11511,Council officer,Medium,Similar dates,None
INT1483,FT12009,CCTV,High,Waste Pattern,Unknown offender
INT1484,FT10993,Enforcement officer,High,Waste Pattern,Unknown offender
INT1485,FT06712,Environmental monitoring,Medium,Same Location,Unknown offender
INT1486,FT10254,CCTV,Medium,Waste Pattern,Blank
INT1487,FT19530,Waste contractor,Medium,Similar dates,None
INT1488,FT04374,Environmental monitoring,Low,Vehicle,None
INT1489,FT03167,Police partner,Low,Same Location,Unknown offender
INT1490,FT05053,Waste contractor,High,Vehicle,No Registration
INT1491,FT00732,Resident,High,Waste Pattern,Blank
INT1492,FT08200,Enforcement officer,Medium,Similar dates,None
INT1493,FT03572,Anonymous report,Medium,Waste Pattern,Blank
INT1494,FT19596,Council officer,Low,Same Location,Unknown offender
INT1495,FT16932,Anonymous report,Medium,Vehicle,None
INT1496,FT07045,Environmental monitoring,Low,Similar dates,None
INT1497,FT18452,Enforcement officer,Medium,Same Location,Unknown offender
INT1498,FT17440,Enforcement officer,High,Similar dates,None
INT1499,FT19702,Waste contractor,High,Same Location,Unknown offender
INT1500,FT09204,Resident,Medium,Vehicle,No Registration
INT1501,FT08960,Waste contractor,Low,Similar dates,None
INT1502,FT05765,CCTV,High,Same Location,Blank
INT1503,FT17271,Police partner,Low,Similar dates,None
INT1504,FT07708,Police partner,High,Vehicle,None
INT1505,FT15662,CCTV,Medium,Similar dates,None
INT1506,FT04513,Anonymous report,High,Same Location,Unknown offender
INT1507,FT16736,Environmental monitoring,High,Vehicle,None
INT1508,FT05045,Anonymous report,Medium,Same Location,Blank
INT1509,FT07579,Council officer,High,Similar dates,None
INT1510,FT16159,Council officer,Medium,Waste Pattern,Blank
INT1511,FT02531,Waste contractor,Medium,Vehicle,No Registration
INT1512,FT18916,Waste contractor,High,Waste Pattern,Unknown offender
INT1513,FT11573,Environmental monitoring,Medium,Vehicle,No Registration
INT1514,FT13266,Resident,High,Vehicle,No Registration
INT1515,FT17204,Environmental monitoring,High,Vehicle,None
INT1516,FT10204,Enforcement officer,High,Vehicle,None
INT1517,FT08882,Resident,High,Vehicle,None
INT1518,FT03206,Resident,Low,Waste Pattern,Unknown offender
INT1519,FT11411,Environmental monitoring,Medium,Vehicle,No Registration
INT1520,FT16613,Resident,Low,Similar dates,None
INT1521,FT04068,Anonymous report,Medium,Same Location,Blank
INT1522,FT04476,Anonymous report,Medium,Waste Pattern,Unknown offender
INT1523,FT00456,Enforcement officer,Low,Same Location,Blank
INT1524,FT02961,Police partner,High,Similar dates,None
INT1525,FT09919,Police partner,Low,Vehicle,None
INT1526,FT18188,Enforcement officer,Low,Similar dates,None
INT1527,FT08879,Police partner,Medium,Similar dates,None
INT1528,FT19080,Waste contractor,Medium,Vehicle,No Registration
INT1529,FT00746,Waste contractor,Medium,Waste Pattern,Unknown offender
INT1530,FT14600,Police partner,Low,Similar dates,None
INT1531,FT01558,Police partner,Low,Vehicle,No Registration
INT1532,FT04410,Waste contractor,Medium,Same Location,Unknown offender
INT1533,FT15842,Council officer,High,Waste Pattern,Unknown offender
INT1534,FT05027,Environmental monitoring,High,Waste Pattern,Blank
INT1535,FT02839,Resident,Low,Same Location,Unknown offender
INT1536,FT07805,Environmental monitoring,Low,Waste Pattern,Blank
INT1537,FT02256,Police partner,Low,Vehicle,No Registration
INT1538,FT10052,Enforcement officer,High,Waste Pattern,Unknown offender
INT1539,FT17204,Resident,Medium,Waste Pattern,Blank
INT1540,FT19644,Police partner,High,Similar dates,None
INT1541,FT09574,Enforcement officer,Medium,Waste Pattern,Unknown offender
INT1542,FT04073,Enforcement officer,Low,Vehicle,None
INT1543,FT14459,Waste contractor,Medium,Vehicle,None
INT1544,FT02076,Council officer,Low,Waste Pattern,Blank
INT1545,FT13971,Enforcement officer,High,Waste Pattern,Unknown offender
INT1546,FT02030,Resident,Low,Same Location,Unknown offender
INT1547,FT14407,Council officer,Medium,Similar dates,None
INT1548,FT07895,Police partner,Medium,Vehicle,None
INT1549,FT16431,CCTV,High,Waste Pattern,Unknown offender
INT1550,FT05101,Council officer,Medium,Same Location,Unknown offender
INT1551,FT15461,Council officer,Low,Same Location,Blank
INT1552,FT12903,Environmental monitoring,Low,Waste Pattern,Unknown offender
INT1553,FT19940,Environmental monitoring,Medium,Similar dates,None
INT1554,FT12566,Anonymous report,High,Waste Pattern,Unknown offender
INT1555,FT07159,Police partner,Medium,Vehicle,None
INT1556,FT08526,Resident,Medium,Vehicle,None
INT1557,FT18578,Council officer,Low,Waste Pattern,Unknown offender
INT1558,FT07691,Environmental monitoring,Low,Same Location,Unknown offender
INT1559,FT00113,Waste contractor,Medium,Vehicle,None
INT1560,FT18831,Waste contractor,Low,Waste Pattern,Blank
INT1561,FT17290,Anonymous report,Medium,Waste Pattern,Blank
INT1562,FT14580,Enforcement officer,Medium,Similar dates,None
INT1563,FT15981,Police partner,Low,Similar dates,None
INT1564,FT01537,Police partner,Medium,Waste Pattern,Blank
INT1565,FT12763,Anonymous report,Medium,Similar dates,None
INT1566,FT04362,Anonymous report,Low,Same Location,Blank
INT1567,FT09437,Enforcement officer,Low,Similar dates,None
INT1568,FT06316,Council officer,Low,Vehicle,No Registration
INT1569,FT03246,Enforcement officer,Medium,Vehicle,None
INT1570,FT07035,Enforcement officer,Low,Similar dates,None
INT1571,FT00950,Resident,Low,Waste Pattern,Unknown offender
INT1572,FT00480,Environmental monitoring,High,Waste Pattern,Blank
INT1573,FT07581,Waste contractor,Low,Similar dates,None
INT1574,FT04244,Anonymous report,Low,Similar dates,None
INT1575,FT15577,CCTV,Low,Same Location,Blank
INT1576,FT09727,Environmental monitoring,Medium,Waste Pattern,Unknown offender
INT1577,FT13074,Anonymous report,High,Vehicle,None
INT1578,FT05174,Police partner,High,Similar dates,None
INT1579,FT15753,Environmental monitoring,High,Waste Pattern,Blank
INT1580,FT02117,Police partner,Medium,Waste Pattern,Blank
INT1581,FT01347,Police partner,Low,Similar dates,None
INT1582,FT06699,Waste contractor,Low,Similar dates,None
INT1583,FT14045,CCTV,Medium,Same Location,Blank
INT1584,FT07593,Police partner,High,Waste Pattern,Blank
INT1585,FT14686,Anonymous report,Low,Similar dates,None
INT1586,FT15875,Environmental monitoring,High,Similar dates,None
INT1587,FT00093,Council officer,Medium,Waste Pattern,Unknown offender
INT1588,FT18482,Environmental monitoring,Low,Waste Pattern,Blank
INT1589,FT05472,Police partner,High,Same Location,Unknown offender
INT1590,FT11948,Resident,Medium,Waste Pattern,Unknown offender
INT1591,FT06816,CCTV,Medium,Vehicle,None
INT1592,FT11094,Police partner,High,Waste Pattern,Blank
INT1593,FT02607,Waste contractor,Low,Similar dates,None
INT1594,FT01015,CCTV,High,Vehicle,None
INT1595,FT10012,Resident,High,Vehicle,None
INT1596,FT18230,Environmental monitoring,High,Same Location,Unknown offender
INT1597,FT04643,Enforcement officer,Medium,Vehicle,No Registration
INT1598,FT14611,Resident,Medium,Similar dates,None
INT1599,FT05951,CCTV,Medium,Similar dates,None
INT1600,FT17805,Council officer,Medium,Waste Pattern,Blank
INT1601,FT16115,Environmental monitoring,High,Vehicle,No Registration
INT1602,FT19706,Resident,High,Vehicle,No Registration
INT1603,FT13372,Council officer,Medium,Vehicle,No Registration
INT1604,FT10353,Enforcement officer,Low,Vehicle,None
INT1605,FT06109,Waste contractor,Medium,Vehicle,None
INT1606,FT01571,Environmental monitoring,High,Waste Pattern,Unknown offender
INT1607,FT01291,Resident,Medium,Waste Pattern,Blank
INT1608,FT19241,Waste contractor,Low,Similar dates,None
INT1609,FT11409,Anonymous report,Medium,Similar dates,None
INT1610,FT14239,Police partner,Medium,Similar dates,None
INT1611,FT05506,Council officer,Medium,Waste Pattern,Blank
INT1612,FT03246,Anonymous report,Medium,Similar dates,None
INT1613,FT09010,Resident,Low,Waste Pattern,Unknown offender
INT1614,FT12756,CCTV,High,Same Location,Unknown offender
INT1615,FT01181,Environmental monitoring,High,Vehicle,No Registration
INT1616,FT15240,Environmental monitoring,Medium,Similar dates,None
INT1617,FT02903,Waste contractor,High,Same Location,Unknown offender
INT1618,FT14903,Enforcement officer,High,Same Location,Blank
INT1619,FT14867,CCTV,High,Similar dates,None
INT1620,FT11886,Environmental monitoring,Low,Similar dates,None
INT1621,FT18371,Enforcement officer,High,Same Location,Unknown offender
INT1622,FT13332,CCTV,High,Vehicle,None
INT1623,FT19835,Waste contractor,Medium,Similar dates,None
INT1624,FT18979,Waste contractor,High,Same Location,Unknown offender
INT1625,FT04223,Environmental monitoring,Medium,Similar dates,None
INT1626,FT06500,Enforcement officer,Medium,Same Location,Unknown offender
INT1627,FT18186,Enforcement officer,High,Similar dates,None
INT1628,FT12210,Anonymous report,High,Similar dates,None
INT1629,FT19567,Waste contractor,High,Waste Pattern,Unknown offender
INT1630,FT09697,Environmental monitoring,Medium,Same Location,Unknown offender
INT1631,FT14706,CCTV,Medium,Similar dates,None
INT1632,FT15351,Enforcement officer,Medium,Vehicle,None
INT1633,FT03818,Waste contractor,High,Similar dates,None
INT1634,FT17604,Enforcement officer,High,Vehicle,No Registration
INT1635,FT13410,Environmental monitoring,Low,Waste Pattern,Unknown offender
INT1636,FT07251,Waste contractor,Low,Waste Pattern,Blank
INT1637,FT02017,Police partner,High,Waste Pattern,Blank
INT1638,FT01189,Anonymous report,Low,Vehicle,No Registration
INT1639,FT03979,Enforcement officer,Low,Same Location,Blank
INT1640,FT06703,Police partner,Medium,Waste Pattern,Unknown offender
INT1641,FT15817,Waste contractor,Low,Waste Pattern,Unknown offender
INT1642,FT15126,Police partner,High,Same Location,Unknown offender
INT1643,FT18791,Resident,Low,Similar dates,None
INT1644,FT10410,Anonymous report,High,Vehicle,None
INT1645,FT16908,Council officer,High,Waste Pattern,Unknown offender
INT1646,FT08243,Enforcement officer,Low,Waste Pattern,Unknown offender
INT1647,FT05957,Council officer,High,Waste Pattern,Unknown offender
INT1648,FT12127,Environmental monitoring,Low,Waste Pattern,Blank
INT1649,FT19475,Council officer,High,Vehicle,No Registration
INT1650,FT11006,Police partner,Low,Vehicle,No Registration
INT1651,FT10287,Waste contractor,Medium,Waste Pattern,Blank
INT1652,FT11946,Resident,Low,Vehicle,No Registration
INT1653,FT08658,Anonymous report,High,Vehicle,None
INT1654,FT18287,Waste contractor,Medium,Same Location,Blank
INT1655,FT04195,Enforcement officer,High,Vehicle,None
INT1656,FT05765,Enforcement officer,Medium,Vehicle,None
INT1657,FT15502,Environmental monitoring,High,Vehicle,No Registration
INT1658,FT09976,Waste contractor,High,Vehicle,No Registration
INT1659,FT15886,Anonymous report,Low,Vehicle,None
INT1660,FT16908,Resident,High,Waste Pattern,Unknown offender
INT1661,FT12296,Council officer,Low,Same Location,Blank
INT1662,FT07327,Enforcement officer,Medium,Waste Pattern,Blank
INT1663,FT17908,Police partner,Low,Waste Pattern,Unknown offender
INT1664,FT10374,Environmental monitoring,Medium,Vehicle,None
INT1665,FT02053,Anonymous report,Medium,Vehicle,No Registration
INT1666,FT08197,Waste contractor,High,Waste Pattern,Blank
INT1667,FT00812,Environmental monitoring,Medium,Similar dates,None
INT1668,FT13228,Enforcement officer,Medium,Waste Pattern,Blank
INT1669,FT19237,Council officer,High,Same Location,Unknown offender
INT1670,FT16744,Resident,Low,Waste Pattern,Blank
INT1671,FT05070,Waste contractor,Low,Vehicle,None
INT1672,FT01838,Police partner,High,Same Location,Unknown offender
INT1673,FT11617,Police partner,High,Vehicle,None
INT1674,FT12176,Council officer,High,Vehicle,No Registration
INT1675,FT13689,Anonymous report,High,Vehicle,No Registration
INT1676,FT01614,Environmental monitoring,Low,Waste Pattern,Unknown offender
INT1677,FT04087,Enforcement officer,Medium,Similar dates,None
INT1678,FT03037,Enforcement officer,Medium,Similar dates,None
INT1679,FT00843,Resident,Low,Vehicle,No Registration
INT1680,FT05914,CCTV,Low,Waste Pattern,Unknown offender
INT1681,FT02601,Enforcement officer,High,Similar dates,None
INT1682,FT10795,Waste contractor,Low,Waste Pattern,Blank
INT1683,FT09773,Anonymous report,Medium,Same Location,Unknown offender
INT1684,FT08020,Waste contractor,Low,Waste Pattern,Unknown offender
INT1685,FT09263,CCTV,Low,Waste Pattern,Blank
INT1686,FT13948,Council officer,Low,Same Location,Unknown offender
INT1687,FT18295,Council officer,High,Waste Pattern,Blank
INT1688,FT14498,Police partner,Low,Similar dates,None
INT1689,FT06984,Enforcement officer,High,Vehicle,No Registration
INT1690,FT04297,Enforcement officer,Medium,Waste Pattern,Blank
INT1691,FT03893,CCTV,Low,Waste Pattern,Blank
INT1692,FT18914,CCTV,High,Similar dates,None
INT1693,FT07329,Anonymous report,Low,Similar dates,None
INT1694,FT01222,Council officer,Medium,Similar dates,None
INT1695,FT04488,Police partner,Medium,Waste Pattern,Blank
INT1696,FT10299,Resident,Low,Waste Pattern,Blank
INT1697,FT06340,Waste contractor,High,Similar dates,None
INT1698,FT06873,Resident,Medium,Similar dates,None
INT1699,FT05574,Environmental monitoring,High,Same Location,Unknown offender
INT1700,FT14195,CCTV,High,Vehicle,No Registration
INT1701,FT07930,Anonymous report,Medium,Waste Pattern,Blank
INT1702,FT08201,Environmental monitoring,High,Vehicle,No Registration
INT1703,FT14527,Anonymous report,Medium,Waste Pattern,Blank
INT1704,FT01789,Resident,Medium,Waste Pattern,Blank
INT1705,FT01235,Waste contractor,Low,Same Location,Unknown offender
INT1706,FT08058,CCTV,Low,Similar dates,None
INT1707,FT14076,Environmental monitoring,High,Same Location,Unknown offender
INT1708,FT19684,Waste contractor,Low,Waste Pattern,Blank
INT1709,FT14783,Anonymous report,Medium,Vehicle,No Registration
INT1710,FT06264,Resident,High,Waste Pattern,Unknown offender
INT1711,FT05959,Council officer,Low,Similar dates,None
INT1712,FT05638,Resident,Low,Vehicle,No Registration
INT1713,FT03317,Anonymous report,High,Same Location,Blank
INT1714,FT09863,Resident,Low,Same Location,Blank
INT1715,FT04306,Resident,Medium,Similar dates,None
INT1716,FT08920,Environmental monitoring,Low,Same Location,Unknown offender
INT1717,FT04436,Waste contractor,Medium,Same Location,Blank
INT1718,FT00351,Resident,High,Waste Pattern,Unknown offender
INT1719,FT05021,Environmental monitoring,High,Similar dates,None
INT1720,FT14380,Environmental monitoring,Low,Same Location,Blank
INT1721,FT17800,Council officer,Low,Vehicle,No Registration
INT1722,FT19527,Environmental monitoring,Medium,Waste Pattern,Unknown offender
INT1723,FT02764,Resident,Low,Same Location,Blank
INT1724,FT16413,Environmental monitoring,High,Similar dates,None
INT1725,FT19087,Anonymous report,High,Same Location,Unknown offender
INT1726,FT18936,Council officer,Low,Vehicle,None
INT1727,FT18735,Police partner,Medium,Similar dates,None
INT1728,FT02606,Resident,Medium,Waste Pattern,Blank
INT1729,FT07500,Resident,High,Waste Pattern,Unknown offender
INT1730,FT14538,Waste contractor,Low,Vehicle,No Registration
INT1731,FT15667,Waste contractor,Medium,Similar dates,None
INT1732,FT01075,Anonymous report,Medium,Waste Pattern,Unknown offender
INT1733,FT14893,Council officer,Low,Same Location,Blank
INT1734,FT04921,Council officer,High,Similar dates,None
INT1735,FT16833,Council officer,High,Same Location,Unknown offender
INT1736,FT12250,Police partner,High,Same Location,Blank
INT1737,FT12825,Council officer,Low,Same Location,Blank
INT1738,FT01343,Environmental monitoring,High,Same Location,Blank
INT1739,FT10574,Police partner,Medium,Same Location,Unknown offender
INT1740,FT10307,Waste contractor,Low,Same Location,Blank
INT1741,FT19603,Waste contractor,Medium,Vehicle,No Registration
INT1742,FT09925,Resident,High,Waste Pattern,Blank
INT1743,FT14918,Waste contractor,High,Vehicle,None
INT1744,FT18693,Resident,Medium,Vehicle,No Registration
INT1745,FT18346,Enforcement officer,Medium,Waste Pattern,Blank
INT1746,FT04543,Waste contractor,Medium,Same Location,Blank
INT1747,FT02613,Police partner,High,Waste Pattern,Blank
INT1748,FT19986,Anonymous report,Low,Same Location,Blank
INT1749,FT05367,Anonymous report,Medium,Similar dates,None
INT1750,FT18297,CCTV,Medium,Vehicle,No Registration
INT1751,FT15791,Anonymous report,High,Similar dates,None
INT1752,FT06190,Council officer,High,Same Location,Unknown offender
INT1753,FT11175,Anonymous report,High,Similar dates,None
INT1754,FT01261,Waste contractor,Low,Similar dates,None
INT1755,FT05620,Council officer,Low,Similar dates,None
INT1756,FT14763,Resident,High,Similar dates,None
INT1757,FT14906,Police partner,High,Waste Pattern,Blank
INT1758,FT05848,Anonymous report,Medium,Waste Pattern,Unknown offender
INT1759,FT17483,Council officer,Medium,Waste Pattern,Unknown offender
INT1760,FT19501,CCTV,Medium,Similar dates,None
INT1761,FT13649,Police partner,Medium,Vehicle,No Registration
INT1762,FT19763,Anonymous report,Medium,Vehicle,None
INT1763,FT15638,CCTV,High,Waste Pattern,Blank
INT1764,FT00334,Enforcement officer,Low,Waste Pattern,Blank
INT1765,FT04168,Environmental monitoring,Medium,Waste Pattern,Unknown offender
INT1766,FT09303,Enforcement officer,Medium,Vehicle,None
INT1767,FT01510,Police partner,High,Same Location,Unknown offender
INT1768,FT19143,Anonymous report,Low,Vehicle,None
INT1769,FT10823,Environmental monitoring,Medium,Same Location,Unknown offender
INT1770,FT11333,Environmental monitoring,Medium,Same Location,Unknown offender
INT1771,FT00814,Council officer,High,Similar dates,None
INT1772,FT04911,Police partner,Low,Similar dates,None
INT1773,FT03808,Waste contractor,Low,Vehicle,None
INT1774,FT05410,Environmental monitoring,High,Vehicle,No Registration
INT1775,FT06700,Resident,Medium,Similar dates,None
INT1776,FT11623,Waste contractor,High,Vehicle,No Registration
INT1777,FT14125,CCTV,Low,Same Location,Unknown offender
INT1778,FT00078,Waste contractor,High,Vehicle,No Registration
INT1779,FT02900,Enforcement officer,Low,Waste Pattern,Unknown offender
INT1780,FT15964,Council officer,Medium,Waste Pattern,Blank
INT1781,FT05032,Environmental monitoring,Medium,Similar dates,None
INT1782,FT14310,Enforcement officer,High,Vehicle,None
INT1783,FT09460,Resident,High,Waste Pattern,Blank
INT1784,FT19474,Council officer,Medium,Same Location,Unknown offender
INT1785,FT18706,Council officer,Low,Waste Pattern,Unknown offender
INT1786,FT08684,Environmental monitoring,Low,Waste Pattern,Blank
INT1787,FT16039,CCTV,High,Waste Pattern,Unknown offender
INT1788,FT08833,Waste contractor,Medium,Vehicle,No Registration
INT1789,FT13369,Council officer,Low,Same Location,Blank
INT1790,FT02919,Anonymous report,High,Vehicle,None
INT1791,FT10413,Police partner,High,Same Location,Unknown offender
INT1792,FT08578,Waste contractor,Medium,Same Location,Unknown offender
INT1793,FT18700,Enforcement officer,Low,Vehicle,No Registration
INT1794,FT19394,Resident,High,Vehicle,None
INT1795,FT01533,Resident,Medium,Waste Pattern,Unknown offender
INT1796,FT06885,Council officer,Low,Waste Pattern,Blank
INT1797,FT12013,Environmental monitoring,Medium,Vehicle,No Registration
INT1798,FT18320,Resident,High,Same Location,Unknown offender
INT1799,FT05540,Police partner,Low,Similar dates,None
INT1800,FT14129,Council officer,High,Vehicle,None
INT1801,FT07519,Waste contractor,Medium,Same Location,Blank
INT1802,FT17051,Anonymous report,Medium,Waste Pattern,Unknown offender
INT1803,FT15873,Waste contractor,High,Similar dates,None
INT1804,FT11986,Resident,Low,Vehicle,None
INT1805,FT06574,Enforcement officer,Medium,Waste Pattern,Blank
INT1806,FT04246,Resident,Low,Same Location,Blank
INT1807,FT06189,Anonymous report,Low,Same Location,Blank
INT1808,FT07948,Environmental monitoring,Medium,Waste Pattern,Blank
INT1809,FT06288,Waste contractor,Low,Waste Pattern,Unknown offender
INT1810,FT13050,Enforcement officer,Low,Vehicle,None
INT1811,FT19448,CCTV,Medium,Same Location,Blank
INT1812,FT08555,Council officer,Medium,Same Location,Unknown offender
INT1813,FT12661,CCTV,High,Waste Pattern,Unknown offender
INT1814,FT11552,Anonymous report,Medium,Similar dates,None
INT1815,FT10070,Anonymous report,Low,Same Location,Blank
INT1816,FT03997,Anonymous report,High,Similar dates,None
INT1817,FT05469,Council officer,Low,Same Location,Blank
INT1818,FT12621,Police partner,Low,Waste Pattern,Blank
INT1819,FT09051,Enforcement officer,High,Similar dates,None
INT1820,FT17956,Enforcement officer,Low,Vehicle,No Registration
INT1821,FT02964,Council officer,Medium,Similar dates,None
INT1822,FT19435,CCTV,Low,Vehicle,None
INT1823,FT06058,Resident,Low,Same Location,Blank
INT1824,FT07962,Council officer,Low,Vehicle,None
INT1825,FT09152,Police partner,Medium,Waste Pattern,Unknown offender
INT1826,FT07161,Waste contractor,Medium,Same Location,Unknown offender
INT1827,FT17447,Resident,High,Same Location,Blank
INT1828,FT01210,Anonymous report,Low,Vehicle,No Registration
INT1829,FT14963,Environmental monitoring,High,Waste Pattern,Blank
INT1830,FT05920,Police partner,High,Similar dates,None
INT1831,FT15558,Resident,Medium,Vehicle,No Registration
INT1832,FT01177,CCTV,Low,Waste Pattern,Unknown offender
INT1833,FT09441,Resident,Low,Vehicle,None
INT1834,FT06953,Waste contractor,High,Waste Pattern,Unknown offender
INT1835,FT16103,Anonymous report,High,Similar dates,None
INT1836,FT11208,Environmental monitoring,Low,Same Location,Unknown offender
INT1837,FT15278,Police partner,Low,Similar dates,None
INT1838,FT06452,Police partner,Medium,Waste Pattern,Unknown offender
INT1839,FT17008,Enforcement officer,High,Similar dates,None
INT1840,FT09153,Police partner,Low,Waste Pattern,Unknown offender
INT1841,FT10935,Waste contractor,Medium,Vehicle,None
INT1842,FT10805,Environmental monitoring,Low,Waste Pattern,Blank
INT1843,FT11413,Environmental monitoring,High,Vehicle,No Registration
INT1844,FT14516,Resident,Low,Similar dates,None
INT1845,FT15532,Enforcement officer,High,Same Location,Blank
INT1846,FT17915,Anonymous report,Low,Waste Pattern,Unknown offender
INT1847,FT08344,Anonymous report,Medium,Waste Pattern,Blank
INT1848,FT08397,Police partner,Low,Waste Pattern,Unknown offender
INT1849,FT13261,Anonymous report,High,Vehicle,None
INT1850,FT01377,Council officer,Medium,Waste Pattern,Blank
INT1851,FT00193,Council officer,Medium,Vehicle,No Registration
INT1852,FT03851,Police partner,Medium,Waste Pattern,Blank
INT1853,FT13626,Police partner,High,Vehicle,None
INT1854,FT14458,Police partner,Low,Same Location,Blank
INT1855,FT07105,CCTV,High,Same Location,Blank
INT1856,FT07631,CCTV,High,Same Location,Unknown offender
INT1857,FT04574,Police partner,Medium,Similar dates,None
INT1858,FT14159,Environmental monitoring,Medium,Similar dates,None
INT1859,FT17897,CCTV,High,Vehicle,None
INT1860,FT02934,Resident,Low,Vehicle,No Registration
INT1861,FT19870,Environmental monitoring,Medium,Waste Pattern,Unknown offender
INT1862,FT12120,Council officer,Medium,Waste Pattern,Unknown offender
INT1863,FT02896,Council officer,Medium,Similar dates,None
INT1864,FT06793,Council officer,High,Same Location,Unknown offender
INT1865,FT14308,Environmental monitoring,High,Waste Pattern,Unknown offender
INT1866,FT18311,Resident,High,Vehicle,None
INT1867,FT13013,Anonymous report,Low,Similar dates,None
INT1868,FT19272,Waste contractor,Low,Vehicle,No Registration
INT1869,FT02357,Anonymous report,Medium,Vehicle,No Registration
INT1870,FT01036,Enforcement officer,High,Waste Pattern,Unknown offender
INT1871,FT18331,Police partner,Medium,Same Location,Blank
INT1872,FT13507,Environmental monitoring,Low,Vehicle,No Registration
INT1873,FT04263,Waste contractor,Low,Similar dates,None
INT1874,FT07294,Waste contractor,High,Similar dates,None
INT1875,FT16959,Waste contractor,Low,Similar dates,None
INT1876,FT15503,Waste contractor,Low,Waste Pattern,Blank
INT1877,FT01976,Waste contractor,Medium,Waste Pattern,Blank
INT1878,FT12026,CCTV,Medium,Same Location,Unknown offender
INT1879,FT04161,Police partner,Low,Same Location,Blank
INT1880,FT12715,Resident,Medium,Same Location,Unknown offender
INT1881,FT08760,Anonymous report,High,Vehicle,No Registration
INT1882,FT08453,Enforcement officer,Medium,Same Location,Unknown offender
INT1883,FT03870,Waste contractor,Low,Same Location,Unknown offender
INT1884,FT08494,Anonymous report,Medium,Same Location,Blank
INT1885,FT16191,CCTV,High,Vehicle,No Registration
INT1886,FT08832,Police partner,High,Vehicle,None
INT1887,FT01405,CCTV,Low,Waste Pattern,Unknown offender
INT1888,FT18778,Environmental monitoring,High,Same Location,Unknown offender
INT1889,FT19670,Resident,Low,Vehicle,None
INT1890,FT15244,Anonymous report,Low,Same Location,Blank
INT1891,FT14580,Council officer,Low,Waste Pattern,Unknown offender
INT1892,FT12276,CCTV,High,Similar dates,None
INT1893,FT03900,Council officer,Medium,Similar dates,None
INT1894,FT02463,Anonymous report,High,Vehicle,No Registration
INT1895,FT18564,Resident,Medium,Waste Pattern,Blank
INT1896,FT12529,Anonymous report,Low,Similar dates,None
INT1897,FT13222,Waste contractor,Low,Similar dates,None
INT1898,FT02620,Anonymous report,High,Same Location,Blank
INT1899,FT06289,Enforcement officer,High,Similar dates,None
INT1900,FT05771,Environmental monitoring,High,Same Location,Unknown offender
INT1901,FT17073,CCTV,Low,Waste Pattern,Blank
INT1902,FT05607,Council officer,Medium,Same Location,Unknown offender
INT1903,FT01577,Council officer,High,Same Location,Unknown offender
INT1904,FT10801,Council officer,Medium,Same Location,Unknown offender
INT1905,FT02106,CCTV,Medium,Waste Pattern,Blank
INT1906,FT03810,Council officer,Low,Waste Pattern,Unknown offender
INT1907,FT00853,Environmental monitoring,Low,Same Location,Blank
INT1908,FT14570,CCTV,Low,Similar dates,None
INT1909,FT07037,CCTV,Low,Similar dates,None
INT1910,FT08634,Waste contractor,Medium,Waste Pattern,Blank
INT1911,FT13214,Environmental monitoring,Low,Same Location,Unknown offender
INT1912,FT19994,Resident,Low,Same Location,Unknown offender
INT1913,FT08640,Anonymous report,Low,Same Location,Unknown offender
INT1914,FT12073,Resident,High,Same Location,Unknown offender
INT1915,FT15899,Waste contractor,Medium,Waste Pattern,Unknown offender
INT1916,FT18260,Enforcement officer,Low,Same Location,Unknown offender
INT1917,FT05830,Enforcement officer,Medium,Similar dates,None
INT1918,FT14501,Anonymous report,Medium,Same Location,Blank
INT1919,FT19277,Police partner,Medium,Waste Pattern,Unknown offender
INT1920,FT17439,CCTV,Medium,Similar dates,None
INT1921,FT08765,Resident,High,Similar dates,None
INT1922,FT08015,Police partner,Medium,Same Location,Blank
INT1923,FT19906,Anonymous report,Medium,Same Location,Unknown offender
INT1924,FT05653,Police partner,Low,Similar dates,None
INT1925,FT13342,CCTV,High,Similar dates,None
INT1926,FT12864,CCTV,Medium,Same Location,Blank
INT1927,FT05529,CCTV,Low,Similar dates,None
INT1928,FT19426,CCTV,High,Similar dates,None
INT1929,FT05881,Council officer,Medium,Waste Pattern,Unknown offender
INT1930,FT13933,Police partner,High,Similar dates,None
INT1931,FT03518,Enforcement officer,Medium,Vehicle,No Registration
INT1932,FT10081,Police partner,Medium,Similar dates,None
INT1933,FT19258,CCTV,Medium,Waste Pattern,Blank
INT1934,FT18168,Enforcement officer,High,Similar dates,None
INT1935,FT10519,Police partner,Medium,Similar dates,None
INT1936,FT11688,Resident,Medium,Similar dates,None
INT1937,FT06184,Council officer,Low,Vehicle,None
INT1938,FT18164,Anonymous report,High,Vehicle,None
INT1939,FT09829,Enforcement officer,High,Vehicle,No Registration
INT1940,FT11580,Environmental monitoring,High,Waste Pattern,Unknown offender
INT1941,FT09088,Environmental monitoring,Medium,Waste Pattern,Blank
INT1942,FT09997,Council officer,Low,Vehicle,No Registration
INT1943,FT07556,Council officer,Medium,Same Location,Blank
INT1944,FT14481,Council officer,Medium,Same Location,Blank
INT1945,FT13162,Police partner,Medium,Vehicle,No Registration
INT1946,FT17005,Waste contractor,Low,Waste Pattern,Unknown offender
INT1947,FT05763,CCTV,Medium,Same Location,Blank
INT1948,FT08829,Enforcement officer,High,Waste Pattern,Blank
INT1949,FT07301,CCTV,High,Vehicle,No Registration
INT1950,FT15140,Environmental monitoring,High,Vehicle,None
INT1951,FT00937,Waste contractor,High,Same Location,Unknown offender
INT1952,FT02615,Enforcement officer,High,Similar dates,None
INT1953,FT01298,Council officer,High,Waste Pattern,Blank
INT1954,FT12736,Council officer,High,Vehicle,None
INT1955,FT16159,Waste contractor,Low,Vehicle,No Registration
INT1956,FT10702,CCTV,Low,Vehicle,None
INT1957,FT18719,Anonymous report,High,Same Location,Unknown offender
INT1958,FT08442,Resident,High,Same Location,Blank
INT1959,FT07623,Council officer,Low,Similar dates,None
INT1960,FT14535,Enforcement officer,High,Similar dates,None
INT1961,FT16886,Council officer,Medium,Similar dates,None
INT1962,FT12797,Anonymous report,Medium,Vehicle,No Registration
INT1963,FT19595,Police partner,Medium,Similar dates,None
INT1964,FT04258,CCTV,Medium,Similar dates,None
INT1965,FT11584,CCTV,Medium,Vehicle,No Registration
INT1966,FT01946,Enforcement officer,Low,Waste Pattern,Unknown offender
INT1967,FT17895,Resident,Medium,Waste Pattern,Blank
INT1968,FT13003,Waste contractor,Low,Similar dates,None
INT1969,FT13398,Resident,Medium,Same Location,Blank
INT1970,FT02897,Enforcement officer,Medium,Same Location,Blank
INT1971,FT09717,Waste contractor,Low,Same Location,Unknown offender
INT1972,FT10020,Enforcement officer,Medium,Similar dates,None
INT1973,FT17265,Resident,Low,Same Location,Blank
INT1974,FT05437,Council officer,High,Same Location,Blank
INT1975,FT03570,Resident,Low,Vehicle,No Registration
INT1976,FT06513,CCTV,Medium,Similar dates,None
INT1977,FT01810,Police partner,Medium,Vehicle,No Registration
INT1978,FT04150,Council officer,Low,Waste Pattern,Unknown offender
INT1979,FT18423,Waste contractor,High,Waste Pattern,Blank
INT1980,FT14851,Police partner,High,Same Location,Unknown offender
INT1981,FT05718,CCTV,Low,Waste Pattern,Blank
INT1982,FT19850,Anonymous report,Low,Waste Pattern,Unknown offender
INT1983,FT05735,Police partner,Low,Similar dates,None
INT1984,FT16281,Enforcement officer,Medium,Similar dates,None
INT1985,FT12112,Enforcement officer,Medium,Vehicle,No Registration
INT1986,FT19087,CCTV,Low,Similar dates,None
INT1987,FT01584,Enforcement officer,Medium,Waste Pattern,Unknown offender
INT1988,FT17882,Waste contractor,Low,Same Location,Blank
INT1989,FT01293,Police partner,Low,Similar dates,None
INT1990,FT07480,Waste contractor,Low,Similar dates,None
INT1991,FT04063,Waste contractor,High,Similar dates,None
INT1992,FT03265,Enforcement officer,Medium,Similar dates,None
INT1993,FT18100,Environmental monitoring,High,Waste Pattern,Blank
INT1994,FT03164,Waste contractor,Medium,Vehicle,None
INT1995,FT00532,Police partner,Low,Similar dates,None
INT1996,FT13263,Council officer,High,Waste Pattern,Unknown offender
INT1997,FT02542,Police partner,Low,Same Location,Blank
INT1998,FT15807,Police partner,Low,Vehicle,None
INT1999,FT12672,CCTV,Low,Vehicle,No Registration
INT2000,FT15246,Anonymous report,High,Same Location,Unknown offender
INT2001,FT19474,CCTV,Medium,Vehicle,No Registration
INT2002,FT13071,Waste contractor,Low,Similar dates,None
INT2003,FT06842,Waste contractor,Low,Vehicle,No Registration
INT2004,FT04672,Council officer,Low,Vehicle,None
INT2005,FT05358,Enforcement officer,Low,Vehicle,None
INT2006,FT06766,Waste contractor,Medium,Vehicle,No Registration
INT2007,FT17221,Council officer,Low,Same Location,Blank
INT2008,FT01170,Council officer,High,Same Location,Blank
INT2009,FT08657,CCTV,Low,Same Location,Blank
INT2010,FT01949,Anonymous report,High,Similar dates,None
INT2011,FT14629,Police partner,Medium,Same Location,Unknown offender
INT2012,FT04043,Enforcement officer,Medium,Similar dates,None
INT2013,FT06105,Environmental monitoring,Low,Same Location,Blank
INT2014,FT01126,Resident,Low,Vehicle,None
INT2015,FT07387,Environmental monitoring,High,Similar dates,None
INT2016,FT00237,Council officer,Medium,Same Location,Unknown offender
INT2017,FT08911,Council officer,Medium,Same Location,Blank
INT2018,FT04717,Enforcement officer,Medium,Vehicle,No Registration
INT2019,FT05698,Council officer,High,Same Location,Blank
INT2020,FT14298,Environmental monitoring,Medium,Same Location,Unknown offender
INT2021,FT04391,Waste contractor,Medium,Same Location,Blank
INT2022,FT11716,Enforcement officer,Low,Vehicle,None
INT2023,FT10142,Council officer,Medium,Waste Pattern,Unknown offender
INT2024,FT16373,Environmental monitoring,Medium,Similar dates,None
INT2025,FT16891,Waste contractor,High,Similar dates,None
INT2026,FT03005,Council officer,Medium,Waste Pattern,Unknown offender
INT2027,FT05233,Police partner,Medium,Vehicle,No Registration
INT2028,FT17195,CCTV,Medium,Similar dates,None
INT2029,FT03511,Police partner,Low,Waste Pattern,Unknown offender
INT2030,FT02396,Council officer,Medium,Same Location,Unknown offender
INT2031,FT05270,Environmental monitoring,Medium,Same Location,Unknown offender
INT2032,FT06953,Enforcement officer,High,Similar dates,None
INT2033,FT03289,Council officer,Medium,Vehicle,No Registration
INT2034,FT17793,Council officer,Medium,Vehicle,No Registration
INT2035,FT10415,Environmental monitoring,Low,Vehicle,None
INT2036,FT05435,CCTV,Low,Waste Pattern,Blank
INT2037,FT16520,CCTV,High,Vehicle,No Registration
INT2038,FT06324,Anonymous report,Low,Waste Pattern,Blank
INT2039,FT10510,Enforcement officer,High,Vehicle,No Registration
INT2040,FT01739,Council officer,High,Same Location,Unknown offender
INT2041,FT16043,CCTV,High,Similar dates,None
INT2042,FT08927,Waste contractor,Low,Vehicle,No Registration
INT2043,FT05243,Enforcement officer,High,Similar dates,None
INT2044,FT04853,Council officer,Medium,Similar dates,None
INT2045,FT00251,Anonymous report,High,Similar dates,None
INT2046,FT17673,Waste contractor,Medium,Similar dates,None
INT2047,FT10033,CCTV,Low,Similar dates,None
INT2048,FT06887,Waste contractor,Low,Similar dates,None
INT2049,FT09470,Resident,High,Similar dates,None
INT2050,FT01929,Enforcement officer,High,Vehicle,None
INT2051,FT09035,Enforcement officer,High,Same Location,Unknown offender
INT2052,FT02796,Resident,Low,Vehicle,None
INT2053,FT06733,Police partner,Medium,Same Location,Unknown offender
INT2054,FT06732,Environmental monitoring,High,Similar dates,None
INT2055,FT05617,CCTV,Low,Similar dates,None
INT2056,FT17157,Anonymous report,Medium,Same Location,Blank
INT2057,FT04642,CCTV,Low,Same Location,Blank
INT2058,FT03305,Waste contractor,Medium,Waste Pattern,Unknown offender
INT2059,FT04956,Enforcement officer,Medium,Similar dates,None
INT2060,FT08969,Resident,High,Similar dates,None
INT2061,FT15189,Enforcement officer,Medium,Similar dates,None
INT2062,FT17656,CCTV,Medium,Vehicle,None
INT2063,FT09992,Police partner,Medium,Same Location,Unknown offender
INT2064,FT11894,CCTV,Low,Waste Pattern,Unknown offender
INT2065,FT13883,Council officer,High,Similar dates,None
INT2066,FT13893,Anonymous report,Medium,Waste Pattern,Unknown offender
INT2067,FT14944,Police partner,High,Similar dates,None
INT2068,FT08455,Waste contractor,High,Same Location,Unknown offender
INT2069,FT19076,Anonymous report,High,Similar dates,None
INT2070,FT19485,Police partner,High,Similar dates,None
INT2071,FT09463,Enforcement officer,High,Same Location,Blank
INT2072,FT08419,Anonymous report,Low,Vehicle,None
INT2073,FT14825,Anonymous report,Medium,Same Location,Unknown offender
INT2074,FT04422,Environmental monitoring,Medium,Similar dates,None
INT2075,FT04964,Anonymous report,Medium,Vehicle,None
INT2076,FT04821,Enforcement officer,Medium,Similar dates,None
INT2077,FT06143,Resident,Low,Same Location,Blank
INT2078,FT08730,Police partner,Medium,Waste Pattern,Blank
INT2079,FT12155,Police partner,Medium,Waste Pattern,Blank
INT2080,FT08173,Police partner,High,Vehicle,None
INT2081,FT04219,Police partner,High,Same Location,Unknown offender
INT2082,FT02453,Resident,Medium,Waste Pattern,Unknown offender
INT2083,FT02034,Enforcement officer,Low,Similar dates,None
INT2084,FT19317,Council officer,Medium,Vehicle,None
INT2085,FT06966,Police partner,Medium,Same Location,Unknown offender
INT2086,FT17441,Police partner,Medium,Same Location,Unknown offender
INT2087,FT13231,Police partner,Medium,Same Location,Blank
INT2088,FT04681,Anonymous report,Medium,Same Location,Unknown offender
INT2089,FT19348,Anonymous report,Low,Similar dates,None
INT2090,FT07309,CCTV,Medium,Waste Pattern,Unknown offender
INT2091,FT08094,Environmental monitoring,Medium,Vehicle,No Registration
INT2092,FT17037,Enforcement officer,High,Waste Pattern,Unknown offender
INT2093,FT09186,Waste contractor,High,Same Location,Blank
INT2094,FT16996,Council officer,Medium,Vehicle,No Registration
INT2095,FT15596,Council officer,High,Waste Pattern,Blank
INT2096,FT13509,Resident,Medium,Vehicle,No Registration
INT2097,FT03537,Environmental monitoring,High,Waste Pattern,Unknown offender
INT2098,FT09633,Resident,Medium,Vehicle,No Registration
INT2099,FT17765,Anonymous report,High,Same Location,Unknown offender
INT2100,FT19377,Council officer,Medium,Same Location,Blank
INT2101,FT16126,Police partner,Low,Similar dates,None
INT2102,FT09256,Environmental monitoring,Medium,Similar dates,None
INT2103,FT13454,Police partner,Medium,Similar dates,None
INT2104,FT16191,Police partner,High,Waste Pattern,Unknown offender
INT2105,FT17040,CCTV,Medium,Same Location,Blank
INT2106,FT11942,Resident,High,Vehicle,None
INT2107,FT09986,Council officer,High,Vehicle,None
INT2108,FT00195,Enforcement officer,Medium,Vehicle,No Registration
INT2109,FT17062,Enforcement officer,Low,Vehicle,No Registration
INT2110,FT00199,Resident,High,Similar dates,None
INT2111,FT05498,Police partner,Medium,Similar dates,None
INT2112,FT14011,Environmental monitoring,Low,Waste Pattern,Blank
INT2113,FT08060,Enforcement officer,Medium,Waste Pattern,Blank
INT2114,FT15396,CCTV,Low,Vehicle,None
INT2115,FT03884,Environmental monitoring,Low,Same Location,Blank
INT2116,FT02901,Anonymous report,Low,Similar dates,None
INT2117,FT03560,Police partner,Medium,Same Location,Blank
INT2118,FT12512,CCTV,Low,Similar dates,None
INT2119,FT09804,Waste contractor,Low,Waste Pattern,Unknown offender
INT2120,FT16064,Council officer,Medium,Same Location,Unknown offender
INT2121,FT16215,Waste contractor,High,Waste Pattern,Unknown offender
INT2122,FT13990,Environmental monitoring,Low,Waste Pattern,Unknown offender
INT2123,FT01362,Environmental monitoring,High,Similar dates,None
INT2124,FT02693,Police partner,Medium,Same Location,Unknown offender
INT2125,FT04341,Anonymous report,High,Waste Pattern,Unknown offender
INT2126,FT05561,CCTV,High,Waste Pattern,Blank
INT2127,FT07829,Resident,High,Vehicle,No Registration
INT2128,FT19987,Council officer,High,Same Location,Blank
INT2129,FT04487,Anonymous report,High,Vehicle,No Registration
INT2130,FT01058,Resident,High,Same Location,Blank
INT2131,FT06717,Council officer,Medium,Vehicle,No Registration
INT2132,FT08183,Council officer,Medium,Same Location,Blank
INT2133,FT05842,Anonymous report,Low,Waste Pattern,Blank
INT2134,FT09269,Police partner,Medium,Similar dates,None
INT2135,FT04002,Enforcement officer,Medium,Similar dates,None
INT2136,FT16331,Police partner,High,Waste Pattern,Blank
INT2137,FT04156,Enforcement officer,Low,Waste Pattern,Blank
INT2138,FT01790,Council officer,Medium,Waste Pattern,Blank
INT2139,FT03602,CCTV,Medium,Similar dates,None
INT2140,FT09234,Environmental monitoring,High,Similar dates,None
INT2141,FT12586,Anonymous report,Medium,Waste Pattern,Blank
INT2142,FT15647,Council officer,High,Vehicle,No Registration
INT2143,FT18060,Waste contractor,Low,Similar dates,None
INT2144,FT05460,Resident,Medium,Similar dates,None
INT2145,FT00193,Enforcement officer,Low,Similar dates,None
INT2146,FT12531,Enforcement officer,High,Same Location,Blank
INT2147,FT15055,Resident,Low,Waste Pattern,Unknown offender
INT2148,FT07028,CCTV,Medium,Waste Pattern,Blank
INT2149,FT08246,Enforcement officer,Low,Same Location,Unknown offender
INT2150,FT19314,Waste contractor,Low,Vehicle,No Registration
INT2151,FT00815,CCTV,High,Waste Pattern,Blank
INT2152,FT10272,Anonymous report,Medium,Same Location,Blank
INT2153,FT01583,CCTV,High,Similar dates,None
INT2154,FT14659,CCTV,Medium,Similar dates,None
INT2155,FT18483,CCTV,Low,Similar dates,None
INT2156,FT15116,Resident,Low,Same Location,Blank
INT2157,FT06880,Police partner,Medium,Waste Pattern,Unknown offender
INT2158,FT04751,Anonymous report,Medium,Waste Pattern,Unknown offender
INT2159,FT07809,Anonymous report,Low,Similar dates,None
INT2160,FT12109,Police partner,Medium,Waste Pattern,Unknown offender
INT2161,FT13412,CCTV,High,Similar dates,None
INT2162,FT03353,Anonymous report,Low,Vehicle,No Registration
INT2163,FT03393,Environmental monitoring,Low,Same Location,Blank
INT2164,FT10499,Anonymous report,Medium,Similar dates,None
INT2165,FT19003,Police partner,Low,Vehicle,No Registration
INT2166,FT05254,Resident,Medium,Same Location,Unknown offender
INT2167,FT19662,Council officer,High,Same Location,Blank
INT2168,FT00862,Enforcement officer,Medium,Waste Pattern,Unknown offender
INT2169,FT04915,Council officer,Medium,Vehicle,No Registration
INT2170,FT10878,Police partner,High,Same Location,Blank
INT2171,FT14817,CCTV,Low,Same Location,Blank
INT2172,FT04246,Waste contractor,High,Waste Pattern,Blank
INT2173,FT06310,Police partner,Low,Vehicle,No Registration
INT2174,FT03115,Resident,Medium,Similar dates,None
INT2175,FT02693,CCTV,Medium,Similar dates,None
INT2176,FT14979,Council officer,Medium,Same Location,Unknown offender
INT2177,FT00963,Environmental monitoring,Low,Same Location,Unknown offender
INT2178,FT03978,Police partner,High,Waste Pattern,Unknown offender
INT2179,FT00266,Waste contractor,High,Same Location,Blank
INT2180,FT10732,Environmental monitoring,High,Similar dates,None
INT2181,FT10302,Resident,High,Waste Pattern,Blank
INT2182,FT04735,Resident,Medium,Similar dates,None
INT2183,FT12481,Police partner,High,Same Location,Blank
INT2184,FT09940,Council officer,Medium,Same Location,Unknown offender
INT2185,FT02366,Environmental monitoring,Low,Vehicle,None
INT2186,FT17433,Enforcement officer,Low,Similar dates,None
INT2187,FT17467,Police partner,Low,Similar dates,None
INT2188,FT06929,Waste contractor,Low,Same Location,Unknown offender
INT2189,FT02539,Council officer,High,Vehicle,No Registration
INT2190,FT18221,CCTV,High,Same Location,Unknown offender
INT2191,FT16437,Waste contractor,High,Same Location,Unknown offender
INT2192,FT13352,Resident,High,Waste Pattern,Unknown offender
INT2193,FT09146,Waste contractor,Medium,Similar dates,None
INT2194,FT18316,Environmental monitoring,Medium,Waste Pattern,Unknown offender
INT2195,FT04151,Environmental monitoring,High,Same Location,Unknown offender
INT2196,FT00979,Enforcement officer,Medium,Vehicle,No Registration
INT2197,FT06063,Waste contractor,Medium,Waste Pattern,Blank
INT2198,FT16076,Council officer,Low,Similar dates,None
INT2199,FT09643,Waste contractor,Low,Similar dates,None
INT2200,FT00374,Council officer,Medium,Same Location,Blank
INT2201,FT03023,Waste contractor,Medium,Same Location,Blank
INT2202,FT14342,Anonymous report,High,Vehicle,No Registration
INT2203,FT00633,Resident,Low,Same Location,Unknown offender
INT2204,FT15405,Anonymous report,Low,Similar dates,None
INT2205,FT00021,Waste contractor,Medium,Similar dates,None
INT2206,FT01885,Environmental monitoring,Medium,Same Location,Blank
INT2207,FT09363,Police partner,Low,Waste Pattern,Unknown offender
INT2208,FT11390,Enforcement officer,High,Waste Pattern,Unknown offender
INT2209,FT17277,Council officer,Low,Vehicle,None
INT2210,FT11081,Environmental monitoring,Medium,Vehicle,None
INT2211,FT18375,Resident,High,Vehicle,No Registration
INT2212,FT02118,Enforcement officer,Low,Similar dates,None
INT2213,FT19768,CCTV,Low,Vehicle,None
INT2214,FT09076,Resident,Low,Similar dates,None
INT2215,FT16299,Waste contractor,Medium,Same Location,Blank
INT2216,FT19425,Environmental monitoring,High,Waste Pattern,Blank
INT2217,FT18201,Waste contractor,Low,Waste Pattern,Blank
INT2218,FT15403,Waste contractor,Low,Similar dates,None
INT2219,FT11133,Council officer,Low,Similar dates,None
INT2220,FT12233,Waste contractor,Low,Similar dates,None
INT2221,FT17123,Enforcement officer,Low,Waste Pattern,Blank
INT2222,FT05803,Enforcement officer,Medium,Similar dates,None
INT2223,FT06659,Environmental monitoring,High,Vehicle,No Registration
INT2224,FT00121,CCTV,Low,Similar dates,None
INT2225,FT16301,Anonymous report,Low,Vehicle,No Registration
INT2226,FT09228,Enforcement officer,Low,Vehicle,None
INT2227,FT14062,Resident,Medium,Similar dates,None
INT2228,FT17190,Resident,Low,Same Location,Unknown offender
INT2229,FT15120,CCTV,High,Same Location,Blank
INT2230,FT04434,CCTV,Medium,Waste Pattern,Blank
INT2231,FT18495,Anonymous report,High,Similar dates,None
INT2232,FT14237,Police partner,Medium,Same Location,Unknown offender
INT2233,FT02549,Police partner,Low,Waste Pattern,Blank
INT2234,FT16335,CCTV,High,Vehicle,No Registration
INT2235,FT12484,CCTV,Medium,Waste Pattern,Blank
INT2236,FT19102,Enforcement officer,High,Vehicle,None
INT2237,FT11077,Enforcement officer,Low,Vehicle,None
INT2238,FT10148,Council officer,Low,Vehicle,None
INT2239,FT00094,Anonymous report,Medium,Waste Pattern,Unknown offender
INT2240,FT06880,CCTV,Medium,Same Location,Unknown offender
INT2241,FT07727,Police partner,Medium,Similar dates,None
INT2242,FT13217,Enforcement officer,Medium,Same Location,Unknown offender
INT2243,FT06307,Council officer,Low,Same Location,Blank
INT2244,FT02191,Waste contractor,Medium,Similar dates,None
INT2245,FT12636,CCTV,High,Similar dates,None
INT2246,FT14298,Enforcement officer,High,Waste Pattern,Unknown offender
INT2247,FT03485,Environmental monitoring,High,Same Location,Unknown offender
INT2248,FT07416,Anonymous report,Low,Vehicle,None
INT2249,FT03524,Enforcement officer,High,Similar dates,None
INT2250,FT19241,CCTV,Low,Same Location,Blank
INT2251,FT15713,Police partner,Medium,Vehicle,No Registration
INT2252,FT19841,CCTV,Medium,Same Location,Unknown offender
INT2253,FT19581,Police partner,Low,Waste Pattern,Unknown offender
INT2254,FT04471,Waste contractor,High,Waste Pattern,Blank
INT2255,FT14854,Anonymous report,High,Same Location,Unknown offender
INT2256,FT08079,Police partner,High,Same Location,Blank
INT2257,FT12468,Anonymous report,Low,Waste Pattern,Unknown offender
INT2258,FT07495,Anonymous report,Medium,Vehicle,None
INT2259,FT06918,CCTV,High,Same Location,Unknown offender
INT2260,FT14863,Resident,High,Similar dates,None
INT2261,FT05716,Anonymous report,Low,Same Location,Blank
INT2262,FT18969,CCTV,Low,Same Location,Blank
INT2263,FT05602,Anonymous report,Low,Waste Pattern,Blank
INT2264,FT18909,Anonymous report,Low,Same Location,Unknown offender
INT2265,FT10327,Waste contractor,Low,Similar dates,None
INT2266,FT15920,Environmental monitoring,Low,Waste Pattern,Unknown offender
INT2267,FT13207,Council officer,High,Waste Pattern,Unknown offender
INT2268,FT07791,Anonymous report,Low,Similar dates,None
INT2269,FT09714,CCTV,Medium,Waste Pattern,Unknown offender
INT2270,FT03731,Council officer,Medium,Waste Pattern,Blank
INT2271,FT17355,Police partner,Low,Similar dates,None
INT2272,FT12667,Council officer,Low,Similar dates,None
INT2273,FT03309,Environmental monitoring,High,Same Location,Blank
INT2274,FT11003,Council officer,Low,Similar dates,None
INT2275,FT05178,Environmental monitoring,Low,Vehicle,None
INT2276,FT13208,Environmental monitoring,Low,Similar dates,None
INT2277,FT04532,Anonymous report,Low,Same Location,Unknown offender
INT2278,FT09390,Council officer,High,Waste Pattern,Blank
INT2279,FT04543,CCTV,Low,Vehicle,No Registration
INT2280,FT13638,Police partner,High,Waste Pattern,Blank
INT2281,FT15904,Environmental monitoring,Low,Vehicle,None
INT2282,FT04094,Council officer,Medium,Vehicle,No Registration
INT2283,FT04760,Waste contractor,Medium,Waste Pattern,Unknown offender
INT2284,FT01563,Waste contractor,Medium,Similar dates,None
INT2285,FT13217,Council officer,Low,Similar dates,None
INT2286,FT10679,Enforcement officer,Medium,Waste Pattern,Unknown offender
INT2287,FT15532,Resident,High,Same Location,Unknown offender
INT2288,FT16438,Waste contractor,Low,Similar dates,None
INT2289,FT14198,Resident,Medium,Similar dates,None
INT2290,FT14455,Police partner,Medium,Vehicle,None
INT2291,FT08490,Resident,High,Waste Pattern,Unknown offender
INT2292,FT02288,Anonymous report,High,Vehicle,None
INT2293,FT07678,CCTV,Low,Waste Pattern,Blank
INT2294,FT07585,Anonymous report,Low,Waste Pattern,Unknown offender
INT2295,FT06743,CCTV,Medium,Same Location,Blank
INT2296,FT02824,Police partner,Medium,Same Location,Unknown offender
INT2297,FT04626,Waste contractor,Medium,Same Location,Unknown offender
INT2298,FT09874,Council officer,High,Waste Pattern,Blank
INT2299,FT18020,Enforcement officer,Medium,Vehicle,No Registration
INT2300,FT04941,Council officer,High,Same Location,Blank
INT2301,FT15900,Waste contractor,Medium,Similar dates,None
INT2302,FT13861,Resident,High,Waste Pattern,Unknown offender
INT2303,FT18692,Anonymous report,High,Vehicle,No Registration
INT2304,FT07243,Resident,Medium,Same Location,Unknown offender
INT2305,FT04251,Enforcement officer,Medium,Waste Pattern,Unknown offender
INT2306,FT02719,Waste contractor,High,Vehicle,No Registration
INT2307,FT12177,Council officer,High,Vehicle,None
INT2308,FT14603,Police partner,High,Same Location,Unknown offender
INT2309,FT08551,Enforcement officer,High,Similar dates,None
INT2310,FT18571,Anonymous report,High,Waste Pattern,Blank
INT2311,FT18210,Police partner,Low,Same Location,Blank
INT2312,FT13519,Resident,Low,Vehicle,No Registration
INT2313,FT09997,Council officer,High,Vehicle,None
INT2314,FT04227,Anonymous report,Medium,Similar dates,None
INT2315,FT04043,Resident,Medium,Waste Pattern,Blank
INT2316,FT13812,Resident,Medium,Similar dates,None
INT2317,FT11757,Enforcement officer,Low,Vehicle,None
INT2318,FT17915,Enforcement officer,Low,Waste Pattern,Blank
INT2319,FT15642,Enforcement officer,Medium,Vehicle,No Registration
INT2320,FT05551,Resident,Low,Similar dates,None
INT2321,FT00662,CCTV,Medium,Vehicle,None
INT2322,FT05996,Council officer,High,Waste Pattern,Blank
INT2323,FT11893,CCTV,High,Similar dates,None
INT2324,FT08633,Enforcement officer,High,Same Location,Unknown offender
INT2325,FT18653,Waste contractor,Medium,Similar dates,None
INT2326,FT06435,Enforcement officer,Low,Waste Pattern,Blank
INT2327,FT03101,Council officer,Low,Vehicle,No Registration
INT2328,FT10485,Environmental monitoring,Low,Same Location,Blank
INT2329,FT17791,Waste contractor,High,Similar dates,None
INT2330,FT04897,Enforcement officer,Low,Vehicle,No Registration
INT2331,FT07903,Environmental monitoring,High,Waste Pattern,Blank
INT2332,FT08316,Council officer,Low,Similar dates,None
INT2333,FT15879,Police partner,Medium,Similar dates,None
INT2334,FT01952,Environmental monitoring,Low,Similar dates,None
INT2335,FT06323,Environmental monitoring,Low,Same Location,Unknown offender
INT2336,FT12187,Waste contractor,High,Waste Pattern,Unknown offender
INT2337,FT17405,Environmental monitoring,High,Same Location,Unknown offender
INT2338,FT08745,Waste contractor,High,Waste Pattern,Blank
INT2339,FT00686,CCTV,High,Waste Pattern,Blank
INT2340,FT18501,Police partner,Medium,Vehicle,No Registration
INT2341,FT18840,Environmental monitoring,Medium,Vehicle,None
INT2342,FT15446,Environmental monitoring,Low,Similar dates,None
INT2343,FT17544,Resident,High,Similar dates,None
INT2344,FT11109,Environmental monitoring,High,Waste Pattern,Unknown offender
INT2345,FT09241,Environmental monitoring,Low,Same Location,Blank
INT2346,FT00404,Enforcement officer,Medium,Similar dates,None
INT2347,FT15619,Resident,Medium,Same Location,Blank
INT2348,FT02980,Council officer,Low,Similar dates,None
INT2349,FT02200,Resident,High,Same Location,Unknown offender
INT2350,FT09963,Enforcement officer,Medium,Waste Pattern,Blank
INT2351,FT13846,Anonymous report,Low,Vehicle,No Registration
INT2352,FT03279,Police partner,Medium,Same Location,Blank
INT2353,FT02159,Council officer,High,Waste Pattern,Blank
INT2354,FT18970,Council officer,High,Waste Pattern,Blank
INT2355,FT09283,Enforcement officer,Medium,Vehicle,No Registration
INT2356,FT05852,Environmental monitoring,High,Similar dates,None
INT2357,FT02535,Environmental monitoring,High,Vehicle,None
INT2358,FT02461,Anonymous report,High,Same Location,Unknown offender
INT2359,FT13470,Council officer,High,Similar dates,None
INT2360,FT08877,Resident,Low,Similar dates,None
INT2361,FT08002,Anonymous report,High,Waste Pattern,Unknown offender
INT2362,FT17666,Enforcement officer,Low,Waste Pattern,Unknown offender
INT2363,FT04953,Environmental monitoring,Medium,Similar dates,None
INT2364,FT11956,Environmental monitoring,Medium,Vehicle,No Registration
INT2365,FT18886,Police partner,Low,Vehicle,No Registration
INT2366,FT13315,Council officer,Medium,Waste Pattern,Blank
INT2367,FT04580,CCTV,High,Similar dates,None
INT2368,FT13257,CCTV,Low,Similar dates,None
INT2369,FT12617,Police partner,High,Waste Pattern,Unknown offender
INT2370,FT17554,Enforcement officer,High,Waste Pattern,Blank
INT2371,FT00124,Police partner,Medium,Similar dates,None
INT2372,FT03320,Environmental monitoring,Low,Waste Pattern,Blank
INT2373,FT18667,Anonymous report,High,Similar dates,None
INT2374,FT09409,Police partner,Medium,Vehicle,No Registration
INT2375,FT08858,Enforcement officer,Medium,Same Location,Unknown offender
INT2376,FT00443,CCTV,High,Similar dates,None
INT2377,FT07816,Council officer,Medium,Same Location,Unknown offender
INT2378,FT13814,Waste contractor,Low,Same Location,Unknown offender
INT2379,FT16671,Council officer,Medium,Vehicle,No Registration
INT2380,FT01335,Resident,High,Similar dates,None
INT2381,FT05457,Council officer,Medium,Same Location,Unknown offender
INT2382,FT00580,Police partner,High,Waste Pattern,Blank
INT2383,FT18186,Anonymous report,Medium,Vehicle,No Registration
INT2384,FT12062,Enforcement officer,Low,Same Location,Blank
INT2385,FT08268,CCTV,Low,Similar dates,None
INT2386,FT12375,CCTV,High,Waste Pattern,Unknown offender
INT2387,FT00449,Police partner,Medium,Same Location,Unknown offender
INT2388,FT16757,Anonymous report,High,Vehicle,No Registration
INT2389,FT11935,Resident,Low,Waste Pattern,Unknown offender
INT2390,FT17465,Anonymous report,Low,Similar dates,None
INT2391,FT02655,Enforcement officer,Low,Similar dates,None
INT2392,FT18643,Police partner,Medium,Waste Pattern,Unknown offender
INT2393,FT16281,Police partner,Low,Vehicle,None
INT2394,FT11646,Enforcement officer,Low,Similar dates,None
INT2395,FT06507,Resident,Medium,Same Location,Unknown offender
INT2396,FT00785,Enforcement officer,High,Waste Pattern,Blank
INT2397,FT08494,Waste contractor,High,Same Location,Blank
INT2398,FT14803,Council officer,Medium,Vehicle,No Registration
INT2399,FT18108,Resident,High,Same Location,Unknown offender
INT2400,FT04829,Police partner,High,Vehicle,None
INT2401,FT14539,Anonymous report,High,Waste Pattern,Unknown offender
INT2402,FT12516,Police partner,Medium,Vehicle,No Registration
INT2403,FT02605,Resident,Low,Vehicle,None
INT2404,FT00901,Environmental monitoring,High,Same Location,Blank
INT2405,FT15233,CCTV,Low,Waste Pattern,Blank
INT2406,FT01457,Anonymous report,Medium,Waste Pattern,Unknown offender
INT2407,FT16140,Council officer,Medium,Same Location,Unknown offender
INT2408,FT12248,Resident,Medium,Waste Pattern,Unknown offender
INT2409,FT03381,Environmental monitoring,Medium,Same Location,Blank
INT2410,FT17217,Anonymous report,High,Vehicle,No Registration
INT2411,FT07480,Anonymous report,Low,Similar dates,None
INT2412,FT09752,Council officer,Medium,Vehicle,None
INT2413,FT16448,Environmental monitoring,Low,Similar dates,None
INT2414,FT18642,Anonymous report,Low,Vehicle,No Registration
INT2415,FT08288,Enforcement officer,Low,Same Location,Unknown offender
INT2416,FT10172,Police partner,Medium,Similar dates,None
INT2417,FT18913,Waste contractor,Medium,Similar dates,None
INT2418,FT07319,Police partner,High,Same Location,Unknown offender
INT2419,FT07940,Enforcement officer,Low,Similar dates,None
INT2420,FT01946,Waste contractor,High,Waste Pattern,Unknown offender
INT2421,FT17510,Anonymous report,High,Similar dates,None
INT2422,FT07448,Anonymous report,Low,Waste Pattern,Unknown offender
INT2423,FT15694,Environmental monitoring,High,Waste Pattern,Unknown offender
INT2424,FT01086,CCTV,Low,Waste Pattern,Unknown offender
INT2425,FT05945,Resident,Medium,Same Location,Blank
INT2426,FT04847,Resident,Medium,Similar dates,None
INT2427,FT12430,Enforcement officer,Medium,Vehicle,None
INT2428,FT00930,Waste contractor,Medium,Same Location,Blank
INT2429,FT18222,Council officer,Low,Vehicle,None
INT2430,FT09674,Waste contractor,High,Similar dates,None
INT2431,FT11620,Enforcement officer,Medium,Vehicle,None
INT2432,FT07307,Anonymous report,Medium,Vehicle,None
INT2433,FT14543,Council officer,Low,Same Location,Unknown offender
INT2434,FT03264,Council officer,High,Similar dates,None
INT2435,FT17713,Anonymous report,Medium,Vehicle,None
INT2436,FT00946,Enforcement officer,Low,Similar dates,None
INT2437,FT05557,Anonymous report,High,Vehicle,No Registration
INT2438,FT00031,Anonymous report,High,Vehicle,None
INT2439,FT08902,Enforcement officer,High,Same Location,Blank
INT2440,FT03194,Environmental monitoring,Medium,Vehicle,None
INT2441,FT06143,Resident,Low,Same Location,Blank
INT2442,FT19781,Council officer,Medium,Same Location,Blank
INT2443,FT08629,Council officer,Low,Similar dates,None
INT2444,FT06982,Resident,Medium,Similar dates,None
INT2445,FT03366,Council officer,High,Same Location,Blank
INT2446,FT16549,Police partner,Low,Similar dates,None
INT2447,FT05857,Waste contractor,Medium,Waste Pattern,Blank
INT2448,FT08925,Environmental monitoring,Low,Similar dates,None
INT2449,FT18368,Environmental monitoring,Medium,Vehicle,No Registration
INT2450,FT10270,Council officer,Medium,Similar dates,None
INT2451,FT01277,Police partner,Medium,Vehicle,No Registration
INT2452,FT06694,Environmental monitoring,Medium,Waste Pattern,Unknown offender
INT2453,FT00813,Environmental monitoring,Medium,Similar dates,None
INT2454,FT09138,Anonymous report,High,Waste Pattern,Blank
INT2455,FT07683,Police partner,Low,Same Location,Unknown offender
INT2456,FT10584,Police partner,Low,Vehicle,No Registration
INT2457,FT15571,Anonymous report,Low,Same Location,Blank
INT2458,FT08799,Police partner,High,Vehicle,None
INT2459,FT08994,Council officer,High,Vehicle,No Registration
INT2460,FT03823,Enforcement officer,High,Waste Pattern,Blank
INT2461,FT07024,Council officer,High,Similar dates,None
INT2462,FT07694,CCTV,Medium,Similar dates,None
INT2463,FT17211,Resident,Low,Same Location,Unknown offender
INT2464,FT05848,Council officer,High,Similar dates,None
INT2465,FT02721,Police partner,High,Vehicle,None
INT2466,FT02761,CCTV,Medium,Vehicle,None
INT2467,FT19568,Environmental monitoring,High,Vehicle,No Registration
INT2468,FT17074,Enforcement officer,Low,Similar dates,None
INT2469,FT03253,Anonymous report,High,Same Location,Unknown offender
INT2470,FT06720,Anonymous report,Low,Same Location,Blank
INT2471,FT00568,CCTV,Medium,Similar dates,None
INT2472,FT05766,Anonymous report,Medium,Waste Pattern,Unknown offender
INT2473,FT19757,Anonymous report,Medium,Similar dates,None
INT2474,FT18846,Environmental monitoring,High,Same Location,Unknown offender
INT2475,FT02254,Environmental monitoring,Low,Waste Pattern,Blank
INT2476,FT14815,Police partner,Medium,Waste Pattern,Blank
INT2477,FT01766,Council officer,High,Same Location,Blank
INT2478,FT02322,CCTV,Low,Similar dates,None
INT2479,FT15180,Waste contractor,Low,Vehicle,None
INT2480,FT19602,Enforcement officer,Low,Vehicle,No Registration
INT2481,FT03300,Resident,Medium,Waste Pattern,Unknown offender
INT2482,FT19448,Anonymous report,Medium,Waste Pattern,Unknown offender
INT2483,FT16849,CCTV,Medium,Vehicle,No Registration
INT2484,FT14996,Council officer,Low,Vehicle,No Registration
INT2485,FT15562,Resident,High,Waste Pattern,Unknown offender
INT2486,FT06125,Enforcement officer,Medium,Same Location,Blank
INT2487,FT01834,Council officer,Low,Waste Pattern,Blank
INT2488,FT19192,Police partner,Medium,Same Location,Unknown offender
INT2489,FT09934,Anonymous report,Medium,Similar dates,None
INT2490,FT11906,Anonymous report,Medium,Same Location,Blank
INT2491,FT12870,Enforcement officer,High,Vehicle,None
INT2492,FT19491,Waste contractor,Low,Similar dates,None
INT2493,FT04670,CCTV,High,Similar dates,None
INT2494,FT13207,Enforcement officer,High,Waste Pattern,Blank
INT2495,FT08417,Environmental monitoring,High,Similar dates,None
INT2496,FT15979,Waste contractor,Medium,Vehicle,None
INT2497,FT08167,Enforcement officer,Low,Similar dates,None
INT2498,FT04640,Waste contractor,High,Similar dates,None
INT2499,FT18282,Anonymous report,Low,Same Location,Blank
INT2500,FT10367,CCTV,High,Similar dates,None
INT2501,FT09728,Resident,Low,Vehicle,None
INT2502,FT11283,Resident,Low,Waste Pattern,Blank
INT2503,FT01641,Council officer,Low,Same Location,Blank
INT2504,FT18033,Environmental monitoring,High,Vehicle,No Registration
INT2505,FT12994,Resident,High,Similar dates,None
INT2506,FT15558,Enforcement officer,High,Waste Pattern,Unknown offender
INT2507,FT03930,Environmental monitoring,High,Similar dates,None
INT2508,FT19786,Enforcement officer,Medium,Waste Pattern,Unknown offender
INT2509,FT09750,Environmental monitoring,Medium,Similar dates,None
INT2510,FT08132,Waste contractor,Low,Same Location,Unknown offender
INT2511,FT06354,Police partner,Low,Same Location,Blank
INT2512,FT11629,CCTV,High,Similar dates,None
INT2513,FT09412,Resident,High,Similar dates,None
INT2514,FT11745,CCTV,Medium,Waste Pattern,Blank
INT2515,FT11824,CCTV,Low,Vehicle,No Registration
INT2516,FT04719,Anonymous report,High,Similar dates,None
INT2517,FT13372,Council officer,High,Waste Pattern,Blank
INT2518,FT10535,Waste contractor,High,Same Location,Blank
INT2519,FT02768,Anonymous report,Medium,Waste Pattern,Unknown offender
INT2520,FT04645,Resident,Medium,Waste Pattern,Blank
INT2521,FT08475,Resident,Medium,Vehicle,No Registration
INT2522,FT13197,CCTV,Low,Same Location,Unknown offender
INT2523,FT15542,Anonymous report,Medium,Same Location,Unknown offender
INT2524,FT13431,Council officer,Medium,Waste Pattern,Unknown offender
INT2525,FT14370,CCTV,Low,Waste Pattern,Blank
INT2526,FT18784,CCTV,High,Vehicle,No Registration
INT2527,FT11237,Environmental monitoring,Medium,Similar dates,None
INT2528,FT19395,Resident,High,Waste Pattern,Unknown offender
INT2529,FT18774,Police partner,Low,Similar dates,None
INT2530,FT06332,Environmental monitoring,Low,Vehicle,No Registration
INT2531,FT02743,Police partner,Low,Same Location,Blank
INT2532,FT19334,Police partner,Medium,Same Location,Unknown offender
INT2533,FT15551,CCTV,Medium,Same Location,Unknown offender
INT2534,FT13665,Council officer,Medium,Similar dates,None
INT2535,FT13467,Enforcement officer,High,Waste Pattern,Blank
INT2536,FT06385,Police partner,Low,Vehicle,No Registration
INT2537,FT04824,Enforcement officer,Low,Waste Pattern,Blank
INT2538,FT05717,Council officer,Medium,Waste Pattern,Blank
INT2539,FT19234,Enforcement officer,Medium,Waste Pattern,Unknown offender
INT2540,FT06346,Enforcement officer,High,Vehicle,No Registration
INT2541,FT04400,CCTV,Low,Waste Pattern,Unknown offender
INT2542,FT08730,Anonymous report,Medium,Similar dates,None
INT2543,FT17811,Anonymous report,Low,Vehicle,None
INT2544,FT16309,Waste contractor,High,Similar dates,None
INT2545,FT08716,Council officer,High,Waste Pattern,Unknown offender
INT2546,FT03467,Enforcement officer,High,Vehicle,None
INT2547,FT17300,Anonymous report,Medium,Vehicle,No Registration
INT2548,FT16953,Waste contractor,High,Vehicle,No Registration
INT2549,FT03887,Resident,Medium,Similar dates,None
INT2550,FT00122,Resident,Low,Same Location,Blank
INT2551,FT05142,Waste contractor,High,Vehicle,None
INT2552,FT13059,Waste contractor,Low,Vehicle,None
INT2553,FT02607,Enforcement officer,Medium,Similar dates,None
INT2554,FT11231,Enforcement officer,Low,Waste Pattern,Blank
INT2555,FT19641,Anonymous report,High,Vehicle,No Registration
INT2556,FT10687,Enforcement officer,Low,Waste Pattern,Blank
INT2557,FT06028,Enforcement officer,Medium,Waste Pattern,Unknown offender
INT2558,FT12247,Resident,High,Same Location,Blank
INT2559,FT08317,Enforcement officer,Medium,Similar dates,None
INT2560,FT09412,Anonymous report,Low,Similar dates,None
INT2561,FT02364,Anonymous report,Medium,Similar dates,None
INT2562,FT03752,CCTV,Low,Waste Pattern,Unknown offender
INT2563,FT17674,Council officer,High,Same Location,Blank
INT2564,FT07832,Waste contractor,High,Similar dates,None
INT2565,FT01719,Police partner,High,Same Location,Unknown offender
INT2566,FT10962,Police partner,High,Similar dates,None
INT2567,FT03226,Waste contractor,Low,Same Location,Blank
INT2568,FT08677,Police partner,Low,Same Location,Blank
INT2569,FT01355,CCTV,Low,Vehicle,None
INT2570,FT11625,Anonymous report,Low,Similar dates,None
INT2571,FT06471,Enforcement officer,Low,Same Location,Unknown offender
INT2572,FT03309,Police partner,High,Vehicle,No Registration
INT2573,FT03311,Police partner,High,Same Location,Unknown offender
INT2574,FT08264,Enforcement officer,Medium,Similar dates,None
INT2575,FT13188,CCTV,High,Waste Pattern,Unknown offender
INT2576,FT06904,Waste contractor,Medium,Waste Pattern,Unknown offender
INT2577,FT05014,Environmental monitoring,Low,Vehicle,No Registration
INT2578,FT06762,Environmental monitoring,Low,Waste Pattern,Unknown offender
INT2579,FT11829,Environmental monitoring,Medium,Similar dates,None
INT2580,FT14729,Enforcement officer,Low,Similar dates,None
INT2581,FT05898,Council officer,High,Waste Pattern,Unknown offender
INT2582,FT00956,Anonymous report,Medium,Waste Pattern,Unknown offender
INT2583,FT03957,Council officer,Low,Same Location,Unknown offender
INT2584,FT15105,Environmental monitoring,Medium,Waste Pattern,Unknown offender
INT2585,FT18511,Police partner,Low,Waste Pattern,Unknown offender
INT2586,FT14316,Enforcement officer,High,Similar dates,None
INT2587,FT13741,Anonymous report,Low,Same Location,Blank
INT2588,FT05625,Enforcement officer,High,Similar dates,None
INT2589,FT08454,Police partner,Low,Same Location,Blank
INT2590,FT04702,Waste contractor,Medium,Waste Pattern,Unknown offender
INT2591,FT19499,Environmental monitoring,Medium,Waste Pattern,Unknown offender
INT2592,FT15645,Anonymous report,Medium,Waste Pattern,Blank
INT2593,FT15377,Council officer,High,Waste Pattern,Unknown offender
INT2594,FT18567,CCTV,High,Vehicle,No Registration
INT2595,FT18371,Resident,High,Similar dates,None
INT2596,FT17313,Police partner,Low,Vehicle,None
INT2597,FT07698,Environmental monitoring,Medium,Vehicle,None
INT2598,FT11870,Council officer,Medium,Same Location,Unknown offender
INT2599,FT14361,Council officer,High,Similar dates,None
INT2600,FT07704,Resident,High,Similar dates,None
INT2601,FT17894,Anonymous report,Medium,Vehicle,No Registration
INT2602,FT17483,CCTV,Low,Vehicle,None
INT2603,FT08112,Environmental monitoring,Low,Same Location,Unknown offender
INT2604,FT07804,Anonymous report,Low,Waste Pattern,Unknown offender
INT2605,FT17158,Council officer,High,Vehicle,None
INT2606,FT01574,Anonymous report,High,Same Location,Blank
INT2607,FT01935,Enforcement officer,High,Similar dates,None
INT2608,FT06755,Enforcement officer,Low,Vehicle,No Registration
INT2609,FT03522,Waste contractor,High,Vehicle,No Registration
INT2610,FT05023,Resident,High,Waste Pattern,Unknown offender
INT2611,FT07079,Anonymous report,Medium,Similar dates,None
INT2612,FT09538,Waste contractor,High,Similar dates,None
INT2613,FT10053,Council officer,Low,Similar dates,None
INT2614,FT10830,Environmental monitoring,Low,Waste Pattern,Blank
INT2615,FT04395,Council officer,Low,Waste Pattern,Blank
INT2616,FT17174,Council officer,Medium,Waste Pattern,Blank
INT2617,FT04706,Waste contractor,Low,Same Location,Unknown offender
INT2618,FT08429,Resident,Medium,Same Location,Blank
INT2619,FT11334,CCTV,Low,Waste Pattern,Blank
INT2620,FT04344,Enforcement officer,Medium,Waste Pattern,Blank
INT2621,FT14478,Anonymous report,Low,Waste Pattern,Blank
INT2622,FT08925,CCTV,High,Similar dates,None
INT2623,FT12432,Anonymous report,Low,Similar dates,None
INT2624,FT14211,Council officer,High,Same Location,Blank
INT2625,FT12495,Environmental monitoring,Low,Vehicle,No Registration
INT2626,FT18412,CCTV,Low,Vehicle,None
INT2627,FT07873,Environmental monitoring,Medium,Same Location,Blank
INT2628,FT15023,Enforcement officer,Low,Vehicle,No Registration
INT2629,FT09135,Police partner,Low,Same Location,Unknown offender
INT2630,FT04899,Waste contractor,Medium,Similar dates,None
INT2631,FT13752,Environmental monitoring,High,Same Location,Unknown offender
INT2632,FT02611,Anonymous report,High,Vehicle,None
INT2633,FT03671,Police partner,Low,Similar dates,None
INT2634,FT09332,Anonymous report,Low,Waste Pattern,Blank
INT2635,FT13963,Police partner,Low,Waste Pattern,Unknown offender
INT2636,FT08768,Waste contractor,High,Similar dates,None
INT2637,FT18373,Waste contractor,High,Vehicle,None
INT2638,FT01581,Council officer,Low,Similar dates,None
INT2639,FT12763,Waste contractor,Low,Similar dates,None
INT2640,FT09655,Council officer,High,Same Location,Unknown offender
INT2641,FT09389,CCTV,High,Vehicle,No Registration
INT2642,FT14878,CCTV,Medium,Similar dates,None
INT2643,FT04558,Police partner,Medium,Same Location,Blank
INT2644,FT08201,Environmental monitoring,Low,Vehicle,None
INT2645,FT00679,CCTV,High,Vehicle,No Registration
INT2646,FT07795,Council officer,Medium,Waste Pattern,Blank
INT2647,FT08641,Police partner,High,Same Location,Blank
INT2648,FT19543,Waste contractor,High,Vehicle,None
INT2649,FT11888,CCTV,High,Vehicle,No Registration
INT2650,FT12332,Environmental monitoring,High,Vehicle,No Registration
INT2651,FT11860,Police partner,Medium,Same Location,Unknown offender
INT2652,FT12641,Enforcement officer,Low,Vehicle,None
INT2653,FT06628,Council officer,Low,Similar dates,None
INT2654,FT05570,Waste contractor,Low,Same Location,Blank
INT2655,FT03878,Environmental monitoring,Medium,Vehicle,No Registration
INT2656,FT04214,CCTV,Medium,Similar dates,None
INT2657,FT15245,CCTV,High,Vehicle,No Registration
INT2658,FT12246,Resident,High,Vehicle,None
INT2659,FT02193,Police partner,Low,Waste Pattern,Unknown offender
INT2660,FT15646,Resident,High,Vehicle,No Registration
INT2661,FT04682,Police partner,High,Vehicle,None
INT2662,FT18557,Environmental monitoring,High,Similar dates,None
INT2663,FT00313,Resident,High,Similar dates,None
INT2664,FT11754,Enforcement officer,Medium,Vehicle,None
INT2665,FT04922,Council officer,Low,Waste Pattern,Unknown offender
INT2666,FT05862,Police partner,High,Similar dates,None
INT2667,FT04301,Waste contractor,High,Same Location,Blank
INT2668,FT17382,Police partner,Medium,Vehicle,None
INT2669,FT18685,Enforcement officer,High,Similar dates,None
INT2670,FT03527,CCTV,High,Vehicle,No Registration
INT2671,FT02382,Waste contractor,Medium,Waste Pattern,Blank
INT2672,FT06320,Enforcement officer,High,Vehicle,None
INT2673,FT19963,Resident,High,Waste Pattern,Blank
INT2674,FT18303,Anonymous report,Medium,Similar dates,None
INT2675,FT05934,Resident,Low,Waste Pattern,Blank
INT2676,FT12435,Council officer,High,Same Location,Unknown offender
INT2677,FT05226,Environmental monitoring,High,Waste Pattern,Blank
INT2678,FT14353,Resident,Low,Same Location,Blank
INT2679,FT01440,Council officer,High,Waste Pattern,Blank
INT2680,FT13869,Anonymous report,High,Waste Pattern,Blank
INT2681,FT18612,Enforcement officer,Low,Vehicle,None
INT2682,FT17760,CCTV,High,Similar dates,None
INT2683,FT01427,CCTV,Medium,Vehicle,None
INT2684,FT13321,Resident,Medium,Vehicle,No Registration
INT2685,FT04686,Police partner,High,Waste Pattern,Unknown offender
INT2686,FT14516,Environmental monitoring,Low,Vehicle,None
INT2687,FT09836,Anonymous report,Medium,Waste Pattern,Unknown offender
INT2688,FT12613,Resident,Medium,Vehicle,No Registration
INT2689,FT03486,Enforcement officer,High,Similar dates,None
INT2690,FT03609,Anonymous report,Medium,Same Location,Blank
INT2691,FT04744,Environmental monitoring,Medium,Similar dates,None
INT2692,FT13787,CCTV,Medium,Vehicle,No Registration
INT2693,FT03973,Resident,Low,Same Location,Blank
INT2694,FT12791,CCTV,High,Similar dates,None
INT2695,FT02540,CCTV,High,Waste Pattern,Blank
INT2696,FT03359,Environmental monitoring,High,Similar dates,None
INT2697,FT17759,Resident,Low,Vehicle,None
INT2698,FT03248,Waste contractor,Medium,Same Location,Unknown offender
INT2699,FT11841,Environmental monitoring,Low,Waste Pattern,Unknown offender
INT2700,FT12837,Enforcement officer,Medium,Same Location,Unknown offender
INT2701,FT19606,CCTV,Medium,Waste Pattern,Unknown offender
INT2702,FT03922,Anonymous report,Low,Similar dates,None
INT2703,FT16414,Environmental monitoring,Low,Waste Pattern,Unknown offender
INT2704,FT05088,Council officer,Low,Same Location,Unknown offender
INT2705,FT04300,Anonymous report,High,Vehicle,No Registration
INT2706,FT04841,Council officer,Medium,Similar dates,None
INT2707,FT17074,Enforcement officer,High,Waste Pattern,Blank
INT2708,FT00459,Enforcement officer,Low,Same Location,Unknown offender
INT2709,FT06607,Anonymous report,High,Similar dates,None
INT2710,FT09582,Police partner,Medium,Waste Pattern,Blank
INT2711,FT10949,Waste contractor,Medium,Same Location,Blank
INT2712,FT09446,Resident,High,Similar dates,None
INT2713,FT13956,Council officer,High,Same Location,Blank
INT2714,FT19128,Anonymous report,Medium,Similar dates,None
INT2715,FT17750,Enforcement officer,High,Waste Pattern,Blank
INT2716,FT17434,Environmental monitoring,Medium,Similar dates,None
INT2717,FT18174,Resident,Medium,Vehicle,No Registration
INT2718,FT07705,Anonymous report,Low,Waste Pattern,Unknown offender
INT2719,FT18818,Council officer,Low,Similar dates,None
INT2720,FT07467,Waste contractor,Low,Vehicle,No Registration
INT2721,FT17657,Anonymous report,Low,Vehicle,None
INT2722,FT03636,Resident,Low,Waste Pattern,Unknown offender
INT2723,FT01936,Environmental monitoring,Medium,Waste Pattern,Unknown offender
INT2724,FT09299,Environmental monitoring,Low,Same Location,Blank
INT2725,FT14862,Enforcement officer,Medium,Waste Pattern,Unknown offender
INT2726,FT04179,Anonymous report,Low,Vehicle,No Registration
INT2727,FT12061,Resident,Low,Same Location,Unknown offender
INT2728,FT07014,Anonymous report,High,Vehicle,No Registration
INT2729,FT13825,Police partner,Low,Same Location,Unknown offender
INT2730,FT17481,Resident,Low,Vehicle,None
INT2731,FT08477,Enforcement officer,Low,Waste Pattern,Unknown offender
INT2732,FT05913,Waste contractor,Medium,Similar dates,None
INT2733,FT14489,Council officer,High,Waste Pattern,Blank
INT2734,FT06408,Resident,Medium,Vehicle,No Registration
INT2735,FT12122,Anonymous report,High,Vehicle,None
INT2736,FT01230,Council officer,Low,Same Location,Unknown offender
INT2737,FT04315,CCTV,Low,Similar dates,None
INT2738,FT09550,Enforcement officer,Low,Same Location,Blank
INT2739,FT11770,Police partner,High,Same Location,Unknown offender
INT2740,FT04049,Anonymous report,Low,Same Location,Unknown offender
INT2741,FT04717,CCTV,Low,Waste Pattern,Blank
INT2742,FT16678,Police partner,Medium,Vehicle,No Registration
INT2743,FT17527,Anonymous report,Medium,Similar dates,None
INT2744,FT11716,Resident,Medium,Vehicle,None
INT2745,FT01404,Environmental monitoring,Medium,Vehicle,No Registration
INT2746,FT00346,Council officer,High,Waste Pattern,Blank
INT2747,FT19703,CCTV,Medium,Waste Pattern,Unknown offender
INT2748,FT13640,CCTV,Medium,Waste Pattern,Unknown offender
INT2749,FT15976,Police partner,High,Waste Pattern,Blank
INT2750,FT12622,Environmental monitoring,High,Similar dates,None
INT2751,FT18199,Council officer,Low,Vehicle,None
INT2752,FT00879,CCTV,Medium,Vehicle,None
INT2753,FT09802,CCTV,Low,Similar dates,None
INT2754,FT08982,Anonymous report,Medium,Similar dates,None
INT2755,FT04109,Resident,High,Similar dates,None
INT2756,FT07992,Resident,Low,Waste Pattern,Unknown offender
INT2757,FT01165,Environmental monitoring,Low,Similar dates,None
INT2758,FT06046,CCTV,Medium,Vehicle,None
INT2759,FT16009,CCTV,Medium,Vehicle,None
INT2760,FT02086,Council officer,Medium,Same Location,Blank
INT2761,FT02549,Police partner,High,Same Location,Blank
INT2762,FT09242,Resident,Low,Waste Pattern,Blank
INT2763,FT07164,Waste contractor,Low,Same Location,Blank
INT2764,FT05604,Resident,Medium,Vehicle,None
INT2765,FT11374,Environmental monitoring,High,Waste Pattern,Blank
INT2766,FT18448,Police partner,Medium,Vehicle,No Registration
INT2767,FT18232,Police partner,Low,Vehicle,No Registration
INT2768,FT09538,Environmental monitoring,Medium,Vehicle,None
INT2769,FT05251,Enforcement officer,Low,Same Location,Unknown offender
INT2770,FT02051,Anonymous report,High,Similar dates,None
INT2771,FT15219,Police partner,Low,Vehicle,None
INT2772,FT00424,CCTV,High,Waste Pattern,Unknown offender
INT2773,FT05204,Council officer,High,Same Location,Unknown offender
INT2774,FT08512,Police partner,Low,Similar dates,None
INT2775,FT11027,Council officer,Medium,Similar dates,None
INT2776,FT04094,Resident,High,Vehicle,None
INT2777,FT03423,Enforcement officer,Medium,Vehicle,None
INT2778,FT09410,Anonymous report,High,Similar dates,None
INT2779,FT18334,Resident,Medium,Same Location,Unknown offender
INT2780,FT14134,CCTV,High,Same Location,Blank
INT2781,FT07135,Environmental monitoring,Medium,Similar dates,None
INT2782,FT13185,Environmental monitoring,Low,Vehicle,None
INT2783,FT14104,Resident,High,Similar dates,None
INT2784,FT08450,Environmental monitoring,Medium,Vehicle,No Registration
INT2785,FT07944,Waste contractor,Low,Similar dates,None
INT2786,FT17472,Resident,Medium,Vehicle,No Registration
INT2787,FT02176,Council officer,Medium,Same Location,Blank
INT2788,FT07777,Resident,High,Same Location,Unknown offender
INT2789,FT14673,Anonymous report,Medium,Waste Pattern,Blank
INT2790,FT02607,Resident,Medium,Same Location,Blank
INT2791,FT04976,Anonymous report,Low,Same Location,Blank
INT2792,FT01569,CCTV,Medium,Similar dates,None
INT2793,FT03877,Anonymous report,High,Waste Pattern,Unknown offender
INT2794,FT13797,Waste contractor,Medium,Vehicle,No Registration
INT2795,FT02911,Environmental monitoring,Low,Similar dates,None
INT2796,FT13810,Waste contractor,Low,Vehicle,None
INT2797,FT17604,Council officer,Medium,Similar dates,None
INT2798,FT00865,CCTV,Medium,Similar dates,None
INT2799,FT03370,Environmental monitoring,High,Similar dates,None
INT2800,FT13138,Anonymous report,Low,Vehicle,No Registration
INT2801,FT05902,Police partner,Medium,Same Location,Blank
INT2802,FT16476,Police partner,High,Waste Pattern,Unknown offender
INT2803,FT13718,Waste contractor,Low,Similar dates,None
INT2804,FT16503,Enforcement officer,Low,Vehicle,None
INT2805,FT01676,Enforcement officer,Low,Similar dates,None
INT2806,FT00829,CCTV,Medium,Similar dates,None
INT2807,FT16827,Waste contractor,High,Similar dates,None
INT2808,FT07218,Resident,Low,Same Location,Blank
INT2809,FT01814,Anonymous report,High,Vehicle,No Registration
INT2810,FT06490,Council officer,High,Waste Pattern,Blank
INT2811,FT03978,Environmental monitoring,Medium,Similar dates,None
INT2812,FT06500,Council officer,High,Similar dates,None
INT2813,FT07257,Council officer,High,Vehicle,No Registration
INT2814,FT19991,Waste contractor,Medium,Vehicle,None
INT2815,FT10105,Police partner,High,Similar dates,None
INT2816,FT08011,Environmental monitoring,Low,Similar dates,None
INT2817,FT11102,Anonymous report,Low,Same Location,Unknown offender
INT2818,FT06889,Waste contractor,High,Similar dates,None
INT2819,FT19566,Resident,High,Vehicle,No Registration
INT2820,FT07802,Resident,Medium,Vehicle,None
INT2821,FT09262,Waste contractor,Low,Same Location,Unknown offender
INT2822,FT19922,Police partner,Low,Vehicle,None
INT2823,FT16368,Police partner,High,Same Location,Unknown offender
INT2824,FT15073,Anonymous report,Low,Same Location,Unknown offender
INT2825,FT12085,Waste contractor,Low,Similar dates,None
INT2826,FT10228,Police partner,High,Waste Pattern,Blank
INT2827,FT12505,Police partner,Medium,Waste Pattern,Unknown offender
INT2828,FT00479,Police partner,Medium,Waste Pattern,Unknown offender
INT2829,FT03400,Council officer,High,Same Location,Unknown offender
INT2830,FT01832,Anonymous report,High,Similar dates,None
INT2831,FT08559,Environmental monitoring,Medium,Same Location,Unknown offender
INT2832,FT08174,Environmental monitoring,Medium,Waste Pattern,Blank
INT2833,FT05657,Environmental monitoring,Medium,Same Location,Blank
INT2834,FT06341,Environmental monitoring,High,Waste Pattern,Blank
INT2835,FT12882,Police partner,Medium,Waste Pattern,Blank
INT2836,FT18567,Resident,Medium,Waste Pattern,Unknown offender
INT2837,FT09972,Police partner,Low,Waste Pattern,Blank
INT2838,FT02132,CCTV,Low,Vehicle,No Registration
INT2839,FT07969,Resident,Low,Vehicle,No Registration
INT2840,FT00104,Enforcement officer,Medium,Similar dates,None
INT2841,FT18529,Environmental monitoring,Medium,Waste Pattern,Unknown offender
INT2842,FT00784,CCTV,Medium,Similar dates,None
INT2843,FT03407,Council officer,High,Waste Pattern,Blank
INT2844,FT11833,CCTV,Medium,Waste Pattern,Blank
INT2845,FT01131,Environmental monitoring,Low,Vehicle,None
INT2846,FT17590,Resident,Medium,Vehicle,No Registration
INT2847,FT15033,Enforcement officer,High,Same Location,Unknown offender
INT2848,FT13038,Anonymous report,Medium,Vehicle,None
INT2849,FT10227,CCTV,Medium,Waste Pattern,Blank
INT2850,FT01520,Waste contractor,Low,Vehicle,No Registration
INT2851,FT12986,Waste contractor,Low,Same Location,Unknown offender
INT2852,FT03889,Environmental monitoring,High,Waste Pattern,Unknown offender
INT2853,FT03800,Resident,High,Vehicle,None
INT2854,FT00404,Resident,Low,Similar dates,None
INT2855,FT00580,Enforcement officer,Low,Waste Pattern,Blank
INT2856,FT14347,Resident,Low,Waste Pattern,Blank
INT2857,FT19912,Resident,Medium,Vehicle,No Registration
INT2858,FT05770,CCTV,Medium,Waste Pattern,Unknown offender
INT2859,FT01259,Council officer,Medium,Same Location,Unknown offender
INT2860,FT14167,Enforcement officer,High,Waste Pattern,Blank
INT2861,FT00313,Police partner,Medium,Vehicle,No Registration
INT2862,FT06614,Council officer,High,Vehicle,No Registration
INT2863,FT18863,CCTV,High,Similar dates,None
INT2864,FT14864,Police partner,Low,Same Location,Blank
INT2865,FT14110,Anonymous report,Medium,Waste Pattern,Blank
INT2866,FT06798,Environmental monitoring,High,Waste Pattern,Unknown offender
INT2867,FT00994,Waste contractor,High,Waste Pattern,Blank
INT2868,FT00900,Anonymous report,High,Same Location,Blank
INT2869,FT13375,Waste contractor,Low,Vehicle,No Registration
INT2870,FT13360,Council officer,Medium,Waste Pattern,Unknown offender
INT2871,FT09855,Environmental monitoring,Medium,Similar dates,None
INT2872,FT17881,CCTV,Low,Vehicle,No Registration
INT2873,FT12698,Police partner,Low,Same Location,Unknown offender
INT2874,FT12300,Police partner,High,Vehicle,None
INT2875,FT04072,Enforcement officer,High,Similar dates,None
INT2876,FT10057,Waste contractor,High,Same Location,Blank
INT2877,FT12461,CCTV,Medium,Same Location,Unknown offender
INT2878,FT17858,Council officer,Medium,Similar dates,None
INT2879,FT06348,Resident,Low,Vehicle,No Registration
INT2880,FT05668,Waste contractor,High,Waste Pattern,Unknown offender
INT2881,FT01776,Council officer,Low,Similar dates,None
INT2882,FT02644,Resident,Medium,Waste Pattern,Unknown offender
INT2883,FT19679,Police partner,Medium,Vehicle,No Registration
INT2884,FT06876,CCTV,High,Same Location,Unknown offender
INT2885,FT06578,Council officer,High,Waste Pattern,Blank
INT2886,FT12083,Council officer,Medium,Same Location,Blank
INT2887,FT16413,Enforcement officer,Medium,Similar dates,None
INT2888,FT11250,Resident,High,Vehicle,No Registration
INT2889,FT01443,CCTV,Low,Vehicle,No Registration
INT2890,FT17943,CCTV,Medium,Same Location,Unknown offender
INT2891,FT15126,Environmental monitoring,Low,Waste Pattern,Unknown offender
INT2892,FT09286,Resident,Low,Vehicle,None
INT2893,FT04699,Police partner,Low,Vehicle,None
INT2894,FT07970,Environmental monitoring,High,Same Location,Unknown offender
INT2895,FT06575,Environmental monitoring,Medium,Similar dates,None
INT2896,FT07105,Anonymous report,Low,Same Location,Blank
INT2897,FT04364,Waste contractor,Low,Waste Pattern,Unknown offender
INT2898,FT16107,Enforcement officer,Low,Waste Pattern,Unknown offender
INT2899,FT00431,Council officer,Medium,Waste Pattern,Unknown offender
INT2900,FT17709,Police partner,High,Waste Pattern,Unknown offender
INT2901,FT04330,Anonymous report,Low,Waste Pattern,Blank
INT2902,FT00929,CCTV,Medium,Vehicle,No Registration
INT2903,FT19520,Waste contractor,Low,Vehicle,None
INT2904,FT00613,CCTV,Low,Same Location,Unknown offender
INT2905,FT06184,Council officer,Low,Similar dates,None
INT2906,FT14526,Resident,High,Similar dates,None
INT2907,FT11288,Anonymous report,Medium,Same Location,Unknown offender
INT2908,FT15312,CCTV,Low,Vehicle,None
INT2909,FT12093,Waste contractor,High,Similar dates,None
INT2910,FT15251,Environmental monitoring,Medium,Waste Pattern,Unknown offender
INT2911,FT11656,Council officer,Medium,Vehicle,None
INT2912,FT03972,Enforcement officer,High,Similar dates,None
INT2913,FT17639,Council officer,Low,Same Location,Unknown offender
INT2914,FT00671,CCTV,High,Same Location,Unknown offender
INT2915,FT15156,Anonymous report,High,Waste Pattern,Unknown offender
INT2916,FT18932,CCTV,Low,Vehicle,None
INT2917,FT17771,Police partner,Medium,Similar dates,None
INT2918,FT10928,Environmental monitoring,High,Waste Pattern,Blank
INT2919,FT05875,Waste contractor,High,Vehicle,None
INT2920,FT04345,Police partner,Medium,Similar dates,None
INT2921,FT19385,Waste contractor,Medium,Similar dates,None
INT2922,FT09907,Environmental monitoring,Low,Same Location,Blank
INT2923,FT13382,Environmental monitoring,Medium,Waste Pattern,Unknown offender
INT2924,FT19800,Waste contractor,Low,Similar dates,None
INT2925,FT09534,Anonymous report,Low,Waste Pattern,Blank
INT2926,FT10807,Anonymous report,High,Vehicle,No Registration
INT2927,FT14417,Resident,Medium,Vehicle,No Registration
INT2928,FT18182,Anonymous report,Medium,Vehicle,No Registration
INT2929,FT02018,Enforcement officer,Low,Same Location,Unknown offender
INT2930,FT18682,Anonymous report,High,Vehicle,None
INT2931,FT15659,Resident,Low,Same Location,Unknown offender
INT2932,FT03059,Council officer,Low,Waste Pattern,Blank
INT2933,FT14679,CCTV,High,Same Location,Unknown offender
INT2934,FT06969,Enforcement officer,Low,Waste Pattern,Unknown offender
INT2935,FT01503,Environmental monitoring,High,Vehicle,None
INT2936,FT17233,Environmental monitoring,Medium,Waste Pattern,Unknown offender
INT2937,FT14629,Police partner,Medium,Waste Pattern,Unknown offender
INT2938,FT16920,Resident,Medium,Vehicle,None
INT2939,FT04398,Waste contractor,Medium,Same Location,Unknown offender
INT2940,FT15669,Anonymous report,Medium,Same Location,Unknown offender
INT2941,FT03367,Resident,Medium,Same Location,Blank
INT2942,FT10511,CCTV,Low,Similar dates,None
INT2943,FT06144,Anonymous report,Medium,Similar dates,None
INT2944,FT11365,Anonymous report,Low,Same Location,Unknown offender
INT2945,FT04089,CCTV,High,Vehicle,No Registration
INT2946,FT12076,Resident,Low,Waste Pattern,Unknown offender
INT2947,FT16482,Waste contractor,Medium,Same Location,Blank
INT2948,FT05457,Anonymous report,Medium,Same Location,Unknown offender
INT2949,FT01288,CCTV,Medium,Same Location,Blank
INT2950,FT17638,Police partner,Medium,Same Location,Unknown offender
INT2951,FT08023,Council officer,High,Waste Pattern,Unknown offender
INT2952,FT07594,Enforcement officer,High,Similar dates,None
INT2953,FT05230,Police partner,Medium,Vehicle,None
INT2954,FT02447,Council officer,Medium,Vehicle,None
INT2955,FT00061,Waste contractor,High,Vehicle,None
INT2956,FT01589,Waste contractor,Medium,Vehicle,None
INT2957,FT07951,Anonymous report,Medium,Similar dates,None
INT2958,FT04717,Police partner,Medium,Waste Pattern,Blank
INT2959,FT08268,Police partner,Low,Similar dates,None
INT2960,FT01550,Council officer,Low,Vehicle,No Registration
INT2961,FT07923,Waste contractor,Medium,Same Location,Unknown offender
INT2962,FT11201,Police partner,High,Similar dates,None
INT2963,FT07433,Resident,Low,Waste Pattern,Blank
INT2964,FT08258,Enforcement officer,Low,Vehicle,None
INT2965,FT04996,Police partner,Low,Vehicle,No Registration
INT2966,FT08498,Enforcement officer,Medium,Same Location,Unknown offender
INT2967,FT08159,Waste contractor,Medium,Waste Pattern,Blank
INT2968,FT15933,Police partner,Low,Similar dates,None
INT2969,FT02281,Council officer,Low,Same Location,Blank
INT2970,FT11026,Enforcement officer,Low,Same Location,Blank
INT2971,FT03486,Police partner,High,Waste Pattern,Blank
INT2972,FT02664,Police partner,Medium,Vehicle,No Registration
INT2973,FT14166,Anonymous report,Medium,Similar dates,None
INT2974,FT17793,Enforcement officer,High,Waste Pattern,Unknown offender
INT2975,FT00255,Council officer,Medium,Vehicle,No Registration
INT2976,FT05046,Enforcement officer,Low,Vehicle,No Registration
INT2977,FT15628,CCTV,Low,Same Location,Blank
INT2978,FT01162,Resident,High,Same Location,Unknown offender
INT2979,FT05240,Enforcement officer,High,Similar dates,None
INT2980,FT11988,Anonymous report,High,Similar dates,None
INT2981,FT17699,Police partner,Low,Waste Pattern,Blank
INT2982,FT08529,CCTV,Low,Same Location,Unknown offender
INT2983,FT09880,Enforcement officer,High,Waste Pattern,Blank
INT2984,FT10417,Resident,Medium,Same Location,Unknown offender
INT2985,FT03211,Waste contractor,Medium,Waste Pattern,Blank
INT2986,FT04031,Enforcement officer,High,Similar dates,None
INT2987,FT14694,Waste contractor,High,Vehicle,None
INT2988,FT02987,Environmental monitoring,High,Vehicle,None
INT2989,FT19237,CCTV,Low,Waste Pattern,Unknown offender
INT2990,FT19021,Resident,Medium,Waste Pattern,Unknown offender
INT2991,FT02259,Environmental monitoring,High,Waste Pattern,Blank
INT2992,FT06939,Enforcement officer,High,Waste Pattern,Blank
INT2993,FT07225,Council officer,Low,Similar dates,None
INT2994,FT12988,Waste contractor,Low,Same Location,Unknown offender
INT2995,FT04808,Environmental monitoring,Medium,Same Location,Blank
INT2996,FT18257,Environmental monitoring,High,Waste Pattern,Blank
INT2997,FT00141,Anonymous report,Low,Waste Pattern,Blank
INT2998,FT09220,Resident,High,Same Location,Unknown offender
INT2999,FT04049,Anonymous report,Low,Waste Pattern,Blank
INT3000,FT09998,Anonymous report,High,Waste Pattern,Blank
INT3001,FT15601,Waste contractor,High,Waste Pattern,Unknown offender
INT3002,FT02675,Anonymous report,Medium,Waste Pattern,Blank
INT3003,FT12300,Police partner,Low,Vehicle,None
INT3004,FT04314,Resident,Low,Similar dates,None
INT3005,FT08606,Enforcement officer,High,Similar dates,None
INT3006,FT03543,Council officer,Medium,Similar dates,None
INT3007,FT00686,Enforcement officer,High,Similar dates,None
INT3008,FT09049,Anonymous report,High,Waste Pattern,Blank
INT3009,FT01082,Police partner,Medium,Vehicle,None
INT3010,FT07939,Waste contractor,High,Vehicle,None
INT3011,FT11109,Environmental monitoring,Medium,Same Location,Unknown offender
INT3012,FT07370,Anonymous report,Medium,Waste Pattern,Unknown offender
INT3013,FT10673,Police partner,Medium,Same Location,Unknown offender
INT3014,FT17863,Council officer,High,Waste Pattern,Blank
INT3015,FT19561,Police partner,High,Waste Pattern,Unknown offender
INT3016,FT09617,Police partner,Low,Vehicle,None
INT3017,FT09926,Enforcement officer,Low,Same Location,Unknown offender
INT3018,FT02380,CCTV,Medium,Similar dates,None
INT3019,FT05305,CCTV,Low,Vehicle,No Registration
INT3020,FT06728,CCTV,Medium,Vehicle,No Registration
INT3021,FT17387,CCTV,Medium,Vehicle,None
INT3022,FT11174,CCTV,Medium,Vehicle,No Registration
INT3023,FT07762,Anonymous report,Low,Vehicle,None
INT3024,FT06884,CCTV,High,Waste Pattern,Blank
INT3025,FT15943,Enforcement officer,Medium,Same Location,Blank
INT3026,FT18405,Enforcement officer,High,Similar dates,None
INT3027,FT08283,Enforcement officer,Medium,Similar dates,None
INT3028,FT06554,CCTV,High,Same Location,Unknown offender
INT3029,FT16220,Environmental monitoring,Medium,Vehicle,No Registration
INT3030,FT01494,Resident,Low,Vehicle,None
INT3031,FT09594,Waste contractor,Low,Vehicle,No Registration
INT3032,FT17952,Anonymous report,Low,Waste Pattern,Unknown offender
INT3033,FT03713,CCTV,Medium,Vehicle,None
INT3034,FT09895,CCTV,High,Waste Pattern,Unknown offender
INT3035,FT02755,Waste contractor,Medium,Same Location,Blank
INT3036,FT19015,Resident,High,Vehicle,No Registration
INT3037,FT04964,Environmental monitoring,Medium,Similar dates,None
INT3038,FT03817,Resident,Low,Similar dates,None
INT3039,FT09081,Anonymous report,High,Vehicle,None
INT3040,FT07632,CCTV,High,Same Location,Unknown offender
INT3041,FT04360,Police partner,Low,Same Location,Blank
INT3042,FT00590,Anonymous report,Medium,Same Location,Blank
INT3043,FT10540,Anonymous report,Low,Vehicle,No Registration
INT3044,FT07079,Police partner,High,Waste Pattern,Unknown offender
INT3045,FT12017,Waste contractor,Low,Same Location,Blank
INT3046,FT08186,Resident,High,Similar dates,None
INT3047,FT11605,Waste contractor,Low,Vehicle,No Registration
INT3048,FT18754,Environmental monitoring,Low,Same Location,Unknown offender
INT3049,FT19916,Waste contractor,High,Same Location,Blank
INT3050,FT05300,Enforcement officer,Low,Waste Pattern,Blank
INT3051,FT14080,CCTV,High,Same Location,Unknown offender
INT3052,FT07402,Council officer,Low,Vehicle,No Registration
INT3053,FT16658,Police partner,High,Waste Pattern,Blank
INT3054,FT11787,Waste contractor,High,Vehicle,None
INT3055,FT00113,Council officer,Medium,Similar dates,None
INT3056,FT03086,Council officer,High,Similar dates,None
INT3057,FT14289,Police partner,Medium,Waste Pattern,Unknown offender
INT3058,FT18146,CCTV,Medium,Waste Pattern,Blank
INT3059,FT09921,Anonymous report,Medium,Same Location,Unknown offender
INT3060,FT12466,Enforcement officer,High,Same Location,Blank
INT3061,FT03575,CCTV,High,Same Location,Blank
INT3062,FT14978,Waste contractor,High,Similar dates,None
INT3063,FT00332,Anonymous report,Medium,Similar dates,None
INT3064,FT10038,Environmental monitoring,High,Vehicle,None
INT3065,FT14300,CCTV,Low,Similar dates,None
INT3066,FT15602,Enforcement officer,Low,Vehicle,None
INT3067,FT13794,Environmental monitoring,Low,Waste Pattern,Blank
INT3068,FT15860,Waste contractor,Low,Waste Pattern,Unknown offender
INT3069,FT09783,Police partner,High,Same Location,Unknown offender
INT3070,FT08457,Police partner,Low,Similar dates,None
INT3071,FT03361,Police partner,Low,Waste Pattern,Unknown offender
INT3072,FT12311,CCTV,Low,Similar dates,None
INT3073,FT18001,Environmental monitoring,Medium,Vehicle,None
INT3074,FT09154,Anonymous report,Low,Waste Pattern,Unknown offender
INT3075,FT10305,Police partner,High,Similar dates,None
INT3076,FT09105,Police partner,Medium,Same Location,Unknown offender
INT3077,FT01525,Council officer,High,Similar dates,None
INT3078,FT18289,Police partner,High,Similar dates,None
INT3079,FT01573,Council officer,High,Similar dates,None
INT3080,FT17596,Enforcement officer,Medium,Waste Pattern,Unknown offender
INT3081,FT01455,Environmental monitoring,High,Same Location,Unknown offender
INT3082,FT14874,Environmental monitoring,Medium,Same Location,Unknown offender
INT3083,FT09177,CCTV,Medium,Same Location,Unknown offender
INT3084,FT13419,CCTV,Low,Similar dates,None
INT3085,FT07129,Waste contractor,Low,Similar dates,None
INT3086,FT08602,CCTV,Medium,Vehicle,None
INT3087,FT03788,Anonymous report,High,Same Location,Blank
INT3088,FT12452,Police partner,Low,Vehicle,None
INT3089,FT05364,Police partner,Medium,Similar dates,None
INT3090,FT12496,Anonymous report,Low,Waste Pattern,Unknown offender
INT3091,FT02155,Council officer,Medium,Same Location,Blank
INT3092,FT17715,Resident,Medium,Similar dates,None
INT3093,FT01504,Council officer,Low,Vehicle,No Registration
INT3094,FT06339,Police partner,Low,Waste Pattern,Unknown offender
INT3095,FT09029,Anonymous report,Low,Waste Pattern,Blank
INT3096,FT16928,Environmental monitoring,High,Waste Pattern,Blank
INT3097,FT13722,Resident,High,Waste Pattern,Blank
INT3098,FT01404,Anonymous report,High,Same Location,Blank
INT3099,FT03404,Resident,Low,Vehicle,None
INT3100,FT01325,Waste contractor,Low,Vehicle,None
INT3101,FT04963,Police partner,Medium,Similar dates,None
INT3102,FT12999,Waste contractor,Medium,Similar dates,None
INT3103,FT03658,Environmental monitoring,Medium,Vehicle,No Registration
INT3104,FT16934,Police partner,High,Waste Pattern,Unknown offender
INT3105,FT00726,CCTV,High,Waste Pattern,Blank
INT3106,FT12756,Anonymous report,High,Similar dates,None
INT3107,FT03195,Waste contractor,Low,Vehicle,No Registration
INT3108,FT05412,Enforcement officer,Low,Waste Pattern,Blank
INT3109,FT19170,Council officer,Low,Vehicle,No Registration
INT3110,FT12119,Resident,High,Waste Pattern,Blank
INT3111,FT06412,CCTV,High,Same Location,Unknown offender
INT3112,FT04349,Anonymous report,Medium,Vehicle,None
INT3113,FT05093,Police partner,Low,Same Location,Unknown offender
INT3114,FT00852,Council officer,Low,Waste Pattern,Blank
INT3115,FT16740,Council officer,Medium,Vehicle,No Registration
INT3116,FT00417,Resident,Medium,Waste Pattern,Unknown offender
INT3117,FT08846,Resident,Low,Waste Pattern,Blank
INT3118,FT04274,CCTV,High,Similar dates,None
INT3119,FT17191,Police partner,Low,Same Location,Blank
INT3120,FT09460,Anonymous report,Low,Vehicle,None
INT3121,FT11189,Council officer,Low,Same Location,Blank
INT3122,FT09733,Waste contractor,Medium,Similar dates,None
INT3123,FT03455,Waste contractor,Low,Same Location,Blank
INT3124,FT01664,Waste contractor,Low,Same Location,Blank
INT3125,FT07762,Council officer,Medium,Same Location,Unknown offender
INT3126,FT10852,Anonymous report,High,Vehicle,None
INT3127,FT18803,Environmental monitoring,High,Same Location,Blank
INT3128,FT05249,Council officer,High,Waste Pattern,Unknown offender
INT3129,FT00717,Council officer,Medium,Same Location,Blank
INT3130,FT04366,Anonymous report,Low,Similar dates,None
INT3131,FT08424,Council officer,Low,Same Location,Unknown offender
INT3132,FT01005,Waste contractor,Low,Vehicle,None
INT3133,FT12302,Resident,Low,Vehicle,No Registration
INT3134,FT11747,Waste contractor,Medium,Waste Pattern,Blank
INT3135,FT15848,Waste contractor,Medium,Waste Pattern,Blank
INT3136,FT08520,Waste contractor,High,Vehicle,None
INT3137,FT00212,Anonymous report,High,Waste Pattern,Unknown offender
INT3138,FT11045,Police partner,High,Same Location,Unknown offender
INT3139,FT01722,Anonymous report,High,Same Location,Unknown offender
INT3140,FT17802,Enforcement officer,Medium,Similar dates,None
INT3141,FT02127,CCTV,Medium,Waste Pattern,Unknown offender
INT3142,FT11705,Resident,High,Waste Pattern,Unknown offender
INT3143,FT17102,Environmental monitoring,Low,Same Location,Blank
INT3144,FT00844,Anonymous report,Low,Similar dates,None
INT3145,FT12488,Resident,Medium,Vehicle,No Registration
INT3146,FT00138,Waste contractor,High,Vehicle,No Registration
INT3147,FT17345,Police partner,Medium,Waste Pattern,Blank
INT3148,FT15113,CCTV,High,Vehicle,No Registration
INT3149,FT03172,Enforcement officer,Medium,Similar dates,None
INT3150,FT16663,Anonymous report,High,Vehicle,None
INT3151,FT04872,Police partner,High,Similar dates,None
INT3152,FT15988,Waste contractor,High,Same Location,Unknown offender
INT3153,FT04737,Enforcement officer,Low,Waste Pattern,Unknown offender
INT3154,FT10312,Council officer,Low,Same Location,Blank
INT3155,FT17307,CCTV,Low,Similar dates,None
INT3156,FT07993,Environmental monitoring,Low,Waste Pattern,Unknown offender
INT3157,FT17495,CCTV,Medium,Same Location,Unknown offender
INT3158,FT17297,Anonymous report,Low,Vehicle,No Registration
INT3159,FT09918,Environmental monitoring,High,Vehicle,No Registration
INT3160,FT04883,Council officer,High,Similar dates,None
INT3161,FT01201,Police partner,Low,Vehicle,No Registration
INT3162,FT03909,Police partner,Low,Same Location,Unknown offender
INT3163,FT00834,CCTV,High,Same Location,Unknown offender
INT3164,FT13035,Police partner,Medium,Vehicle,None
INT3165,FT11960,Environmental monitoring,High,Waste Pattern,Blank
INT3166,FT04297,CCTV,High,Waste Pattern,Unknown offender
INT3167,FT03948,Resident,High,Similar dates,None
INT3168,FT07925,Environmental monitoring,Low,Similar dates,None
INT3169,FT13421,Police partner,Low,Same Location,Unknown offender
INT3170,FT19683,Anonymous report,Medium,Vehicle,No Registration
INT3171,FT18645,Environmental monitoring,High,Waste Pattern,Unknown offender
INT3172,FT10295,Police partner,Low,Vehicle,None
INT3173,FT01042,Resident,Low,Similar dates,None
INT3174,FT08605,Enforcement officer,High,Same Location,Blank
INT3175,FT08076,Enforcement officer,Medium,Waste Pattern,Blank
INT3176,FT01889,Police partner,Medium,Waste Pattern,Blank
INT3177,FT06753,Environmental monitoring,Medium,Vehicle,No Registration
INT3178,FT15565,Enforcement officer,Medium,Similar dates,None
INT3179,FT07319,Resident,Medium,Similar dates,None
INT3180,FT18387,Enforcement officer,High,Same Location,Unknown offender
INT3181,FT03206,Resident,Medium,Waste Pattern,Blank
INT3182,FT03216,Enforcement officer,Low,Similar dates,None
INT3183,FT04261,Resident,High,Same Location,Unknown offender
INT3184,FT18935,Enforcement officer,High,Same Location,Blank
INT3185,FT10836,Police partner,Low,Waste Pattern,Unknown offender
INT3186,FT01953,Resident,Low,Similar dates,None
INT3187,FT16668,Police partner,High,Same Location,Unknown offender
INT3188,FT08264,CCTV,Medium,Waste Pattern,Blank
INT3189,FT09443,Enforcement officer,Medium,Similar dates,None
INT3190,FT07993,Waste contractor,Medium,Waste Pattern,Blank
INT3191,FT14852,CCTV,High,Waste Pattern,Unknown offender
INT3192,FT14838,CCTV,High,Vehicle,No Registration
INT3193,FT01882,Resident,High,Waste Pattern,Unknown offender
INT3194,FT02988,Resident,Low,Waste Pattern,Unknown offender
INT3195,FT09941,Council officer,High,Similar dates,None
INT3196,FT18155,Police partner,Low,Vehicle,No Registration
INT3197,FT01285,Police partner,Low,Waste Pattern,Blank
INT3198,FT19814,Police partner,High,Vehicle,None
INT3199,FT12977,Resident,Medium,Vehicle,No Registration
INT3200,FT06484,Enforcement officer,Medium,Same Location,Blank
INT3201,FT09531,Waste contractor,Low,Waste Pattern,Blank
INT3202,FT15211,Environmental monitoring,Low,Vehicle,No Registration
INT3203,FT13845,Waste contractor,Medium,Same Location,Blank
INT3204,FT05878,Anonymous report,Medium,Similar dates,None
INT3205,FT02092,Council officer,High,Similar dates,None
INT3206,FT04197,Council officer,High,Same Location,Unknown offender
INT3207,FT17099,Council officer,Medium,Waste Pattern,Blank
INT3208,FT06229,Anonymous report,Low,Vehicle,No Registration
INT3209,FT12844,Anonymous report,Medium,Same Location,Blank
INT3210,FT00818,CCTV,High,Vehicle,None
INT3211,FT16281,Anonymous report,Medium,Similar dates,None
INT3212,FT05506,Anonymous report,High,Waste Pattern,Unknown offender
INT3213,FT10683,CCTV,High,Similar dates,None
INT3214,FT18576,Police partner,High,Same Location,Unknown offender
INT3215,FT12278,Enforcement officer,High,Vehicle,None
INT3216,FT15422,CCTV,High,Same Location,Blank
INT3217,FT15529,Waste contractor,Medium,Vehicle,None
INT3218,FT08440,Environmental monitoring,Low,Vehicle,No Registration
INT3219,FT10373,Enforcement officer,Low,Waste Pattern,Unknown offender
INT3220,FT03539,Council officer,High,Similar dates,None
INT3221,FT12143,Council officer,Low,Vehicle,No Registration
INT3222,FT15427,Resident,Medium,Same Location,Blank
INT3223,FT13138,Waste contractor,Low,Similar dates,None
INT3224,FT10171,Council officer,High,Vehicle,None
INT3225,FT09519,Resident,High,Similar dates,None
INT3226,FT09320,Environmental monitoring,Low,Vehicle,No Registration
INT3227,FT11614,CCTV,Medium,Same Location,Unknown offender
INT3228,FT11033,Resident,High,Waste Pattern,Blank
INT3229,FT06586,Waste contractor,Low,Similar dates,None
INT3230,FT07201,Enforcement officer,High,Similar dates,None
INT3231,FT03976,CCTV,Low,Waste Pattern,Unknown offender
INT3232,FT07501,Anonymous report,Medium,Waste Pattern,Blank
INT3233,FT06154,Environmental monitoring,Medium,Similar dates,None
INT3234,FT01435,Council officer,Medium,Same Location,Blank
INT3235,FT18617,Council officer,Low,Waste Pattern,Blank
INT3236,FT02609,Council officer,High,Vehicle,None
INT3237,FT12469,CCTV,Medium,Same Location,Blank
INT3238,FT10291,Anonymous report,High,Similar dates,None
INT3239,FT14086,Environmental monitoring,Medium,Similar dates,None
INT3240,FT15142,Waste contractor,Medium,Waste Pattern,Blank
INT3241,FT16867,CCTV,Medium,Waste Pattern,Blank
INT3242,FT07613,Environmental monitoring,Low,Vehicle,None
INT3243,FT06336,Waste contractor,High,Waste Pattern,Blank
INT3244,FT14083,Environmental monitoring,High,Same Location,Blank
INT3245,FT10432,CCTV,High,Same Location,Blank
INT3246,FT18404,Anonymous report,Low,Vehicle,None
INT3247,FT08509,Environmental monitoring,High,Same Location,Blank
INT3248,FT01480,Resident,Low,Same Location,Blank
INT3249,FT04163,Waste contractor,Medium,Waste Pattern,Blank
INT3250,FT11394,Waste contractor,Medium,Same Location,Blank
INT3251,FT08938,Enforcement officer,High,Waste Pattern,Blank
INT3252,FT17998,Council officer,Low,Waste Pattern,Unknown offender
INT3253,FT08431,Resident,High,Similar dates,None
INT3254,FT04411,Council officer,Low,Same Location,Blank
INT3255,FT11963,Council officer,High,Same Location,Unknown offender
INT3256,FT14868,Police partner,Low,Similar dates,None
INT3257,FT15518,Enforcement officer,Medium,Vehicle,None
INT3258,FT14178,Council officer,Low,Waste Pattern,Blank
INT3259,FT12755,Police partner,Medium,Vehicle,No Registration
INT3260,FT19172,Environmental monitoring,Low,Waste Pattern,Unknown offender
INT3261,FT08437,Anonymous report,Low,Similar dates,None
INT3262,FT08787,Enforcement officer,Low,Vehicle,None
INT3263,FT08207,Resident,Low,Waste Pattern,Unknown offender
INT3264,FT19565,Resident,Low,Same Location,Unknown offender
INT3265,FT12162,Environmental monitoring,Low,Vehicle,None
INT3266,FT14762,Council officer,Low,Same Location,Unknown offender
INT3267,FT07967,Police partner,Low,Vehicle,No Registration
INT3268,FT03940,Environmental monitoring,High,Same Location,Blank
INT3269,FT15832,CCTV,Medium,Waste Pattern,Blank
INT3270,FT09979,CCTV,High,Vehicle,No Registration
INT3271,FT04711,Anonymous report,High,Similar dates,None
INT3272,FT16941,Resident,Low,Vehicle,None
INT3273,FT00927,Council officer,High,Waste Pattern,Unknown offender
INT3274,FT15637,Police partner,High,Vehicle,No Registration
INT3275,FT00748,CCTV,High,Vehicle,None
INT3276,FT14781,Environmental monitoring,Low,Vehicle,No Registration
INT3277,FT09401,Waste contractor,Medium,Same Location,Unknown offender
INT3278,FT09468,Environmental monitoring,High,Waste Pattern,Blank
INT3279,FT13181,Anonymous report,Low,Waste Pattern,Blank
INT3280,FT10756,Enforcement officer,Medium,Vehicle,No Registration
INT3281,FT05882,Council officer,Low,Vehicle,No Registration
INT3282,FT18448,Enforcement officer,High,Same Location,Unknown offender
INT3283,FT18800,Resident,High,Similar dates,None
INT3284,FT19583,Enforcement officer,High,Vehicle,None
INT3285,FT04533,Resident,Low,Vehicle,No Registration
INT3286,FT16252,Waste contractor,High,Similar dates,None
INT3287,FT18749,CCTV,Low,Same Location,Unknown offender
INT3288,FT17359,Council officer,High,Same Location,Blank
INT3289,FT06064,Anonymous report,Medium,Waste Pattern,Blank
INT3290,FT05852,Resident,Medium,Vehicle,None
INT3291,FT07744,Waste contractor,Medium,Similar dates,None
INT3292,FT14819,Anonymous report,High,Waste Pattern,Blank
INT3293,FT03338,Police partner,Medium,Similar dates,None
INT3294,FT00230,Police partner,High,Same Location,Unknown offender
INT3295,FT11055,Police partner,High,Same Location,Unknown offender
INT3296,FT11775,Resident,Medium,Waste Pattern,Unknown offender
INT3297,FT06331,CCTV,Medium,Vehicle,None
INT3298,FT11146,Council officer,Medium,Same Location,Unknown offender
INT3299,FT11352,Police partner,Medium,Same Location,Blank
INT3300,FT18368,Resident,Medium,Similar dates,None
INT3301,FT01942,Waste contractor,Medium,Waste Pattern,Blank
INT3302,FT13708,CCTV,Medium,Vehicle,No Registration
INT3303,FT03403,CCTV,Medium,Waste Pattern,Unknown offender
INT3304,FT02488,CCTV,Low,Vehicle,No Registration
INT3305,FT10372,Anonymous report,Low,Similar dates,None
INT3306,FT08904,Resident,High,Similar dates,None
INT3307,FT11613,CCTV,Low,Waste Pattern,Unknown offender
INT3308,FT02744,Enforcement officer,High,Same Location,Blank
INT3309,FT18318,CCTV,Medium,Waste Pattern,Unknown offender
INT3310,FT09398,Environmental monitoring,Low,Vehicle,No Registration
INT3311,FT19471,Environmental monitoring,Medium,Waste Pattern,Unknown offender
INT3312,FT12008,Police partner,Medium,Vehicle,None
INT3313,FT03416,CCTV,Medium,Same Location,Blank
INT3314,FT12780,Resident,Medium,Vehicle,None
INT3315,FT00130,Waste contractor,High,Vehicle,None
INT3316,FT05956,Anonymous report,Low,Vehicle,No Registration
INT3317,FT01754,Waste contractor,High,Vehicle,No Registration
INT3318,FT01236,Police partner,High,Same Location,Blank
INT3319,FT02309,CCTV,Low,Similar dates,None
INT3320,FT05056,Resident,Low,Waste Pattern,Blank
INT3321,FT15453,Council officer,Low,Waste Pattern,Blank
INT3322,FT04434,Resident,High,Vehicle,No Registration
INT3323,FT08597,Enforcement officer,Medium,Same Location,Blank
INT3324,FT06323,Council officer,Low,Same Location,Blank
INT3325,FT13777,Anonymous report,High,Vehicle,None
INT3326,FT18171,Resident,High,Vehicle,None
INT3327,FT00045,Anonymous report,Medium,Vehicle,No Registration
INT3328,FT16960,Enforcement officer,Low,Vehicle,None
INT3329,FT00281,Police partner,Medium,Similar dates,None
INT3330,FT13315,Police partner,High,Same Location,Blank
INT3331,FT15311,Environmental monitoring,Medium,Vehicle,No Registration
INT3332,FT09150,Environmental monitoring,High,Same Location,Unknown offender
INT3333,FT06551,Environmental monitoring,Medium,Waste Pattern,Unknown offender
INT3334,FT03224,Resident,Low,Vehicle,None
INT3335,FT19928,Enforcement officer,Low,Vehicle,None
INT3336,FT16079,Enforcement officer,Low,Vehicle,None
INT3337,FT07175,Enforcement officer,Medium,Vehicle,No Registration
INT3338,FT06786,Environmental monitoring,Low,Waste Pattern,Blank
INT3339,FT13976,Waste contractor,High,Waste Pattern,Unknown offender
INT3340,FT14329,Council officer,Low,Waste Pattern,Unknown offender
INT3341,FT01103,Council officer,Medium,Vehicle,No Registration
INT3342,FT12888,Council officer,Medium,Same Location,Blank
INT3343,FT06533,CCTV,High,Waste Pattern,Unknown offender
INT3344,FT16582,Waste contractor,Medium,Waste Pattern,Blank
INT3345,FT18457,Council officer,High,Similar dates,None
INT3346,FT12197,Police partner,Medium,Waste Pattern,Blank
INT3347,FT04399,Police partner,Low,Waste Pattern,Unknown offender
INT3348,FT09830,Waste contractor,High,Waste Pattern,Unknown offender
INT3349,FT05330,Anonymous report,Low,Similar dates,None
INT3350,FT18886,Council officer,High,Similar dates,None
INT3351,FT13364,Police partner,High,Same Location,Unknown offender
INT3352,FT14123,Council officer,Low,Waste Pattern,Unknown offender
INT3353,FT00362,Anonymous report,High,Similar dates,None
INT3354,FT09784,CCTV,Medium,Similar dates,None
INT3355,FT11968,Waste contractor,Medium,Similar dates,None
INT3356,FT17409,Environmental monitoring,Medium,Same Location,Unknown offender
INT3357,FT13037,Enforcement officer,High,Same Location,Blank
INT3358,FT06094,Enforcement officer,Medium,Similar dates,None
INT3359,FT09710,Council officer,Medium,Similar dates,None
INT3360,FT08510,Environmental monitoring,High,Same Location,Unknown offender
INT3361,FT04125,Police partner,Low,Vehicle,None
INT3362,FT15872,Enforcement officer,Medium,Waste Pattern,Blank
INT3363,FT01058,Resident,Medium,Similar dates,None
INT3364,FT00013,Police partner,Medium,Waste Pattern,Unknown offender
INT3365,FT10692,Council officer,Low,Same Location,Unknown offender
INT3366,FT12625,Enforcement officer,Medium,Similar dates,None
INT3367,FT16593,Police partner,Medium,Same Location,Unknown offender
INT3368,FT10701,Council officer,Medium,Same Location,Blank
INT3369,FT07357,Resident,High,Similar dates,None
INT3370,FT03859,Anonymous report,Medium,Waste Pattern,Unknown offender
INT3371,FT04386,Police partner,Low,Similar dates,None
INT3372,FT02188,CCTV,High,Same Location,Unknown offender
INT3373,FT14737,Resident,Medium,Same Location,Unknown offender
INT3374,FT19647,Enforcement officer,High,Similar dates,None
INT3375,FT17010,Anonymous report,Medium,Same Location,Blank
INT3376,FT14104,Enforcement officer,Medium,Similar dates,None
INT3377,FT02474,Enforcement officer,High,Similar dates,None
INT3378,FT07408,Environmental monitoring,High,Similar dates,None
INT3379,FT03095,Police partner,Low,Same Location,Unknown offender
INT3380,FT19871,Waste contractor,Low,Vehicle,None
INT3381,FT15999,Anonymous report,Medium,Waste Pattern,Unknown offender
INT3382,FT13454,Enforcement officer,Medium,Same Location,Unknown offender
INT3383,FT00405,Resident,High,Waste Pattern,Blank
INT3384,FT02065,Anonymous report,Medium,Waste Pattern,Unknown offender
INT3385,FT17908,Council officer,Medium,Waste Pattern,Unknown offender
INT3386,FT00084,Environmental monitoring,Medium,Similar dates,None
INT3387,FT04821,Waste contractor,Low,Similar dates,None
INT3388,FT14726,Police partner,Medium,Vehicle,None
INT3389,FT11563,Council officer,Low,Same Location,Unknown offender
INT3390,FT12826,Environmental monitoring,High,Same Location,Blank
INT3391,FT03353,CCTV,Low,Similar dates,None
INT3392,FT14134,CCTV,High,Waste Pattern,Unknown offender
INT3393,FT08013,Waste contractor,Low,Waste Pattern,Blank
INT3394,FT02410,Council officer,Medium,Vehicle,No Registration
INT3395,FT03084,Resident,High,Similar dates,None
INT3396,FT04749,Anonymous report,Low,Same Location,Unknown offender
INT3397,FT14748,Enforcement officer,Medium,Waste Pattern,Unknown offender
INT3398,FT05523,Anonymous report,Medium,Waste Pattern,Unknown offender
INT3399,FT03566,Enforcement officer,High,Same Location,Unknown offender
INT3400,FT04781,Environmental monitoring,High,Waste Pattern,Blank
INT3401,FT09321,Enforcement officer,Medium,Waste Pattern,Unknown offender
INT3402,FT09466,Enforcement officer,Medium,Same Location,Unknown offender
INT3403,FT00989,Council officer,Low,Similar dates,None
INT3404,FT02224,Council officer,Medium,Similar dates,None
INT3405,FT05229,CCTV,High,Vehicle,None
INT3406,FT17123,Anonymous report,Medium,Waste Pattern,Blank
INT3407,FT18888,Waste contractor,High,Waste Pattern,Unknown offender
INT3408,FT19579,Anonymous report,High,Waste Pattern,Blank
INT3409,FT03601,Police partner,Medium,Waste Pattern,Blank
INT3410,FT02103,Resident,Low,Similar dates,None
INT3411,FT00046,Waste contractor,Low,Waste Pattern,Unknown offender
INT3412,FT17376,Environmental monitoring,Low,Similar dates,None
INT3413,FT04974,CCTV,Low,Waste Pattern,Blank
INT3414,FT16008,Council officer,Medium,Waste Pattern,Unknown offender
INT3415,FT18380,Police partner,Low,Vehicle,None
INT3416,FT03316,Anonymous report,Low,Vehicle,None
INT3417,FT07769,Resident,High,Similar dates,None
INT3418,FT07420,Police partner,High,Waste Pattern,Unknown offender
INT3419,FT03234,Anonymous report,Low,Waste Pattern,Blank
INT3420,FT18302,Environmental monitoring,Medium,Same Location,Unknown offender
INT3421,FT13839,CCTV,Low,Same Location,Unknown offender
INT3422,FT02432,Waste contractor,Medium,Waste Pattern,Unknown offender
INT3423,FT17542,Council officer,Medium,Similar dates,None
INT3424,FT19996,Resident,Low,Waste Pattern,Blank
INT3425,FT19722,Waste contractor,Medium,Waste Pattern,Blank
INT3426,FT02555,Environmental monitoring,High,Vehicle,None
INT3427,FT12527,Council officer,Medium,Vehicle,None
INT3428,FT01070,Waste contractor,Low,Waste Pattern,Blank
INT3429,FT06192,Environmental monitoring,Medium,Vehicle,None
INT3430,FT08262,Anonymous report,High,Same Location,Unknown offender
INT3431,FT06658,Resident,High,Vehicle,No Registration
INT3432,FT02077,Environmental monitoring,Low,Waste Pattern,Unknown offender
INT3433,FT11647,Anonymous report,Medium,Similar dates,None
INT3434,FT11605,Resident,Medium,Same Location,Blank
INT3435,FT19685,Waste contractor,Low,Same Location,Blank
INT3436,FT15092,Anonymous report,Medium,Similar dates,None
INT3437,FT14423,Enforcement officer,Medium,Similar dates,None
INT3438,FT12064,Police partner,Medium,Vehicle,No Registration
INT3439,FT00435,Waste contractor,High,Vehicle,None
INT3440,FT10354,Anonymous report,Low,Waste Pattern,Blank
INT3441,FT02533,Anonymous report,Low,Vehicle,None
INT3442,FT07337,Waste contractor,Medium,Vehicle,No Registration
INT3443,FT10605,Anonymous report,High,Same Location,Blank
INT3444,FT11110,Police partner,High,Waste Pattern,Unknown offender
INT3445,FT05499,Council officer,Medium,Waste Pattern,Unknown offender
INT3446,FT05172,Police partner,Medium,Waste Pattern,Blank
INT3447,FT00371,Council officer,High,Vehicle,None
INT3448,FT00346,Enforcement officer,Medium,Vehicle,No Registration
INT3449,FT09233,Police partner,Low,Waste Pattern,Blank
INT3450,FT01373,Council officer,High,Waste Pattern,Unknown offender
INT3451,FT08373,Police partner,Low,Vehicle,None
INT3452,FT15632,Environmental monitoring,High,Similar dates,None
INT3453,FT10644,Environmental monitoring,High,Same Location,Unknown offender
INT3454,FT01946,Waste contractor,Low,Similar dates,None
INT3455,FT09121,Enforcement officer,Medium,Similar dates,None
INT3456,FT04353,Resident,High,Same Location,Blank
INT3457,FT19771,Environmental monitoring,Low,Same Location,Unknown offender
INT3458,FT08757,Anonymous report,Low,Vehicle,No Registration
INT3459,FT19822,Anonymous report,Low,Vehicle,None
INT3460,FT10653,Police partner,Medium,Same Location,Blank
INT3461,FT13315,Council officer,Low,Same Location,Blank
INT3462,FT14974,Police partner,Low,Waste Pattern,Blank
INT3463,FT16099,Waste contractor,Low,Vehicle,None
INT3464,FT05571,Council officer,Low,Same Location,Unknown offender
INT3465,FT15583,Police partner,Medium,Waste Pattern,Blank
INT3466,FT12445,Anonymous report,Low,Vehicle,None
INT3467,FT10390,Anonymous report,Medium,Same Location,Unknown offender
INT3468,FT13610,Enforcement officer,High,Waste Pattern,Blank
INT3469,FT04337,Enforcement officer,Low,Same Location,Unknown offender
INT3470,FT14331,Resident,High,Vehicle,None
INT3471,FT01025,CCTV,Medium,Vehicle,None
INT3472,FT03295,Anonymous report,High,Vehicle,None
INT3473,FT11518,Council officer,Low,Similar dates,None
INT3474,FT15519,Enforcement officer,Medium,Similar dates,None
INT3475,FT07749,Environmental monitoring,Medium,Waste Pattern,Unknown offender
INT3476,FT13589,Council officer,High,Vehicle,No Registration
INT3477,FT13279,Anonymous report,Low,Similar dates,None
INT3478,FT13793,Waste contractor,High,Waste Pattern,Unknown offender
INT3479,FT19277,Anonymous report,Low,Waste Pattern,Blank
INT3480,FT17916,Waste contractor,Medium,Same Location,Unknown offender
INT3481,FT01575,Council officer,Medium,Waste Pattern,Blank
INT3482,FT05825,Council officer,Medium,Vehicle,No Registration
INT3483,FT06758,CCTV,Low,Same Location,Blank
INT3484,FT14605,Council officer,High,Similar dates,None
INT3485,FT18190,Anonymous report,Low,Similar dates,None
INT3486,FT16351,Waste contractor,Medium,Waste Pattern,Blank
INT3487,FT14351,Resident,High,Similar dates,None
INT3488,FT08359,Environmental monitoring,Medium,Waste Pattern,Unknown offender
INT3489,FT17099,Anonymous report,High,Waste Pattern,Unknown offender
INT3490,FT00925,Enforcement officer,Low,Waste Pattern,Unknown offender
INT3491,FT02799,Police partner,Low,Similar dates,None
INT3492,FT04048,CCTV,Medium,Vehicle,None
INT3493,FT04147,CCTV,Medium,Waste Pattern,Blank
INT3494,FT01580,CCTV,Medium,Vehicle,None
INT3495,FT00290,Anonymous report,High,Waste Pattern,Unknown offender
INT3496,FT17966,Council officer,High,Waste Pattern,Blank
INT3497,FT03425,Resident,High,Vehicle,No Registration
INT3498,FT11282,Waste contractor,High,Waste Pattern,Blank
INT3499,FT18494,Enforcement officer,High,Waste Pattern,Unknown offender
INT3500,FT11022,Waste contractor,High,Waste Pattern,Blank
INT3501,FT17687,Enforcement officer,Medium,Similar dates,None
INT3502,FT10053,Anonymous report,High,Similar dates,None
INT3503,FT05147,Enforcement officer,Low,Waste Pattern,Unknown offender
INT3504,FT09129,Anonymous report,High,Similar dates,None
INT3505,FT09566,Police partner,Low,Similar dates,None
INT3506,FT01145,CCTV,Medium,Vehicle,No Registration
INT3507,FT14764,CCTV,Medium,Same Location,Unknown offender
INT3508,FT16098,Environmental monitoring,Low,Waste Pattern,Unknown offender
INT3509,FT04201,CCTV,Low,Similar dates,None
INT3510,FT17172,CCTV,Low,Vehicle,None
INT3511,FT02153,Police partner,Low,Waste Pattern,Blank
INT3512,FT10648,Waste contractor,Medium,Similar dates,None
INT3513,FT04321,Environmental monitoring,Medium,Same Location,Unknown offender
INT3514,FT14393,Police partner,Low,Waste Pattern,Blank
INT3515,FT03580,Enforcement officer,High,Same Location,Blank
INT3516,FT19541,Police partner,Low,Same Location,Unknown offender
INT3517,FT08964,Resident,Low,Same Location,Blank
INT3518,FT07460,Council officer,High,Same Location,Unknown offender
INT3519,FT12437,Council officer,High,Same Location,Blank
INT3520,FT17618,Enforcement officer,Low,Similar dates,None
INT3521,FT02867,Council officer,Medium,Waste Pattern,Blank
INT3522,FT17955,Enforcement officer,Low,Waste Pattern,Blank
INT3523,FT08912,Resident,Medium,Similar dates,None
INT3524,FT18914,Police partner,Low,Similar dates,None
INT3525,FT16611,Police partner,High,Vehicle,No Registration
INT3526,FT02974,Police partner,High,Vehicle,None
INT3527,FT00999,Environmental monitoring,Low,Same Location,Unknown offender
INT3528,FT12972,Anonymous report,Medium,Vehicle,None
INT3529,FT05362,Environmental monitoring,High,Waste Pattern,Unknown offender
INT3530,FT12205,Waste contractor,Medium,Waste Pattern,Blank
INT3531,FT13324,Police partner,Low,Vehicle,None
INT3532,FT09933,Enforcement officer,Low,Waste Pattern,Unknown offender
INT3533,FT06102,Resident,Low,Vehicle,No Registration
INT3534,FT11602,CCTV,Medium,Same Location,Unknown offender
INT3535,FT12452,Police partner,Medium,Similar dates,None
INT3536,FT04481,Council officer,Low,Same Location,Blank
INT3537,FT07113,CCTV,Low,Similar dates,None
INT3538,FT12803,Anonymous report,Medium,Same Location,Blank
INT3539,FT02177,Resident,High,Vehicle,No Registration
INT3540,FT18352,CCTV,Low,Vehicle,No Registration
INT3541,FT08570,CCTV,High,Similar dates,None
INT3542,FT10223,Environmental monitoring,Medium,Vehicle,None
INT3543,FT12965,Anonymous report,Low,Same Location,Blank
INT3544,FT17070,Resident,High,Vehicle,No Registration
INT3545,FT04669,Police partner,Medium,Similar dates,None
INT3546,FT12564,Waste contractor,Medium,Same Location,Unknown offender
INT3547,FT18932,Waste contractor,Medium,Similar dates,None
INT3548,FT11095,Environmental monitoring,High,Waste Pattern,Blank
INT3549,FT19490,Anonymous report,Medium,Waste Pattern,Unknown offender
INT3550,FT06054,Environmental monitoring,Low,Similar dates,None
INT3551,FT19667,Anonymous report,High,Same Location,Unknown offender
INT3552,FT08067,Environmental monitoring,Low,Same Location,Unknown offender
INT3553,FT17848,Police partner,High,Vehicle,No Registration
INT3554,FT01206,CCTV,Medium,Waste Pattern,Unknown offender
INT3555,FT02397,Anonymous report,Medium,Same Location,Blank
INT3556,FT16353,Enforcement officer,Low,Same Location,Blank
INT3557,FT16005,Environmental monitoring,High,Similar dates,None
INT3558,FT00597,Enforcement officer,Medium,Vehicle,No Registration
INT3559,FT08323,Environmental monitoring,Low,Vehicle,No Registration
INT3560,FT09719,Waste contractor,Low,Vehicle,No Registration
INT3561,FT13686,Waste contractor,Medium,Vehicle,None
INT3562,FT12120,Police partner,Low,Waste Pattern,Blank
INT3563,FT17172,Anonymous report,High,Waste Pattern,Blank
INT3564,FT01719,Police partner,High,Same Location,Blank
INT3565,FT19989,CCTV,Low,Waste Pattern,Blank
INT3566,FT05263,Council officer,Low,Similar dates,None
INT3567,FT03796,Council officer,Low,Similar dates,None
INT3568,FT07231,Environmental monitoring,Medium,Waste Pattern,Unknown offender
INT3569,FT13998,Anonymous report,Low,Same Location,Blank
INT3570,FT01590,Anonymous report,Low,Vehicle,None
INT3571,FT10205,Resident,Low,Waste Pattern,Blank
INT3572,FT15537,Police partner,Medium,Waste Pattern,Blank
INT3573,FT13892,Enforcement officer,Medium,Similar dates,None
INT3574,FT02402,Council officer,High,Vehicle,No Registration
INT3575,FT17645,Anonymous report,Low,Vehicle,No Registration
INT3576,FT11583,Police partner,Medium,Waste Pattern,Blank
INT3577,FT04092,Council officer,Low,Similar dates,None
INT3578,FT16174,Police partner,High,Same Location,Unknown offender
INT3579,FT08884,CCTV,Low,Same Location,Blank
INT3580,FT07823,Police partner,Low,Same Location,Blank
INT3581,FT01483,Police partner,High,Same Location,Blank
INT3582,FT03733,Anonymous report,Medium,Waste Pattern,Unknown offender
INT3583,FT10906,Anonymous report,Low,Vehicle,No Registration
INT3584,FT19310,Waste contractor,High,Waste Pattern,Unknown offender
INT3585,FT09442,Anonymous report,High,Vehicle,None
INT3586,FT12966,Waste contractor,High,Vehicle,None
INT3587,FT04708,CCTV,Medium,Waste Pattern,Unknown offender
INT3588,FT08887,Environmental monitoring,High,Similar dates,None
INT3589,FT05274,Waste contractor,Medium,Same Location,Unknown offender
INT3590,FT07955,Resident,Medium,Same Location,Unknown offender
INT3591,FT09779,Police partner,Low,Same Location,Blank
INT3592,FT02959,Council officer,Low,Same Location,Unknown offender
INT3593,FT06015,Enforcement officer,Medium,Similar dates,None
INT3594,FT07449,Resident,Medium,Similar dates,None
INT3595,FT10610,Enforcement officer,Medium,Vehicle,No Registration
INT3596,FT06892,Police partner,Low,Vehicle,None
INT3597,FT15940,CCTV,High,Vehicle,No Registration
INT3598,FT18185,Environmental monitoring,High,Similar dates,None
INT3599,FT09627,Enforcement officer,Low,Vehicle,No Registration
INT3600,FT00701,Council officer,High,Same Location,Unknown offender
INT3601,FT04106,Anonymous report,Medium,Vehicle,No Registration
INT3602,FT02303,Environmental monitoring,Low,Same Location,Unknown offender
INT3603,FT16347,Waste contractor,Low,Vehicle,No Registration
INT3604,FT15981,Police partner,High,Same Location,Blank
INT3605,FT16850,Council officer,Medium,Same Location,Unknown offender
INT3606,FT14155,Police partner,Medium,Same Location,Blank
INT3607,FT09327,Police partner,High,Vehicle,No Registration
INT3608,FT01780,Enforcement officer,Medium,Similar dates,None
INT3609,FT00126,Waste contractor,High,Vehicle,No Registration
INT3610,FT16006,Waste contractor,Low,Waste Pattern,Unknown offender
INT3611,FT02633,Anonymous report,Medium,Same Location,Blank
INT3612,FT02612,Anonymous report,Medium,Similar dates,None
INT3613,FT05055,Environmental monitoring,Low,Vehicle,None
INT3614,FT16336,Environmental monitoring,Medium,Same Location,Unknown offender
INT3615,FT07466,Anonymous report,Medium,Waste Pattern,Unknown offender
INT3616,FT07042,Environmental monitoring,High,Vehicle,None
INT3617,FT00317,Environmental monitoring,Low,Similar dates,None
INT3618,FT07366,CCTV,High,Similar dates,None
INT3619,FT05716,Environmental monitoring,Medium,Similar dates,None
INT3620,FT05168,Resident,Low,Same Location,Blank
INT3621,FT04484,Council officer,Medium,Vehicle,No Registration
INT3622,FT18635,Council officer,High,Same Location,Blank
INT3623,FT00893,Police partner,High,Same Location,Unknown offender
INT3624,FT13568,Environmental monitoring,Medium,Same Location,Unknown offender
INT3625,FT00971,Anonymous report,Low,Waste Pattern,Unknown offender
INT3626,FT10209,Council officer,High,Waste Pattern,Blank
INT3627,FT05829,CCTV,Medium,Vehicle,No Registration
INT3628,FT01527,Environmental monitoring,High,Similar dates,None
INT3629,FT15684,Council officer,Low,Waste Pattern,Unknown offender
INT3630,FT05831,Resident,Medium,Waste Pattern,Unknown offender
INT3631,FT15986,Resident,High,Same Location,Blank
INT3632,FT09074,CCTV,High,Similar dates,None
INT3633,FT15390,Environmental monitoring,High,Similar dates,None
INT3634,FT08230,Enforcement officer,Medium,Similar dates,None
INT3635,FT02691,Waste contractor,Low,Vehicle,No Registration
INT3636,FT08901,Anonymous report,Medium,Vehicle,No Registration
INT3637,FT11872,Police partner,Low,Similar dates,None
INT3638,FT05427,Anonymous report,Medium,Waste Pattern,Unknown offender
INT3639,FT05386,Police partner,Low,Same Location,Blank
INT3640,FT09021,Enforcement officer,High,Vehicle,No Registration
INT3641,FT14281,Enforcement officer,Low,Waste Pattern,Unknown offender
INT3642,FT14097,Environmental monitoring,Medium,Vehicle,No Registration
INT3643,FT13697,Resident,High,Vehicle,None
INT3644,FT09390,CCTV,Low,Waste Pattern,Unknown offender
INT3645,FT03970,Environmental monitoring,Medium,Vehicle,No Registration
INT3646,FT11132,Police partner,Low,Waste Pattern,Blank
INT3647,FT18484,Resident,Medium,Same Location,Blank
INT3648,FT09062,Anonymous report,Medium,Same Location,Unknown offender
INT3649,FT18786,Council officer,Medium,Vehicle,None
INT3650,FT17742,Anonymous report,Low,Vehicle,No Registration
INT3651,FT16529,Resident,High,Vehicle,None
INT3652,FT05396,Enforcement officer,Medium,Same Location,Blank
INT3653,FT17759,Environmental monitoring,Medium,Vehicle,No Registration
INT3654,FT03017,CCTV,Low,Similar dates,None
INT3655,FT11581,Enforcement officer,High,Waste Pattern,Unknown offender
INT3656,FT17789,Enforcement officer,Medium,Similar dates,None
INT3657,FT17806,CCTV,Medium,Same Location,Unknown offender
INT3658,FT05630,Council officer,Medium,Vehicle,None
INT3659,FT01196,Environmental monitoring,Medium,Vehicle,None
INT3660,FT07177,Police partner,Low,Similar dates,None
INT3661,FT03701,Environmental monitoring,Low,Similar dates,None
INT3662,FT05719,Council officer,High,Waste Pattern,Blank
INT3663,FT05740,Police partner,Medium,Same Location,Unknown offender
INT3664,FT06625,Anonymous report,Medium,Vehicle,No Registration
INT3665,FT11191,Anonymous report,Medium,Waste Pattern,Unknown offender
INT3666,FT15669,Council officer,Medium,Same Location,Blank
INT3667,FT01704,Police partner,High,Waste Pattern,Unknown offender
INT3668,FT04197,Waste contractor,Medium,Waste Pattern,Unknown offender
INT3669,FT00488,Resident,Medium,Similar dates,None
INT3670,FT02525,Anonymous report,High,Same Location,Unknown offender
INT3671,FT13195,Waste contractor,Low,Waste Pattern,Blank
INT3672,FT10844,Resident,Medium,Similar dates,None
INT3673,FT08337,Resident,Low,Same Location,Unknown offender
INT3674,FT18029,Environmental monitoring,High,Vehicle,None
INT3675,FT14561,Anonymous report,Low,Waste Pattern,Unknown offender
INT3676,FT12390,Environmental monitoring,Low,Vehicle,No Registration
INT3677,FT04009,Resident,High,Similar dates,None
INT3678,FT16623,CCTV,Low,Waste Pattern,Unknown offender
INT3679,FT02312,Council officer,High,Vehicle,No Registration
INT3680,FT02499,Environmental monitoring,High,Waste Pattern,Blank
INT3681,FT03132,Environmental monitoring,Medium,Vehicle,No Registration
INT3682,FT04703,CCTV,Medium,Vehicle,None
INT3683,FT05697,CCTV,Medium,Same Location,Unknown offender
INT3684,FT03419,Resident,High,Same Location,Unknown offender
INT3685,FT04750,Waste contractor,Medium,Waste Pattern,Unknown offender
INT3686,FT18506,Enforcement officer,Medium,Same Location,Blank
INT3687,FT14735,Police partner,Low,Waste Pattern,Blank
INT3688,FT17087,CCTV,Low,Vehicle,None
INT3689,FT12872,Waste contractor,High,Vehicle,None
INT3690,FT13912,Council officer,Low,Vehicle,None
INT3691,FT10973,Resident,Low,Waste Pattern,Blank
INT3692,FT15719,Environmental monitoring,Medium,Waste Pattern,Blank
INT3693,FT14106,Resident,High,Waste Pattern,Blank
INT3694,FT17822,Waste contractor,Medium,Same Location,Unknown offender
INT3695,FT17646,Enforcement officer,High,Same Location,Blank
INT3696,FT11303,Environmental monitoring,Medium,Same Location,Blank
INT3697,FT15584,Waste contractor,Medium,Similar dates,None
INT3698,FT17852,Police partner,Low,Waste Pattern,Blank
INT3699,FT05427,Enforcement officer,High,Same Location,Blank
INT3700,FT12817,Police partner,Low,Vehicle,No Registration
INT3701,FT05187,Waste contractor,High,Same Location,Unknown offender
INT3702,FT18523,CCTV,High,Same Location,Blank
INT3703,FT02242,Enforcement officer,Low,Vehicle,No Registration
INT3704,FT01144,CCTV,High,Similar dates,None
INT3705,FT10928,Council officer,Medium,Vehicle,No Registration
INT3706,FT09574,Resident,High,Waste Pattern,Blank
INT3707,FT00276,Enforcement officer,Low,Similar dates,None
INT3708,FT02973,Council officer,High,Similar dates,None
INT3709,FT17328,Anonymous report,Medium,Same Location,Unknown offender
INT3710,FT15055,Environmental monitoring,Low,Same Location,Unknown offender
INT3711,FT13468,Environmental monitoring,High,Similar dates,None
INT3712,FT11532,Anonymous report,Medium,Vehicle,No Registration
INT3713,FT15766,Police partner,Low,Vehicle,No Registration
INT3714,FT11343,CCTV,High,Vehicle,No Registration
INT3715,FT13307,Council officer,Medium,Similar dates,None
INT3716,FT19478,Enforcement officer,Low,Vehicle,None
INT3717,FT07378,Resident,Low,Similar dates,None
INT3718,FT03331,Anonymous report,Low,Vehicle,No Registration
INT3719,FT02303,Enforcement officer,Low,Same Location,Unknown offender
INT3720,FT03751,Waste contractor,Medium,Vehicle,None
INT3721,FT01463,CCTV,High,Waste Pattern,Unknown offender
INT3722,FT15600,Resident,Medium,Same Location,Blank
INT3723,FT19090,Council officer,Medium,Waste Pattern,Unknown offender
INT3724,FT11278,CCTV,Medium,Same Location,Unknown offender
INT3725,FT15500,Waste contractor,High,Same Location,Unknown offender
INT3726,FT12308,Environmental monitoring,High,Similar dates,None
INT3727,FT07474,Environmental monitoring,Low,Similar dates,None
INT3728,FT00195,Waste contractor,Low,Vehicle,No Registration
INT3729,FT18506,Council officer,High,Vehicle,No Registration
INT3730,FT08817,Council officer,High,Vehicle,No Registration
INT3731,FT06449,CCTV,Low,Similar dates,None
INT3732,FT02953,Enforcement officer,Medium,Same Location,Blank
INT3733,FT11124,Enforcement officer,High,Similar dates,None
INT3734,FT08532,Environmental monitoring,Medium,Similar dates,None
INT3735,FT11977,Waste contractor,Low,Same Location,Blank
INT3736,FT01361,Anonymous report,High,Waste Pattern,Blank
INT3737,FT08078,Resident,High,Same Location,Unknown offender
INT3738,FT01048,Council officer,High,Similar dates,None
INT3739,FT17209,Resident,High,Similar dates,None
INT3740,FT06765,Anonymous report,High,Vehicle,None
INT3741,FT08943,Waste contractor,High,Similar dates,None
INT3742,FT04713,Enforcement officer,Low,Vehicle,None
INT3743,FT12041,CCTV,Low,Similar dates,None
INT3744,FT04731,Anonymous report,High,Vehicle,None
INT3745,FT01216,Waste contractor,Low,Vehicle,None
INT3746,FT17063,Police partner,High,Similar dates,None
INT3747,FT09123,Waste contractor,High,Similar dates,None
INT3748,FT11950,Resident,Medium,Waste Pattern,Blank
INT3749,FT17405,Council officer,High,Same Location,Unknown offender
INT3750,FT02401,CCTV,Low,Similar dates,None
INT3751,FT03107,Waste contractor,High,Vehicle,None
INT3752,FT13647,Police partner,High,Same Location,Unknown offender
INT3753,FT05664,Resident,High,Vehicle,None
INT3754,FT02581,Police partner,Medium,Same Location,Unknown offender
INT3755,FT00745,Enforcement officer,Low,Similar dates,None
INT3756,FT12750,CCTV,High,Vehicle,None
INT3757,FT05445,Enforcement officer,High,Vehicle,No Registration
INT3758,FT13024,Police partner,High,Similar dates,None
INT3759,FT06003,Police partner,High,Vehicle,None
INT3760,FT00090,Resident,Low,Same Location,Unknown offender
INT3761,FT15746,Council officer,Medium,Waste Pattern,Blank
INT3762,FT02683,Enforcement officer,High,Vehicle,None
INT3763,FT04584,Waste contractor,High,Waste Pattern,Unknown offender
INT3764,FT14731,Environmental monitoring,Medium,Vehicle,No Registration
INT3765,FT12053,Council officer,Medium,Similar dates,None
INT3766,FT16488,Waste contractor,Medium,Waste Pattern,Unknown offender
INT3767,FT14259,Environmental monitoring,High,Similar dates,None
INT3768,FT08685,Enforcement officer,Medium,Same Location,Unknown offender
INT3769,FT12324,Environmental monitoring,High,Waste Pattern,Unknown offender
INT3770,FT05782,Environmental monitoring,Medium,Same Location,Blank
INT3771,FT07384,Environmental monitoring,Low,Vehicle,No Registration
INT3772,FT19208,Environmental monitoring,Medium,Waste Pattern,Blank
INT3773,FT07141,Resident,High,Similar dates,None
INT3774,FT05769,Resident,High,Same Location,Unknown offender
INT3775,FT14690,CCTV,High,Same Location,Unknown offender
INT3776,FT14820,Enforcement officer,Medium,Vehicle,No Registration
INT3777,FT10150,Enforcement officer,Low,Same Location,Unknown offender
INT3778,FT12685,Enforcement officer,High,Vehicle,None
INT3779,FT06500,Council officer,Medium,Vehicle,No Registration
INT3780,FT02700,Anonymous report,High,Vehicle,None
INT3781,FT03349,Environmental monitoring,Low,Similar dates,None
INT3782,FT14711,Resident,Low,Vehicle,None
INT3783,FT13769,Resident,High,Same Location,Unknown offender
INT3784,FT19147,Anonymous report,Low,Waste Pattern,Unknown offender
INT3785,FT16157,CCTV,High,Waste Pattern,Blank
INT3786,FT00400,Anonymous report,Low,Vehicle,None
INT3787,FT07014,Police partner,High,Same Location,Unknown offender
INT3788,FT10118,Council officer,Low,Waste Pattern,Blank
INT3789,FT07794,Council officer,Low,Waste Pattern,Unknown offender
INT3790,FT04588,Environmental monitoring,Medium,Similar dates,None
INT3791,FT14921,Anonymous report,High,Similar dates,None
INT3792,FT18280,Police partner,Medium,Similar dates,None
INT3793,FT17928,Resident,Medium,Vehicle,None
INT3794,FT19579,Enforcement officer,Medium,Similar dates,None
INT3795,FT16708,Police partner,High,Same Location,Blank
INT3796,FT15683,Resident,Low,Same Location,Unknown offender
INT3797,FT05088,Enforcement officer,Medium,Similar dates,None
INT3798,FT09289,Environmental monitoring,Medium,Vehicle,None
INT3799,FT19020,Environmental monitoring,Low,Waste Pattern,Unknown offender
INT3800,FT17513,Resident,Low,Similar dates,None
INT3801,FT02485,Anonymous report,Low,Same Location,Unknown offender
INT3802,FT11273,Enforcement officer,High,Vehicle,None
INT3803,FT19266,CCTV,Medium,Vehicle,None
INT3804,FT18261,Police partner,Low,Same Location,Unknown offender
INT3805,FT14614,Waste contractor,Medium,Vehicle,None
INT3806,FT10547,Police partner,Low,Vehicle,No Registration
INT3807,FT09148,CCTV,Medium,Similar dates,None
INT3808,FT19802,Council officer,High,Similar dates,None
INT3809,FT06062,Police partner,Low,Similar dates,None
INT3810,FT13114,CCTV,High,Same Location,Unknown offender
INT3811,FT00651,Environmental monitoring,Low,Vehicle,No Registration
INT3812,FT10476,Enforcement officer,High,Vehicle,No Registration
INT3813,FT19219,Anonymous report,Medium,Same Location,Unknown offender
INT3814,FT16899,Environmental monitoring,High,Vehicle,No Registration
INT3815,FT08667,Police partner,Medium,Vehicle,No Registration
INT3816,FT07694,Police partner,Low,Same Location,Unknown offender
INT3817,FT07553,Police partner,Medium,Similar dates,None
INT3818,FT18177,Waste contractor,High,Same Location,Unknown offender
INT3819,FT06211,Resident,Medium,Waste Pattern,Unknown offender
INT3820,FT17495,Enforcement officer,Medium,Similar dates,None
INT3821,FT08649,Resident,Medium,Waste Pattern,Unknown offender
INT3822,FT13869,Resident,Low,Waste Pattern,Blank
INT3823,FT04729,Enforcement officer,Low,Vehicle,No Registration
INT3824,FT13654,Council officer,High,Same Location,Unknown offender
INT3825,FT11945,Resident,Medium,Same Location,Blank
INT3826,FT09486,Council officer,High,Waste Pattern,Blank
INT3827,FT12212,Anonymous report,Low,Waste Pattern,Blank
INT3828,FT19022,Waste contractor,Medium,Similar dates,None
INT3829,FT02965,Waste contractor,Medium,Similar dates,None
INT3830,FT01817,Council officer,Medium,Same Location,Blank
INT3831,FT05538,Waste contractor,High,Similar dates,None
INT3832,FT11551,Waste contractor,Medium,Waste Pattern,Blank
INT3833,FT03447,Waste contractor,Low,Same Location,Blank
INT3834,FT06205,Enforcement officer,Low,Waste Pattern,Blank
INT3835,FT10462,Police partner,Low,Same Location,Blank
INT3836,FT06672,Resident,Low,Vehicle,No Registration
INT3837,FT10390,Council officer,Low,Vehicle,No Registration
INT3838,FT15535,Council officer,Medium,Vehicle,None
INT3839,FT07807,CCTV,Low,Same Location,Unknown offender
INT3840,FT04796,Police partner,Low,Same Location,Blank
INT3841,FT13763,Council officer,Low,Waste Pattern,Blank
INT3842,FT05606,Council officer,Low,Vehicle,None
INT3843,FT11549,Police partner,Low,Same Location,Blank
INT3844,FT03604,Environmental monitoring,Medium,Waste Pattern,Unknown offender
INT3845,FT04473,Police partner,Medium,Waste Pattern,Unknown offender
INT3846,FT10145,Resident,Low,Vehicle,No Registration
INT3847,FT13391,Waste contractor,High,Same Location,Blank
INT3848,FT06833,CCTV,Low,Similar dates,None
INT3849,FT11754,Waste contractor,Low,Similar dates,None
INT3850,FT18952,Environmental monitoring,High,Same Location,Unknown offender
INT3851,FT18969,Police partner,Medium,Vehicle,None
INT3852,FT01426,Enforcement officer,Medium,Similar dates,None
INT3853,FT10481,Anonymous report,Medium,Waste Pattern,Blank
INT3854,FT13224,Enforcement officer,High,Vehicle,No Registration
INT3855,FT08829,Waste contractor,Medium,Vehicle,None
INT3856,FT15689,Environmental monitoring,Low,Same Location,Unknown offender
INT3857,FT16994,Council officer,Medium,Waste Pattern,Blank
INT3858,FT14341,Environmental monitoring,High,Waste Pattern,Blank
INT3859,FT17663,CCTV,Low,Vehicle,None
INT3860,FT09056,Enforcement officer,Low,Similar dates,None
INT3861,FT08523,Council officer,High,Vehicle,No Registration
INT3862,FT04215,Anonymous report,Medium,Waste Pattern,Unknown offender
INT3863,FT00704,Enforcement officer,Low,Same Location,Blank
INT3864,FT14708,Waste contractor,Low,Vehicle,None
INT3865,FT11189,CCTV,High,Vehicle,No Registration
INT3866,FT10001,Environmental monitoring,Medium,Waste Pattern,Blank
INT3867,FT07428,Resident,High,Waste Pattern,Unknown offender
INT3868,FT19027,Police partner,Medium,Similar dates,None
INT3869,FT19289,Resident,Low,Same Location,Blank
INT3870,FT05400,CCTV,Medium,Vehicle,None
INT3871,FT19326,Council officer,Low,Vehicle,No Registration
INT3872,FT04358,Enforcement officer,Medium,Vehicle,No Registration
INT3873,FT00003,Police partner,Low,Waste Pattern,Unknown offender
INT3874,FT13526,Resident,High,Same Location,Blank
INT3875,FT05929,Enforcement officer,Low,Waste Pattern,Blank
INT3876,FT18861,Waste contractor,Low,Same Location,Unknown offender
INT3877,FT02422,Resident,Low,Vehicle,None
INT3878,FT07345,Enforcement officer,High,Same Location,Blank
INT3879,FT02670,Police partner,High,Same Location,Blank
INT3880,FT07839,Enforcement officer,High,Waste Pattern,Unknown offender
INT3881,FT08277,Police partner,Medium,Waste Pattern,Unknown offender
INT3882,FT14288,Waste contractor,High,Vehicle,No Registration
INT3883,FT04575,Enforcement officer,High,Vehicle,No Registration
INT3884,FT15863,CCTV,High,Similar dates,None
INT3885,FT07861,CCTV,Low,Vehicle,None
INT3886,FT19430,Council officer,Low,Same Location,Blank
INT3887,FT05883,Council officer,Low,Same Location,Blank
INT3888,FT05345,CCTV,Low,Vehicle,None
INT3889,FT13114,Resident,Low,Vehicle,None
INT3890,FT12316,Council officer,High,Same Location,Blank
INT3891,FT18271,Council officer,High,Same Location,Blank
INT3892,FT13043,Police partner,Low,Waste Pattern,Blank
INT3893,FT13215,Council officer,Medium,Same Location,Unknown offender
INT3894,FT10154,Waste contractor,Low,Same Location,Blank
INT3895,FT16435,Anonymous report,Medium,Vehicle,No Registration
INT3896,FT04997,CCTV,Medium,Same Location,Blank
INT3897,FT01439,Environmental monitoring,Low,Same Location,Blank
INT3898,FT13166,CCTV,High,Similar dates,None
INT3899,FT15084,Environmental monitoring,High,Waste Pattern,Blank
INT3900,FT02136,Council officer,Medium,Same Location,Blank
INT3901,FT05328,Enforcement officer,High,Vehicle,None
INT3902,FT09738,Police partner,Low,Same Location,Blank
INT3903,FT06365,Council officer,Low,Waste Pattern,Unknown offender
INT3904,FT02056,Waste contractor,Low,Same Location,Unknown offender
INT3905,FT05087,CCTV,Medium,Vehicle,None
INT3906,FT12411,Resident,High,Similar dates,None
INT3907,FT17635,Council officer,Medium,Waste Pattern,Blank
INT3908,FT08766,CCTV,High,Same Location,Blank
INT3909,FT07943,CCTV,Low,Waste Pattern,Blank
INT3910,FT04025,Anonymous report,Medium,Vehicle,None
INT3911,FT10602,Police partner,High,Similar dates,None
INT3912,FT14836,Environmental monitoring,High,Same Location,Unknown offender
INT3913,FT09644,CCTV,Medium,Vehicle,None
INT3914,FT08778,Resident,Medium,Similar dates,None
INT3915,FT18573,Council officer,Low,Same Location,Blank
INT3916,FT04397,Environmental monitoring,Low,Vehicle,None
INT3917,FT08541,CCTV,High,Same Location,Unknown offender
INT3918,FT08543,CCTV,Medium,Similar dates,None
INT3919,FT06871,Resident,Medium,Similar dates,None
INT3920,FT07405,Environmental monitoring,Low,Vehicle,None
INT3921,FT00944,Environmental monitoring,High,Same Location,Blank
INT3922,FT02882,Environmental monitoring,Medium,Similar dates,None
INT3923,FT09566,Council officer,High,Similar dates,None
INT3924,FT17741,CCTV,High,Waste Pattern,Unknown offender
INT3925,FT13373,CCTV,Medium,Vehicle,None
INT3926,FT12234,Council officer,Low,Vehicle,No Registration
INT3927,FT15855,Waste contractor,High,Vehicle,No Registration
INT3928,FT11751,Enforcement officer,Low,Waste Pattern,Unknown offender
INT3929,FT18571,Enforcement officer,Medium,Vehicle,No Registration
INT3930,FT13400,Anonymous report,Medium,Waste Pattern,Blank
INT3931,FT03340,Anonymous report,Low,Waste Pattern,Unknown offender
INT3932,FT04622,CCTV,Medium,Same Location,Unknown offender
INT3933,FT02867,CCTV,Medium,Same Location,Unknown offender
INT3934,FT02901,CCTV,Medium,Similar dates,None
INT3935,FT15341,Anonymous report,High,Vehicle,None
INT3936,FT12150,CCTV,Low,Similar dates,None
INT3937,FT10150,Waste contractor,Low,Similar dates,None
INT3938,FT19726,Police partner,High,Same Location,Blank
INT3939,FT12953,Resident,Medium,Waste Pattern,Blank
INT3940,FT13369,Waste contractor,Low,Waste Pattern,Blank
INT3941,FT17966,Anonymous report,High,Same Location,Unknown offender
INT3942,FT18782,Enforcement officer,High,Similar dates,None
INT3943,FT12895,Waste contractor,Medium,Similar dates,None
INT3944,FT08350,Resident,High,Waste Pattern,Unknown offender
INT3945,FT10840,Waste contractor,Low,Waste Pattern,Blank
INT3946,FT01761,Council officer,Low,Waste Pattern,Unknown offender
INT3947,FT16912,Enforcement officer,High,Similar dates,None
INT3948,FT00426,Environmental monitoring,Low,Similar dates,None
INT3949,FT06582,CCTV,Medium,Similar dates,None
INT3950,FT09602,Waste contractor,High,Vehicle,None
INT3951,FT02826,Waste contractor,Medium,Same Location,Blank
INT3952,FT14253,Anonymous report,Low,Vehicle,No Registration
INT3953,FT03433,Resident,Low,Similar dates,None
INT3954,FT18946,Enforcement officer,Medium,Vehicle,None
INT3955,FT01056,Waste contractor,Medium,Waste Pattern,Unknown offender
INT3956,FT11820,Police partner,Low,Waste Pattern,Blank
INT3957,FT07306,Anonymous report,High,Waste Pattern,Blank
INT3958,FT02092,Waste contractor,Medium,Same Location,Blank
INT3959,FT09944,Council officer,Low,Waste Pattern,Unknown offender
INT3960,FT15959,Resident,Low,Waste Pattern,Blank
INT3961,FT10094,Police partner,Low,Vehicle,None
INT3962,FT15369,Waste contractor,Low,Similar dates,None
INT3963,FT12321,Police partner,Low,Same Location,Blank
INT3964,FT04420,Enforcement officer,Low,Same Location,Unknown offender
INT3965,FT13772,Police partner,High,Same Location,Blank
INT3966,FT11577,Council officer,Medium,Waste Pattern,Blank
INT3967,FT05531,Resident,Medium,Similar dates,None
INT3968,FT17780,Anonymous report,Low,Vehicle,No Registration
INT3969,FT12690,Police partner,Medium,Vehicle,No Registration
INT3970,FT06378,Waste contractor,Low,Waste Pattern,Unknown offender
INT3971,FT09549,Waste contractor,Low,Same Location,Unknown offender
INT3972,FT18770,CCTV,Low,Same Location,Blank
INT3973,FT01141,CCTV,Medium,Similar dates,None
INT3974,FT04714,Enforcement officer,Medium,Waste Pattern,Blank
INT3975,FT09331,Resident,Medium,Waste Pattern,Blank
INT3976,FT05370,Council officer,Low,Waste Pattern,Unknown offender
INT3977,FT04718,CCTV,Low,Vehicle,No Registration
INT3978,FT08399,Environmental monitoring,Medium,Vehicle,No Registration
INT3979,FT12547,Waste contractor,Medium,Vehicle,No Registration
INT3980,FT04335,Anonymous report,High,Vehicle,None
INT3981,FT15978,Resident,Low,Similar dates,None
INT3982,FT19393,Resident,Low,Same Location,Blank
INT3983,FT06803,Waste contractor,Low,Similar dates,None
INT3984,FT10367,Anonymous report,Low,Vehicle,None
INT3985,FT13356,Waste contractor,Medium,Vehicle,No Registration
INT3986,FT13938,Council officer,Medium,Waste Pattern,Unknown offender
INT3987,FT07415,Police partner,Medium,Vehicle,No Registration
INT3988,FT00235,Enforcement officer,Low,Vehicle,No Registration
INT3989,FT07849,Enforcement officer,Low,Similar dates,None
INT3990,FT14370,Enforcement officer,Medium,Similar dates,None
INT3991,FT15543,Enforcement officer,High,Vehicle,None
INT3992,FT01466,CCTV,Medium,Similar dates,None
INT3993,FT14777,Environmental monitoring,Medium,Vehicle,No Registration
INT3994,FT04738,Police partner,High,Similar dates,None
INT3995,FT00671,Resident,Low,Waste Pattern,Blank
INT3996,FT00476,Council officer,Low,Waste Pattern,Unknown offender
INT3997,FT01744,Enforcement officer,Medium,Same Location,Blank
INT3998,FT08137,Enforcement officer,Medium,Similar dates,None
INT3999,FT17037,Police partner,Medium,Vehicle,None
INT4000,FT02045,Environmental monitoring,High,Vehicle,No Registration
INT4001,FT09526,Waste contractor,Low,Same Location,Unknown offender
INT4002,FT18577,Police partner,Low,Similar dates,None
INT4003,FT19131,Police partner,Medium,Waste Pattern,Blank
INT4004,FT09849,CCTV,Low,Same Location,Blank
INT4005,FT05046,Anonymous report,Low,Waste Pattern,Blank
INT4006,FT04865,Enforcement officer,Medium,Same Location,Unknown offender
INT4007,FT09227,Council officer,Medium,Waste Pattern,Unknown offender
INT4008,FT09575,Police partner,Medium,Waste Pattern,Unknown offender
INT4009,FT06068,Waste contractor,Medium,Same Location,Unknown offender
INT4010,FT09587,Environmental monitoring,High,Similar dates,None
INT4011,FT11810,Anonymous report,Low,Waste Pattern,Unknown offender
INT4012,FT12861,CCTV,Low,Vehicle,No Registration
INT4013,FT12033,Resident,High,Same Location,Unknown offender
INT4014,FT09689,Waste contractor,Medium,Vehicle,None
INT4015,FT08930,Police partner,High,Same Location,Unknown offender
INT4016,FT01303,Resident,High,Similar dates,None
INT4017,FT12612,Resident,Medium,Waste Pattern,Unknown offender
INT4018,FT18466,Environmental monitoring,Low,Similar dates,None
INT4019,FT09477,Council officer,Low,Similar dates,None
INT4020,FT13049,Enforcement officer,Low,Vehicle,No Registration
INT4021,FT03888,Council officer,Low,Same Location,Unknown offender
INT4022,FT19237,Police partner,Low,Vehicle,None
INT4023,FT03269,Environmental monitoring,Low,Similar dates,None
INT4024,FT14505,Resident,Low,Vehicle,No Registration
INT4025,FT08614,Council officer,High,Waste Pattern,Blank
INT4026,FT03883,Police partner,High,Same Location,Blank
INT4027,FT06280,Environmental monitoring,Medium,Vehicle,None
INT4028,FT13359,Waste contractor,High,Vehicle,None
INT4029,FT05063,Resident,Medium,Same Location,Blank
INT4030,FT17919,Enforcement officer,High,Similar dates,None
INT4031,FT03111,Council officer,Medium,Waste Pattern,Blank
INT4032,FT09718,Council officer,Medium,Vehicle,None
INT4033,FT02369,Environmental monitoring,Medium,Vehicle,No Registration
INT4034,FT18828,Enforcement officer,Low,Similar dates,None
INT4035,FT01947,Anonymous report,High,Similar dates,None
INT4036,FT06261,Anonymous report,Low,Vehicle,None
INT4037,FT03514,Resident,Medium,Same Location,Unknown offender
INT4038,FT12799,Resident,Low,Same Location,Unknown offender
INT4039,FT14757,Anonymous report,Medium,Waste Pattern,Blank
INT4040,FT10815,CCTV,Low,Waste Pattern,Blank
INT4041,FT13896,Waste contractor,Low,Waste Pattern,Unknown offender
INT4042,FT02071,Waste contractor,High,Vehicle,No Registration
INT4043,FT02447,CCTV,High,Same Location,Blank
INT4044,FT17180,Waste contractor,High,Same Location,Blank
INT4045,FT13841,Enforcement officer,High,Vehicle,None
INT4046,FT19540,Environmental monitoring,High,Vehicle,None
INT4047,FT03180,Police partner,Medium,Vehicle,None
INT4048,FT05249,Resident,Medium,Vehicle,No Registration
INT4049,FT15707,Resident,High,Vehicle,None
INT4050,FT07308,Environmental monitoring,High,Vehicle,None
INT4051,FT13309,Council officer,High,Similar dates,None
INT4052,FT02668,CCTV,Medium,Same Location,Blank
INT4053,FT09553,Environmental monitoring,High,Vehicle,No Registration
INT4054,FT07440,Police partner,High,Waste Pattern,Blank
INT4055,FT02878,Enforcement officer,High,Similar dates,None
INT4056,FT01664,CCTV,Medium,Same Location,Blank
INT4057,FT15432,Resident,Low,Same Location,Blank
INT4058,FT19954,Enforcement officer,Low,Waste Pattern,Blank
INT4059,FT09353,CCTV,Low,Similar dates,None
INT4060,FT17734,Council officer,High,Vehicle,None
INT4061,FT12112,CCTV,Low,Similar dates,None
INT4062,FT04922,CCTV,Medium,Waste Pattern,Unknown offender
INT4063,FT19977,Anonymous report,High,Similar dates,None
INT4064,FT14433,Enforcement officer,Medium,Vehicle,None
INT4065,FT09628,Anonymous report,High,Same Location,Unknown offender
INT4066,FT19758,Council officer,Medium,Same Location,Blank
INT4067,FT02056,Environmental monitoring,Low,Vehicle,None
INT4068,FT04536,Waste contractor,High,Vehicle,None
INT4069,FT12036,Police partner,High,Waste Pattern,Unknown offender
INT4070,FT12153,Anonymous report,High,Same Location,Unknown offender
INT4071,FT13558,Enforcement officer,Low,Similar dates,None
INT4072,FT00957,Resident,High,Same Location,Unknown offender
INT4073,FT14277,Waste contractor,High,Similar dates,None
INT4074,FT05354,Environmental monitoring,Low,Vehicle,No Registration
INT4075,FT12030,Waste contractor,Medium,Vehicle,No Registration
INT4076,FT00531,Enforcement officer,Low,Waste Pattern,Blank
INT4077,FT05078,Environmental monitoring,High,Vehicle,None
INT4078,FT13783,Waste contractor,Medium,Waste Pattern,Unknown offender
INT4079,FT03764,Enforcement officer,High,Waste Pattern,Unknown offender
INT4080,FT18011,Police partner,Low,Similar dates,None
INT4081,FT02125,Waste contractor,Low,Waste Pattern,Unknown offender
INT4082,FT19027,Waste contractor,Medium,Same Location,Unknown offender
INT4083,FT03036,Environmental monitoring,Medium,Same Location,Blank
INT4084,FT02979,Environmental monitoring,Medium,Same Location,Unknown offender
INT4085,FT03524,Enforcement officer,Medium,Similar dates,None
INT4086,FT08391,Waste contractor,High,Vehicle,None
INT4087,FT11546,Police partner,Medium,Waste Pattern,Unknown offender
INT4088,FT16243,Police partner,Low,Waste Pattern,Unknown offender
INT4089,FT06248,Council officer,Low,Same Location,Blank
INT4090,FT13310,Resident,Low,Vehicle,None
INT4091,FT11049,Environmental monitoring,Low,Vehicle,No Registration
INT4092,FT01579,CCTV,High,Vehicle,No Registration
INT4093,FT06157,Enforcement officer,High,Same Location,Blank
INT4094,FT01564,CCTV,High,Same Location,Blank
INT4095,FT11235,CCTV,High,Waste Pattern,Blank
INT4096,FT14117,Police partner,Medium,Waste Pattern,Unknown offender
INT4097,FT03820,Resident,High,Waste Pattern,Unknown offender
INT4098,FT19783,Police partner,High,Waste Pattern,Blank
INT4099,FT15529,CCTV,High,Same Location,Unknown offender
INT4100,FT15835,Environmental monitoring,Low,Same Location,Blank
INT4101,FT06223,Resident,Medium,Same Location,Unknown offender
INT4102,FT01400,Resident,Low,Vehicle,None
INT4103,FT14273,Enforcement officer,Medium,Waste Pattern,Unknown offender
INT4104,FT17944,Enforcement officer,Medium,Similar dates,None
INT4105,FT16575,Resident,Low,Similar dates,None
INT4106,FT19765,Environmental monitoring,High,Similar dates,None
INT4107,FT09668,Council officer,Low,Similar dates,None
INT4108,FT19389,CCTV,Medium,Vehicle,No Registration
INT4109,FT03537,Police partner,Medium,Same Location,Blank
INT4110,FT06240,CCTV,Medium,Same Location,Unknown offender
INT4111,FT01843,Enforcement officer,Medium,Same Location,Unknown offender
INT4112,FT11681,Resident,Medium,Waste Pattern,Unknown offender
INT4113,FT11725,Enforcement officer,Low,Waste Pattern,Unknown offender
INT4114,FT10206,Resident,High,Waste Pattern,Blank
INT4115,FT18950,Enforcement officer,Medium,Similar dates,None
INT4116,FT04732,Waste contractor,High,Same Location,Unknown offender
INT4117,FT00809,Resident,Low,Waste Pattern,Blank
INT4118,FT04453,Council officer,Medium,Vehicle,None
INT4119,FT03339,CCTV,Low,Vehicle,None
INT4120,FT16500,Council officer,High,Similar dates,None
INT4121,FT18229,Resident,High,Same Location,Unknown offender
INT4122,FT16861,Enforcement officer,Medium,Waste Pattern,Blank
INT4123,FT07214,Enforcement officer,High,Vehicle,No Registration
INT4124,FT01441,Council officer,High,Same Location,Unknown offender
INT4125,FT09120,Police partner,High,Similar dates,None
INT4126,FT16305,Enforcement officer,Medium,Same Location,Unknown offender
INT4127,FT01098,CCTV,Medium,Similar dates,None
INT4128,FT09749,Anonymous report,High,Vehicle,No Registration
INT4129,FT06019,Resident,Low,Waste Pattern,Unknown offender
INT4130,FT15859,Environmental monitoring,High,Vehicle,None
INT4131,FT13428,Resident,High,Vehicle,None
INT4132,FT11058,Waste contractor,Low,Waste Pattern,Unknown offender
INT4133,FT19161,Enforcement officer,Low,Waste Pattern,Unknown offender
INT4134,FT08756,Police partner,Low,Same Location,Blank
INT4135,FT02149,Anonymous report,Medium,Waste Pattern,Blank
INT4136,FT10916,Resident,High,Same Location,Blank
INT4137,FT01251,Waste contractor,Low,Similar dates,None
INT4138,FT01068,Waste contractor,Low,Similar dates,None
INT4139,FT03242,Anonymous report,High,Same Location,Blank
INT4140,FT06160,CCTV,High,Same Location,Blank
INT4141,FT14548,Enforcement officer,Low,Vehicle,None
INT4142,FT15353,CCTV,High,Similar dates,None
INT4143,FT01685,Resident,High,Waste Pattern,Blank
INT4144,FT01356,Environmental monitoring,Medium,Same Location,Blank
INT4145,FT00400,Council officer,High,Vehicle,None
INT4146,FT09188,Resident,Low,Same Location,Blank
INT4147,FT14805,Council officer,Low,Same Location,Unknown offender
INT4148,FT16056,Anonymous report,Medium,Similar dates,None
INT4149,FT19237,Police partner,Medium,Same Location,Unknown offender
INT4150,FT02460,CCTV,Low,Waste Pattern,Blank
INT4151,FT09656,Resident,High,Waste Pattern,Unknown offender
INT4152,FT05397,Resident,Medium,Waste Pattern,Unknown offender
INT4153,FT14395,Police partner,High,Waste Pattern,Unknown offender
INT4154,FT16119,Environmental monitoring,Low,Waste Pattern,Unknown offender
INT4155,FT19530,Waste contractor,Low,Waste Pattern,Unknown offender
INT4156,FT10906,Police partner,High,Same Location,Unknown offender
INT4157,FT06046,Enforcement officer,Medium,Waste Pattern,Blank
INT4158,FT12250,Waste contractor,Medium,Waste Pattern,Blank
INT4159,FT17774,Anonymous report,High,Same Location,Unknown offender
INT4160,FT08896,Council officer,High,Vehicle,None
INT4161,FT16632,Resident,Medium,Vehicle,No Registration
INT4162,FT14744,Resident,Low,Similar dates,None
INT4163,FT17456,Police partner,Medium,Vehicle,No Registration
INT4164,FT03589,Environmental monitoring,High,Vehicle,None
INT4165,FT12117,Resident,Medium,Same Location,Unknown offender
INT4166,FT08847,CCTV,High,Vehicle,No Registration
INT4167,FT04213,Council officer,High,Similar dates,None
INT4168,FT11214,Environmental monitoring,High,Similar dates,None
INT4169,FT16257,Anonymous report,Medium,Similar dates,None
INT4170,FT17962,Resident,High,Vehicle,None
INT4171,FT14893,Council officer,Low,Similar dates,None
INT4172,FT17832,CCTV,Medium,Similar dates,None
INT4173,FT08879,Anonymous report,Medium,Same Location,Blank
INT4174,FT01073,Police partner,High,Same Location,Unknown offender
INT4175,FT16987,Resident,Medium,Waste Pattern,Blank
INT4176,FT19193,Council officer,Low,Similar dates,None
INT4177,FT13540,Waste contractor,High,Vehicle,No Registration
INT4178,FT17173,Environmental monitoring,Medium,Vehicle,No Registration
INT4179,FT08404,Resident,Low,Similar dates,None
INT4180,FT07609,Environmental monitoring,High,Waste Pattern,Unknown offender
INT4181,FT18982,Enforcement officer,Low,Similar dates,None
INT4182,FT15942,Resident,Low,Same Location,Blank
INT4183,FT16484,Police partner,Medium,Waste Pattern,Unknown offender
INT4184,FT19041,Waste contractor,Low,Waste Pattern,Unknown offender
INT4185,FT01599,Waste contractor,Medium,Same Location,Unknown offender
INT4186,FT19186,CCTV,Medium,Waste Pattern,Blank
INT4187,FT00853,CCTV,Low,Vehicle,No Registration
INT4188,FT01220,Environmental monitoring,High,Vehicle,None
INT4189,FT12884,Enforcement officer,Low,Similar dates,None
INT4190,FT02826,Resident,Low,Vehicle,None
INT4191,FT15023,Police partner,Low,Waste Pattern,Blank
INT4192,FT08967,Anonymous report,Medium,Waste Pattern,Blank
INT4193,FT10772,Council officer,High,Vehicle,No Registration
INT4194,FT01108,Enforcement officer,High,Similar dates,None
INT4195,FT15516,Environmental monitoring,High,Waste Pattern,Blank
INT4196,FT16824,Council officer,Medium,Similar dates,None
INT4197,FT15730,CCTV,High,Waste Pattern,Blank
INT4198,FT19224,Council officer,High,Similar dates,None
INT4199,FT12749,CCTV,Low,Vehicle,None
INT4200,FT06262,CCTV,Medium,Waste Pattern,Unknown offender
INT4201,FT14883,Waste contractor,High,Waste Pattern,Blank
INT4202,FT07075,Resident,Low,Vehicle,No Registration
INT4203,FT04671,Waste contractor,Low,Similar dates,None
INT4204,FT08807,Anonymous report,Medium,Vehicle,None
INT4205,FT01773,Anonymous report,High,Waste Pattern,Unknown offender
INT4206,FT17836,Police partner,High,Waste Pattern,Unknown offender
INT4207,FT16938,Resident,Medium,Waste Pattern,Blank
INT4208,FT12841,Anonymous report,Low,Vehicle,No Registration
INT4209,FT18027,CCTV,High,Vehicle,No Registration
INT4210,FT15170,Waste contractor,Low,Waste Pattern,Blank
INT4211,FT17007,Council officer,High,Vehicle,None
INT4212,FT17099,Police partner,Low,Waste Pattern,Blank
INT4213,FT06018,Waste contractor,High,Waste Pattern,Unknown offender
INT4214,FT14815,Anonymous report,High,Waste Pattern,Unknown offender
INT4215,FT00856,Council officer,High,Same Location,Blank
INT4216,FT05090,Council officer,High,Similar dates,None
INT4217,FT13757,Waste contractor,Low,Waste Pattern,Unknown offender
INT4218,FT03348,Anonymous report,High,Vehicle,No Registration
INT4219,FT11670,Enforcement officer,High,Waste Pattern,Blank
INT4220,FT03757,Police partner,High,Vehicle,No Registration
INT4221,FT02186,Police partner,Medium,Similar dates,None
INT4222,FT05309,Environmental monitoring,High,Waste Pattern,Blank
INT4223,FT16606,CCTV,Low,Same Location,Blank
INT4224,FT15215,Waste contractor,Medium,Similar dates,None
INT4225,FT11739,Waste contractor,Medium,Same Location,Unknown offender
INT4226,FT05000,Police partner,Medium,Same Location,Unknown offender
INT4227,FT15379,CCTV,Low,Vehicle,No Registration
INT4228,FT10610,Waste contractor,Low,Similar dates,None
INT4229,FT14386,Enforcement officer,High,Vehicle,None
INT4230,FT13293,Council officer,High,Similar dates,None
INT4231,FT09393,Environmental monitoring,High,Vehicle,None
INT4232,FT07005,Waste contractor,High,Similar dates,None
INT4233,FT17805,Police partner,Medium,Similar dates,None
INT4234,FT17064,Enforcement officer,Medium,Same Location,Unknown offender
INT4235,FT09561,CCTV,Medium,Same Location,Blank
INT4236,FT11512,Anonymous report,Medium,Waste Pattern,Blank
INT4237,FT09779,CCTV,Medium,Waste Pattern,Unknown offender
INT4238,FT17074,Enforcement officer,High,Similar dates,None
INT4239,FT13069,Council officer,Medium,Same Location,Unknown offender
INT4240,FT16667,Environmental monitoring,Low,Same Location,Unknown offender
INT4241,FT06952,Waste contractor,High,Vehicle,None
INT4242,FT04031,CCTV,Medium,Similar dates,None
INT4243,FT14754,Waste contractor,Medium,Similar dates,None
INT4244,FT15478,Anonymous report,Low,Same Location,Unknown offender
INT4245,FT12436,Environmental monitoring,High,Similar dates,None
INT4246,FT17068,Waste contractor,High,Waste Pattern,Blank
INT4247,FT10190,Resident,Medium,Vehicle,No Registration
INT4248,FT17352,Council officer,Medium,Waste Pattern,Blank
INT4249,FT06695,Resident,Low,Vehicle,No Registration
INT4250,FT18481,Waste contractor,Low,Same Location,Blank
INT4251,FT19835,Environmental monitoring,Low,Vehicle,None
INT4252,FT11751,Police partner,Low,Same Location,Blank
INT4253,FT15011,Council officer,Medium,Vehicle,None
INT4254,FT10551,Waste contractor,High,Waste Pattern,Unknown offender
INT4255,FT08091,Police partner,High,Waste Pattern,Blank
INT4256,FT14206,Resident,High,Vehicle,No Registration
INT4257,FT00082,Resident,Medium,Vehicle,None
INT4258,FT12721,Enforcement officer,Medium,Vehicle,No Registration
INT4259,FT16113,Police partner,High,Waste Pattern,Unknown offender
INT4260,FT05077,Enforcement officer,Low,Similar dates,None
INT4261,FT18531,Council officer,High,Similar dates,None
INT4262,FT07999,Police partner,Low,Same Location,Unknown offender
INT4263,FT14604,Enforcement officer,Medium,Same Location,Unknown offender
INT4264,FT12013,Resident,Low,Similar dates,None
INT4265,FT07769,CCTV,Low,Similar dates,None
INT4266,FT13519,Environmental monitoring,Medium,Same Location,Unknown offender
INT4267,FT03088,Enforcement officer,High,Same Location,Blank
INT4268,FT15656,Environmental monitoring,Medium,Similar dates,None
INT4269,FT08091,Police partner,High,Similar dates,None
INT4270,FT07745,Waste contractor,High,Vehicle,No Registration
INT4271,FT19525,Police partner,High,Same Location,Blank
INT4272,FT10765,Anonymous report,Medium,Waste Pattern,Unknown offender
INT4273,FT07822,Environmental monitoring,Medium,Same Location,Blank
INT4274,FT13146,Anonymous report,Low,Vehicle,No Registration
INT4275,FT01310,CCTV,Medium,Similar dates,None
INT4276,FT14616,Police partner,Low,Same Location,Blank
INT4277,FT12547,Police partner,Medium,Same Location,Unknown offender
INT4278,FT10591,Resident,Low,Similar dates,None
INT4279,FT18217,Police partner,Medium,Same Location,Blank
INT4280,FT03829,Waste contractor,Medium,Similar dates,None
INT4281,FT11127,Anonymous report,High,Waste Pattern,Unknown offender
INT4282,FT15602,Council officer,Medium,Similar dates,None
INT4283,FT11870,Resident,Medium,Waste Pattern,Blank
INT4284,FT14124,Environmental monitoring,High,Similar dates,None
INT4285,FT04067,Police partner,Low,Waste Pattern,Blank
INT4286,FT07512,Police partner,Low,Waste Pattern,Blank
INT4287,FT12615,Police partner,High,Same Location,Blank
INT4288,FT01755,Police partner,Medium,Similar dates,None
INT4289,FT16853,Waste contractor,High,Similar dates,None
INT4290,FT03564,Enforcement officer,Medium,Vehicle,None
INT4291,FT19435,Enforcement officer,Low,Same Location,Unknown offender
INT4292,FT16175,CCTV,Medium,Waste Pattern,Blank
INT4293,FT16223,Council officer,Medium,Similar dates,None
INT4294,FT15971,Council officer,High,Similar dates,None
INT4295,FT09101,Police partner,Medium,Similar dates,None
INT4296,FT09120,Waste contractor,Medium,Same Location,Unknown offender
INT4297,FT05529,Enforcement officer,Low,Vehicle,None
INT4298,FT06682,Police partner,Low,Same Location,Blank
INT4299,FT03497,Enforcement officer,High,Waste Pattern,Unknown offender
INT4300,FT19659,Resident,Medium,Same Location,Unknown offender
INT4301,FT14327,Council officer,Low,Similar dates,None
INT4302,FT14313,Resident,Low,Vehicle,No Registration
INT4303,FT11457,Resident,High,Similar dates,None
INT4304,FT02655,Environmental monitoring,Medium,Waste Pattern,Blank
INT4305,FT17967,CCTV,High,Similar dates,None
INT4306,FT10494,Environmental monitoring,Low,Similar dates,None
INT4307,FT19506,Police partner,Low,Same Location,Blank
INT4308,FT07264,Environmental monitoring,Low,Similar dates,None
INT4309,FT12547,Police partner,Low,Similar dates,None
INT4310,FT17634,Police partner,Medium,Vehicle,No Registration
INT4311,FT18123,Police partner,High,Same Location,Blank
INT4312,FT04975,Enforcement officer,Low,Similar dates,None
INT4313,FT06798,Council officer,Medium,Same Location,Blank
INT4314,FT14072,Enforcement officer,Medium,Vehicle,No Registration
INT4315,FT07885,CCTV,High,Vehicle,No Registration
INT4316,FT13305,Police partner,High,Similar dates,None
INT4317,FT09619,Council officer,Medium,Same Location,Unknown offender
INT4318,FT11514,Enforcement officer,High,Waste Pattern,Unknown offender
INT4319,FT06918,Waste contractor,Medium,Same Location,Blank
INT4320,FT12149,Police partner,Medium,Vehicle,None
INT4321,FT08572,Resident,Low,Same Location,Unknown offender
INT4322,FT19412,Environmental monitoring,High,Waste Pattern,Blank
INT4323,FT14309,Enforcement officer,Low,Waste Pattern,Blank
INT4324,FT18423,Enforcement officer,High,Same Location,Blank
INT4325,FT05381,Enforcement officer,Low,Similar dates,None
INT4326,FT03284,Police partner,Low,Similar dates,None
INT4327,FT14448,CCTV,Medium,Same Location,Unknown offender
INT4328,FT09492,Resident,Medium,Similar dates,None
INT4329,FT01675,Enforcement officer,High,Same Location,Unknown offender
INT4330,FT19560,Enforcement officer,High,Vehicle,None
INT4331,FT15939,Council officer,Low,Vehicle,None
INT4332,FT14855,Enforcement officer,High,Waste Pattern,Blank
INT4333,FT18202,Anonymous report,Medium,Vehicle,No Registration
INT4334,FT09337,Anonymous report,Low,Same Location,Blank
INT4335,FT02956,Waste contractor,Low,Vehicle,None
INT4336,FT19073,Enforcement officer,Medium,Vehicle,None
INT4337,FT02109,Waste contractor,Low,Same Location,Blank
INT4338,FT11999,CCTV,Medium,Waste Pattern,Unknown offender
INT4339,FT19487,CCTV,Low,Same Location,Unknown offender
INT4340,FT03089,Anonymous report,Medium,Waste Pattern,Blank
INT4341,FT07550,Police partner,Low,Similar dates,None
INT4342,FT04540,Enforcement officer,High,Vehicle,None
INT4343,FT05994,Resident,High,Vehicle,No Registration
INT4344,FT00735,Police partner,Low,Vehicle,None
INT4345,FT18264,CCTV,High,Same Location,Blank
INT4346,FT01648,Environmental monitoring,Low,Waste Pattern,Blank
INT4347,FT17544,Resident,Medium,Vehicle,No Registration
INT4348,FT09042,CCTV,Medium,Vehicle,No Registration
INT4349,FT18619,Resident,High,Vehicle,None
INT4350,FT17744,Waste contractor,Low,Vehicle,None
INT4351,FT19746,Anonymous report,High,Same Location,Blank
INT4352,FT02085,Anonymous report,Medium,Vehicle,None
INT4353,FT01758,CCTV,High,Waste Pattern,Unknown offender
INT4354,FT14621,Waste contractor,Low,Vehicle,No Registration
INT4355,FT11983,Anonymous report,Medium,Similar dates,None
INT4356,FT16124,Anonymous report,Medium,Same Location,Unknown offender
INT4357,FT07011,Council officer,Low,Same Location,Blank
INT4358,FT16184,Anonymous report,High,Vehicle,No Registration
INT4359,FT19115,Enforcement officer,Low,Similar dates,None
INT4360,FT18912,Waste contractor,High,Same Location,Unknown offender
INT4361,FT01817,Police partner,Medium,Vehicle,None
INT4362,FT00918,Anonymous report,High,Waste Pattern,Blank
INT4363,FT13433,Police partner,Low,Same Location,Blank
INT4364,FT12726,Resident,High,Similar dates,None
INT4365,FT10945,Enforcement officer,Low,Vehicle,None
INT4366,FT05595,Resident,Medium,Vehicle,No Registration
INT4367,FT07166,Environmental monitoring,Medium,Vehicle,None
INT4368,FT19298,Enforcement officer,High,Same Location,Unknown offender
INT4369,FT06517,Waste contractor,Medium,Same Location,Blank
INT4370,FT04603,Police partner,Medium,Same Location,Blank
INT4371,FT03623,Police partner,High,Same Location,Unknown offender
INT4372,FT00558,Council officer,Medium,Vehicle,None
INT4373,FT17676,Anonymous report,Low,Waste Pattern,Unknown offender
INT4374,FT09589,Environmental monitoring,Low,Vehicle,No Registration
INT4375,FT11636,Anonymous report,High,Vehicle,None
INT4376,FT15782,Anonymous report,Low,Waste Pattern,Blank
INT4377,FT10269,Enforcement officer,Medium,Similar dates,None
INT4378,FT17749,Waste contractor,Low,Same Location,Unknown offender
INT4379,FT16217,Waste contractor,High,Waste Pattern,Blank
INT4380,FT05117,Council officer,Medium,Same Location,Blank
INT4381,FT18702,Environmental monitoring,Low,Same Location,Unknown offender
INT4382,FT12907,Police partner,High,Similar dates,None
INT4383,FT06875,Resident,Low,Waste Pattern,Unknown offender
INT4384,FT06845,Anonymous report,Low,Vehicle,No Registration
INT4385,FT17367,Environmental monitoring,High,Vehicle,No Registration
INT4386,FT00092,Resident,High,Vehicle,None
INT4387,FT00259,Waste contractor,Low,Similar dates,None
INT4388,FT08913,Enforcement officer,Medium,Vehicle,None
INT4389,FT18704,Police partner,Low,Waste Pattern,Blank
INT4390,FT01093,CCTV,High,Waste Pattern,Blank
INT4391,FT10819,Environmental monitoring,Low,Vehicle,No Registration
INT4392,FT17161,Police partner,Low,Similar dates,None
INT4393,FT08436,Environmental monitoring,High,Vehicle,No Registration
INT4394,FT03836,Resident,Medium,Similar dates,None
INT4395,FT00089,Council officer,Medium,Same Location,Unknown offender
INT4396,FT04739,Resident,Low,Waste Pattern,Blank
INT4397,FT00825,Resident,Medium,Vehicle,None
INT4398,FT14111,Council officer,High,Waste Pattern,Blank
INT4399,FT14077,Police partner,Low,Waste Pattern,Unknown offender
INT4400,FT07903,Environmental monitoring,High,Same Location,Blank
INT4401,FT09420,Council officer,Low,Vehicle,No Registration
INT4402,FT01263,Enforcement officer,Medium,Vehicle,No Registration
INT4403,FT00676,Resident,Medium,Waste Pattern,Unknown offender
INT4404,FT10839,Police partner,Medium,Waste Pattern,Unknown offender
INT4405,FT09728,CCTV,High,Waste Pattern,Blank
INT4406,FT13859,Council officer,High,Waste Pattern,Blank
INT4407,FT19334,Police partner,Low,Vehicle,No Registration
INT4408,FT08423,CCTV,High,Similar dates,None
INT4409,FT12952,Council officer,Medium,Vehicle,No Registration
INT4410,FT17899,Waste contractor,Medium,Similar dates,None
INT4411,FT17186,Anonymous report,High,Vehicle,No Registration
INT4412,FT06838,CCTV,High,Waste Pattern,Blank
INT4413,FT19945,Anonymous report,High,Vehicle,No Registration
INT4414,FT01171,Police partner,Medium,Similar dates,None
INT4415,FT10346,Police partner,High,Waste Pattern,Blank
INT4416,FT07536,Council officer,Low,Same Location,Blank
INT4417,FT02147,CCTV,Medium,Vehicle,No Registration
INT4418,FT08252,Waste contractor,Low,Waste Pattern,Blank
INT4419,FT15375,Enforcement officer,Low,Same Location,Blank
INT4420,FT03889,Police partner,Medium,Vehicle,None
INT4421,FT03392,CCTV,Low,Waste Pattern,Unknown offender
INT4422,FT17811,Police partner,Medium,Vehicle,None
INT4423,FT01065,Police partner,Medium,Similar dates,None
INT4424,FT02457,Police partner,Low,Waste Pattern,Blank
INT4425,FT02481,CCTV,Medium,Similar dates,None
INT4426,FT16242,Police partner,Low,Vehicle,None
INT4427,FT05587,Council officer,High,Similar dates,None
INT4428,FT19967,CCTV,Low,Similar dates,None
INT4429,FT16158,Resident,Low,Waste Pattern,Unknown offender
INT4430,FT07785,Council officer,Low,Waste Pattern,Unknown offender
INT4431,FT08979,Police partner,High,Same Location,Blank
INT4432,FT00054,Waste contractor,High,Waste Pattern,Blank
INT4433,FT00052,Waste contractor,Low,Similar dates,None
INT4434,FT17574,Council officer,Low,Vehicle,No Registration
INT4435,FT02344,Enforcement officer,High,Similar dates,None
INT4436,FT19856,Enforcement officer,Low,Same Location,Unknown offender
INT4437,FT05796,Police partner,High,Waste Pattern,Blank
INT4438,FT02005,Enforcement officer,High,Similar dates,None
INT4439,FT03025,CCTV,Medium,Similar dates,None
INT4440,FT09553,Environmental monitoring,Low,Vehicle,None
INT4441,FT05916,Enforcement officer,High,Vehicle,No Registration
INT4442,FT02019,Environmental monitoring,High,Vehicle,No Registration
INT4443,FT17653,Environmental monitoring,High,Same Location,Unknown offender
INT4444,FT17257,Anonymous report,High,Same Location,Unknown offender
INT4445,FT18824,Resident,High,Waste Pattern,Unknown offender
INT4446,FT09243,Enforcement officer,High,Waste Pattern,Unknown offender
INT4447,FT01298,Enforcement officer,Medium,Vehicle,No Registration
INT4448,FT09857,Resident,High,Similar dates,None
INT4449,FT09029,Police partner,Low,Similar dates,None
INT4450,FT13212,Police partner,Medium,Same Location,Blank
INT4451,FT16977,Police partner,Low,Waste Pattern,Blank
INT4452,FT05110,Police partner,Medium,Waste Pattern,Blank
INT4453,FT07734,Anonymous report,Medium,Similar dates,None
INT4454,FT10653,CCTV,Low,Vehicle,None
INT4455,FT16127,Anonymous report,Low,Vehicle,No Registration
INT4456,FT14774,Waste contractor,High,Vehicle,None
INT4457,FT01729,Waste contractor,Low,Same Location,Unknown offender
INT4458,FT08243,Council officer,Low,Vehicle,None
INT4459,FT01436,Waste contractor,Medium,Same Location,Blank
INT4460,FT12636,Resident,High,Similar dates,None
INT4461,FT14230,Enforcement officer,Low,Vehicle,None
INT4462,FT13465,Council officer,Medium,Vehicle,No Registration
INT4463,FT03844,CCTV,Low,Similar dates,None
INT4464,FT00717,Waste contractor,High,Same Location,Unknown offender
INT4465,FT01063,Council officer,Low,Similar dates,None
INT4466,FT18400,Environmental monitoring,High,Vehicle,No Registration
INT4467,FT03129,Resident,Low,Same Location,Unknown offender
INT4468,FT08110,Environmental monitoring,Low,Same Location,Blank
INT4469,FT00590,Police partner,High,Waste Pattern,Unknown offender
INT4470,FT13016,CCTV,Low,Waste Pattern,Unknown offender
INT4471,FT09960,Resident,Medium,Same Location,Blank
INT4472,FT13723,Environmental monitoring,High,Similar dates,None
INT4473,FT15976,Council officer,High,Same Location,Unknown offender
INT4474,FT10355,Resident,Low,Same Location,Unknown offender
INT4475,FT01081,Anonymous report,Medium,Waste Pattern,Blank
INT4476,FT14131,Environmental monitoring,High,Vehicle,No Registration
INT4477,FT02123,Environmental monitoring,Medium,Waste Pattern,Blank
INT4478,FT06100,Environmental monitoring,Medium,Similar dates,None
INT4479,FT12739,Council officer,High,Vehicle,None
INT4480,FT14963,Environmental monitoring,High,Vehicle,No Registration
INT4481,FT17414,CCTV,Low,Waste Pattern,Unknown offender
INT4482,FT09580,Council officer,High,Vehicle,No Registration
INT4483,FT19184,Police partner,Medium,Same Location,Unknown offender
INT4484,FT09199,Police partner,Low,Vehicle,None
INT4485,FT12470,Enforcement officer,Medium,Same Location,Unknown offender
INT4486,FT04195,Council officer,Medium,Similar dates,None
INT4487,FT19826,Police partner,Medium,Waste Pattern,Unknown offender
INT4488,FT14632,Waste contractor,Low,Vehicle,None
INT4489,FT05641,Resident,Medium,Same Location,Unknown offender
INT4490,FT00912,Anonymous report,Medium,Waste Pattern,Blank
INT4491,FT02783,Anonymous report,Medium,Vehicle,None
INT4492,FT05598,CCTV,Low,Similar dates,None
INT4493,FT08662,CCTV,High,Similar dates,None
INT4494,FT12058,Environmental monitoring,Low,Same Location,Blank
INT4495,FT17719,Enforcement officer,Low,Waste Pattern,Unknown offender
INT4496,FT16429,Enforcement officer,High,Same Location,Blank
INT4497,FT12010,Anonymous report,Medium,Vehicle,No Registration
INT4498,FT13038,Resident,High,Similar dates,None
INT4499,FT01750,Council officer,Medium,Similar dates,None
INT4500,FT00765,Environmental monitoring,Low,Similar dates,None
INT4501,FT08350,Enforcement officer,Medium,Similar dates,None
INT4502,FT14117,Environmental monitoring,Medium,Waste Pattern,Unknown offender
INT4503,FT09089,Anonymous report,Medium,Similar dates,None
INT4504,FT14133,Anonymous report,High,Same Location,Unknown offender
INT4505,FT16239,Police partner,Low,Waste Pattern,Blank
INT4506,FT07694,Council officer,Low,Waste Pattern,Unknown offender
INT4507,FT09485,Anonymous report,Medium,Waste Pattern,Blank
INT4508,FT04152,Council officer,Low,Similar dates,None
INT4509,FT07133,Enforcement officer,Low,Similar dates,None
INT4510,FT05631,Police partner,High,Same Location,Unknown offender
INT4511,FT11587,Police partner,High,Same Location,Blank
INT4512,FT17470,Enforcement officer,Medium,Waste Pattern,Blank
INT4513,FT00694,Waste contractor,Low,Same Location,Blank
INT4514,FT07082,Anonymous report,Medium,Similar dates,None
INT4515,FT01271,Anonymous report,High,Similar dates,None
INT4516,FT18491,Anonymous report,Medium,Similar dates,None
INT4517,FT13661,Waste contractor,Medium,Same Location,Unknown offender
INT4518,FT13132,CCTV,Medium,Same Location,Unknown offender
INT4519,FT05088,Enforcement officer,Low,Same Location,Unknown offender
INT4520,FT17206,Environmental monitoring,Medium,Vehicle,None
INT4521,FT13757,Resident,High,Similar dates,None
INT4522,FT15293,Enforcement officer,Medium,Vehicle,No Registration
INT4523,FT09995,Council officer,Low,Similar dates,None
INT4524,FT11672,Police partner,Medium,Similar dates,None
INT4525,FT12896,Resident,Medium,Similar dates,None
INT4526,FT00168,Council officer,Medium,Same Location,Unknown offender
INT4527,FT06801,Police partner,Low,Vehicle,None
INT4528,FT01821,Waste contractor,Low,Same Location,Unknown offender
INT4529,FT07547,Resident,Low,Waste Pattern,Unknown offender
INT4530,FT06142,CCTV,Medium,Similar dates,None
INT4531,FT13822,Waste contractor,High,Vehicle,None
INT4532,FT14516,Police partner,High,Waste Pattern,Blank
INT4533,FT07698,Enforcement officer,Low,Vehicle,None
INT4534,FT19703,Waste contractor,High,Vehicle,No Registration
INT4535,FT11855,Resident,High,Waste Pattern,Blank
INT4536,FT19713,Council officer,Medium,Same Location,Unknown offender
INT4537,FT05620,Environmental monitoring,Medium,Waste Pattern,Blank
INT4538,FT11593,Waste contractor,Low,Similar dates,None
INT4539,FT13987,Enforcement officer,Medium,Waste Pattern,Unknown offender
INT4540,FT16499,Enforcement officer,High,Same Location,Unknown offender
INT4541,FT12280,Enforcement officer,Medium,Similar dates,None
INT4542,FT16324,Police partner,High,Vehicle,None
INT4543,FT12437,Council officer,High,Same Location,Blank
INT4544,FT19670,Anonymous report,Medium,Same Location,Blank
INT4545,FT01348,Enforcement officer,Low,Similar dates,None
INT4546,FT16678,Police partner,Low,Waste Pattern,Blank
INT4547,FT12828,Police partner,Low,Vehicle,No Registration
INT4548,FT09571,Resident,High,Same Location,Blank
INT4549,FT12976,Waste contractor,High,Same Location,Unknown offender
INT4550,FT17267,Resident,High,Waste Pattern,Blank
INT4551,FT04424,Waste contractor,Low,Waste Pattern,Blank
INT4552,FT10462,Enforcement officer,High,Similar dates,None
INT4553,FT01373,Anonymous report,Low,Vehicle,No Registration
INT4554,FT09703,Police partner,Medium,Waste Pattern,Blank
INT4555,FT07598,Council officer,Medium,Vehicle,No Registration
INT4556,FT15871,Resident,Medium,Waste Pattern,Blank
INT4557,FT03432,Waste contractor,High,Waste Pattern,Unknown offender
INT4558,FT12529,Environmental monitoring,High,Similar dates,None
INT4559,FT11487,Council officer,High,Vehicle,None
INT4560,FT10036,CCTV,Low,Waste Pattern,Unknown offender
INT4561,FT08679,Resident,Low,Same Location,Blank
INT4562,FT16143,Waste contractor,Medium,Similar dates,None
INT4563,FT04986,CCTV,Medium,Same Location,Unknown offender
INT4564,FT18188,Environmental monitoring,Low,Similar dates,None
INT4565,FT05091,Waste contractor,Low,Waste Pattern,Blank
INT4566,FT11800,Council officer,Medium,Waste Pattern,Blank
INT4567,FT10899,Council officer,Low,Vehicle,None
INT4568,FT07666,Environmental monitoring,High,Waste Pattern,Blank
INT4569,FT00204,CCTV,Medium,Similar dates,None
INT4570,FT03975,Police partner,Medium,Same Location,Blank
INT4571,FT09649,Anonymous report,High,Vehicle,None
INT4572,FT08645,Police partner,High,Same Location,Blank
INT4573,FT09325,CCTV,High,Vehicle,No Registration
INT4574,FT06286,CCTV,Low,Same Location,Blank
INT4575,FT10661,Waste contractor,Medium,Similar dates,None
INT4576,FT16590,CCTV,Medium,Waste Pattern,Blank
INT4577,FT08295,Resident,Medium,Similar dates,None
INT4578,FT19027,Waste contractor,Medium,Waste Pattern,Unknown offender
INT4579,FT12259,Police partner,High,Similar dates,None
INT4580,FT10505,Enforcement officer,High,Similar dates,None
INT4581,FT00946,Anonymous report,Low,Vehicle,No Registration
INT4582,FT19838,Council officer,High,Waste Pattern,Blank
INT4583,FT01566,Resident,Medium,Waste Pattern,Blank
INT4584,FT04582,Enforcement officer,Low,Similar dates,None
INT4585,FT09593,Enforcement officer,Medium,Similar dates,None
INT4586,FT11085,Resident,Medium,Similar dates,None
INT4587,FT06239,Resident,Medium,Vehicle,None
INT4588,FT12842,Police partner,Low,Vehicle,No Registration
INT4589,FT01217,Waste contractor,Low,Waste Pattern,Blank
INT4590,FT02933,Police partner,High,Vehicle,None
INT4591,FT07986,Environmental monitoring,Low,Vehicle,No Registration
INT4592,FT15597,Enforcement officer,Medium,Vehicle,None
INT4593,FT11512,Resident,High,Waste Pattern,Blank
INT4594,FT12287,Police partner,High,Waste Pattern,Unknown offender
INT4595,FT00170,Anonymous report,High,Waste Pattern,Unknown offender
INT4596,FT10708,Council officer,Medium,Waste Pattern,Unknown offender
INT4597,FT02807,Waste contractor,Low,Vehicle,None
INT4598,FT18886,Environmental monitoring,Low,Similar dates,None
INT4599,FT13358,Waste contractor,High,Vehicle,No Registration
INT4600,FT18167,Enforcement officer,High,Waste Pattern,Unknown offender
INT4601,FT03373,Anonymous report,High,Same Location,Blank
INT4602,FT15917,Anonymous report,Medium,Same Location,Blank
INT4603,FT07041,Council officer,High,Waste Pattern,Blank
INT4604,FT19712,Enforcement officer,Medium,Same Location,Blank
INT4605,FT06806,Resident,High,Waste Pattern,Unknown offender
INT4606,FT06112,Police partner,Low,Waste Pattern,Unknown offender
INT4607,FT11521,Council officer,High,Waste Pattern,Blank
INT4608,FT18260,Police partner,High,Vehicle,None
INT4609,FT08852,Police partner,Low,Vehicle,None
INT4610,FT06470,Environmental monitoring,Low,Waste Pattern,Unknown offender
INT4611,FT18535,Resident,Low,Vehicle,None
INT4612,FT00311,Police partner,Medium,Vehicle,None
INT4613,FT12619,Resident,Low,Vehicle,None
INT4614,FT13756,CCTV,High,Waste Pattern,Unknown offender
INT4615,FT12181,Anonymous report,Low,Waste Pattern,Unknown offender
INT4616,FT06560,Police partner,Low,Vehicle,No Registration
INT4617,FT19024,Council officer,Low,Waste Pattern,Unknown offender
INT4618,FT13312,Waste contractor,Medium,Vehicle,None
INT4619,FT18951,Enforcement officer,Low,Waste Pattern,Blank
INT4620,FT16057,CCTV,High,Vehicle,None
INT4621,FT08526,Anonymous report,Low,Similar dates,None
INT4622,FT18263,Enforcement officer,Medium,Similar dates,None
INT4623,FT05390,Anonymous report,High,Vehicle,No Registration
INT4624,FT03649,Waste contractor,Medium,Waste Pattern,Unknown offender
INT4625,FT02918,Waste contractor,Medium,Vehicle,None
INT4626,FT05188,Council officer,Low,Waste Pattern,Unknown offender
INT4627,FT01817,Waste contractor,Low,Vehicle,No Registration
INT4628,FT00400,Council officer,Medium,Vehicle,None
INT4629,FT17490,Resident,High,Similar dates,None
INT4630,FT02640,Council officer,High,Vehicle,No Registration
INT4631,FT05298,Waste contractor,Medium,Vehicle,No Registration
INT4632,FT17252,Council officer,Medium,Waste Pattern,Unknown offender
INT4633,FT14690,Enforcement officer,Medium,Waste Pattern,Blank
INT4634,FT03528,Resident,Medium,Similar dates,None
INT4635,FT06515,CCTV,Low,Vehicle,No Registration
INT4636,FT11683,Council officer,Medium,Similar dates,None
INT4637,FT19120,Resident,High,Waste Pattern,Blank
INT4638,FT00054,Anonymous report,Low,Same Location,Blank
INT4639,FT06682,Environmental monitoring,Medium,Similar dates,None
INT4640,FT14566,Council officer,Medium,Similar dates,None
INT4641,FT14305,Anonymous report,Low,Waste Pattern,Unknown offender
INT4642,FT09573,Council officer,Medium,Vehicle,No Registration
INT4643,FT16311,Environmental monitoring,High,Same Location,Unknown offender
INT4644,FT02046,Resident,High,Vehicle,No Registration
INT4645,FT00125,Environmental monitoring,Low,Same Location,Unknown offender
INT4646,FT13288,Council officer,High,Similar dates,None
INT4647,FT12405,CCTV,Low,Vehicle,No Registration
INT4648,FT14052,Police partner,Low,Vehicle,No Registration
INT4649,FT09506,Resident,Medium,Same Location,Blank
INT4650,FT11691,CCTV,Low,Vehicle,No Registration
INT4651,FT10504,Environmental monitoring,Medium,Waste Pattern,Blank
INT4652,FT08619,Council officer,High,Vehicle,None
INT4653,FT10601,Resident,High,Same Location,Unknown offender
INT4654,FT03598,Police partner,Low,Vehicle,None
INT4655,FT18172,Environmental monitoring,Medium,Waste Pattern,Blank
INT4656,FT07293,Police partner,Medium,Same Location,Unknown offender
INT4657,FT15167,CCTV,Low,Waste Pattern,Unknown offender
INT4658,FT17605,Anonymous report,High,Vehicle,No Registration
INT4659,FT16723,CCTV,High,Same Location,Blank
INT4660,FT11778,Environmental monitoring,High,Waste Pattern,Unknown offender
INT4661,FT09116,Waste contractor,High,Vehicle,No Registration
INT4662,FT18244,Enforcement officer,Medium,Same Location,Unknown offender
INT4663,FT15991,Police partner,Medium,Same Location,Unknown offender
INT4664,FT14641,Police partner,Low,Similar dates,None
INT4665,FT13367,Council officer,High,Vehicle,No Registration
INT4666,FT03163,Council officer,Medium,Same Location,Blank
INT4667,FT01579,Council officer,High,Vehicle,None
INT4668,FT02526,Environmental monitoring,High,Same Location,Blank
INT4669,FT12401,Waste contractor,High,Waste Pattern,Unknown offender
INT4670,FT13646,Anonymous report,Low,Vehicle,None
INT4671,FT17270,Police partner,Low,Waste Pattern,Unknown offender
INT4672,FT04093,Police partner,High,Same Location,Unknown offender
INT4673,FT14318,Police partner,Low,Waste Pattern,Blank
INT4674,FT01206,Police partner,Medium,Waste Pattern,Unknown offender
INT4675,FT12013,Environmental monitoring,High,Vehicle,None
INT4676,FT09949,Resident,Medium,Waste Pattern,Unknown offender
INT4677,FT01552,Council officer,Low,Same Location,Unknown offender
INT4678,FT07201,Environmental monitoring,High,Same Location,Blank
INT4679,FT09901,Anonymous report,Low,Vehicle,None
INT4680,FT09587,CCTV,High,Waste Pattern,Unknown offender
INT4681,FT15225,Waste contractor,Medium,Waste Pattern,Blank
INT4682,FT12849,Council officer,Low,Vehicle,No Registration
INT4683,FT01070,Anonymous report,Medium,Same Location,Unknown offender
INT4684,FT04259,Council officer,High,Vehicle,None
INT4685,FT06816,Environmental monitoring,Low,Similar dates,None
INT4686,FT13666,Environmental monitoring,High,Same Location,Blank
INT4687,FT13111,Police partner,Low,Same Location,Unknown offender
INT4688,FT03064,Council officer,Low,Same Location,Unknown offender
INT4689,FT02379,Council officer,Medium,Vehicle,None
INT4690,FT08768,Anonymous report,High,Similar dates,None
INT4691,FT14933,Council officer,Low,Vehicle,None
INT4692,FT12705,Environmental monitoring,High,Same Location,Unknown offender
INT4693,FT00749,Council officer,Low,Vehicle,None
INT4694,FT02622,Anonymous report,High,Similar dates,None
INT4695,FT17485,Anonymous report,Medium,Vehicle,None
INT4696,FT12437,Council officer,Medium,Waste Pattern,Unknown offender
INT4697,FT14111,CCTV,High,Same Location,Unknown offender
INT4698,FT07817,Council officer,Medium,Same Location,Blank
INT4699,FT15157,Anonymous report,High,Same Location,Unknown offender
INT4700,FT04359,Resident,Medium,Waste Pattern,Unknown offender
INT4701,FT03563,Resident,Low,Vehicle,No Registration
INT4702,FT19461,Police partner,High,Similar dates,None
INT4703,FT18868,CCTV,Low,Waste Pattern,Blank
INT4704,FT18789,Waste contractor,High,Waste Pattern,Blank
INT4705,FT04966,CCTV,High,Similar dates,None
INT4706,FT02409,Resident,Low,Same Location,Blank
INT4707,FT12739,Enforcement officer,High,Similar dates,None
INT4708,FT13044,CCTV,Medium,Vehicle,None
INT4709,FT13149,Resident,Medium,Waste Pattern,Unknown offender
INT4710,FT01979,Council officer,Low,Same Location,Unknown offender
INT4711,FT07658,Council officer,High,Vehicle,None
INT4712,FT14593,Enforcement officer,Low,Waste Pattern,Blank
INT4713,FT02670,Anonymous report,Medium,Vehicle,No Registration
INT4714,FT18745,Waste contractor,Medium,Similar dates,None
INT4715,FT12144,Waste contractor,Medium,Similar dates,None
INT4716,FT16539,Waste contractor,Medium,Vehicle,None
INT4717,FT03892,Waste contractor,Low,Vehicle,None
INT4718,FT01061,Anonymous report,High,Similar dates,None
INT4719,FT16608,Enforcement officer,Low,Similar dates,None
INT4720,FT18965,Resident,Medium,Vehicle,No Registration
INT4721,FT10332,Enforcement officer,Low,Waste Pattern,Unknown offender
INT4722,FT19498,Resident,Low,Same Location,Unknown offender
INT4723,FT15253,Enforcement officer,High,Same Location,Unknown offender
INT4724,FT02160,CCTV,Low,Similar dates,None
INT4725,FT12618,Council officer,Low,Waste Pattern,Unknown offender
INT4726,FT00545,Waste contractor,Medium,Similar dates,None
INT4727,FT11900,Police partner,Medium,Vehicle,None
INT4728,FT19899,Council officer,High,Similar dates,None
INT4729,FT00251,Anonymous report,Medium,Similar dates,None
INT4730,FT12210,Enforcement officer,Medium,Similar dates,None
INT4731,FT12955,Anonymous report,Medium,Similar dates,None
INT4732,FT11436,Environmental monitoring,High,Waste Pattern,Unknown offender
INT4733,FT05980,Anonymous report,High,Same Location,Unknown offender
INT4734,FT05044,Police partner,Low,Same Location,Blank
INT4735,FT14285,Council officer,Medium,Waste Pattern,Unknown offender
INT4736,FT18606,Council officer,High,Similar dates,None
INT4737,FT03385,Police partner,High,Waste Pattern,Unknown offender
INT4738,FT00995,Anonymous report,Low,Same Location,Unknown offender
INT4739,FT03707,Environmental monitoring,High,Vehicle,No Registration
INT4740,FT08545,Resident,High,Similar dates,None
INT4741,FT00794,Waste contractor,Low,Similar dates,None
INT4742,FT16123,Anonymous report,High,Similar dates,None
INT4743,FT03107,Anonymous report,Medium,Similar dates,None
INT4744,FT05241,CCTV,Low,Waste Pattern,Unknown offender
INT4745,FT19351,Anonymous report,High,Similar dates,None
INT4746,FT05647,Environmental monitoring,Low,Same Location,Unknown offender
INT4747,FT17758,Waste contractor,Low,Similar dates,None
INT4748,FT13020,Police partner,Low,Vehicle,No Registration
INT4749,FT06903,Waste contractor,Low,Waste Pattern,Blank
INT4750,FT02082,Environmental monitoring,Medium,Similar dates,None
INT4751,FT13944,Environmental monitoring,High,Waste Pattern,Unknown offender
INT4752,FT10805,Resident,Low,Same Location,Unknown offender
INT4753,FT13385,CCTV,Low,Same Location,Blank
INT4754,FT03543,Waste contractor,High,Same Location,Unknown offender
INT4755,FT07026,Police partner,Medium,Waste Pattern,Blank
INT4756,FT04784,Environmental monitoring,Low,Similar dates,None
INT4757,FT13658,Council officer,High,Waste Pattern,Blank
INT4758,FT02642,Waste contractor,Medium,Vehicle,No Registration
INT4759,FT19749,Anonymous report,Low,Waste Pattern,Blank
INT4760,FT19430,Anonymous report,High,Similar dates,None
INT4761,FT17503,Council officer,Medium,Vehicle,No Registration
INT4762,FT11647,Waste contractor,Medium,Similar dates,None
INT4763,FT04142,CCTV,High,Waste Pattern,Blank
INT4764,FT03066,Enforcement officer,Medium,Same Location,Unknown offender
INT4765,FT00185,Police partner,Low,Similar dates,None
INT4766,FT18090,Enforcement officer,Medium,Similar dates,None
INT4767,FT08749,Resident,High,Vehicle,No Registration
INT4768,FT07438,CCTV,Low,Same Location,Blank
INT4769,FT13252,Enforcement officer,Low,Similar dates,None
INT4770,FT12741,Anonymous report,High,Waste Pattern,Blank
INT4771,FT13012,Police partner,Medium,Vehicle,None
INT4772,FT07020,Police partner,High,Similar dates,None
INT4773,FT12939,Anonymous report,High,Vehicle,None
INT4774,FT04175,Council officer,High,Vehicle,No Registration
INT4775,FT08160,Environmental monitoring,Low,Same Location,Blank
INT4776,FT19258,Council officer,Low,Waste Pattern,Blank
INT4777,FT14724,Waste contractor,Medium,Vehicle,No Registration
INT4778,FT10576,Waste contractor,Medium,Same Location,Blank
INT4779,FT18681,CCTV,High,Same Location,Blank
INT4780,FT08389,Council officer,Low,Same Location,Blank
INT4781,FT01527,Anonymous report,High,Similar dates,None
INT4782,FT13956,Council officer,Low,Vehicle,No Registration
INT4783,FT18649,Council officer,Medium,Same Location,Unknown offender
INT4784,FT15522,Enforcement officer,Medium,Waste Pattern,Blank
INT4785,FT10635,Anonymous report,High,Vehicle,None
INT4786,FT00442,Environmental monitoring,Medium,Vehicle,No Registration
INT4787,FT13156,Council officer,High,Waste Pattern,Unknown offender
INT4788,FT01900,Resident,High,Similar dates,None
INT4789,FT04827,Environmental monitoring,Low,Same Location,Blank
INT4790,FT07988,Anonymous report,High,Similar dates,None
INT4791,FT03916,Anonymous report,High,Waste Pattern,Blank
INT4792,FT19307,CCTV,High,Similar dates,None
INT4793,FT01382,Waste contractor,High,Similar dates,None
INT4794,FT04480,Environmental monitoring,Medium,Waste Pattern,Unknown offender
INT4795,FT06590,Council officer,Medium,Waste Pattern,Unknown offender
INT4796,FT14815,Anonymous report,High,Similar dates,None
INT4797,FT16362,Anonymous report,Low,Vehicle,None
INT4798,FT08245,Waste contractor,High,Vehicle,No Registration
INT4799,FT05562,Police partner,Low,Similar dates,None
INT4800,FT04516,Anonymous report,Medium,Same Location,Unknown offender
INT4801,FT09533,Enforcement officer,Medium,Similar dates,None
INT4802,FT02364,Resident,High,Similar dates,None
INT4803,FT13585,Anonymous report,Medium,Same Location,Unknown offender
INT4804,FT05990,Resident,Medium,Similar dates,None
INT4805,FT00141,Police partner,High,Same Location,Blank
INT4806,FT06818,Council officer,High,Same Location,Unknown offender
INT4807,FT15349,Enforcement officer,High,Same Location,Blank
INT4808,FT05631,Waste contractor,Low,Similar dates,None
INT4809,FT14913,Environmental monitoring,Medium,Similar dates,None
INT4810,FT01079,Resident,Medium,Same Location,Blank
INT4811,FT01827,Anonymous report,Medium,Waste Pattern,Blank
INT4812,FT03176,Council officer,Medium,Vehicle,None
INT4813,FT07811,Waste contractor,Medium,Similar dates,None
INT4814,FT14052,Police partner,Medium,Same Location,Blank
INT4815,FT09867,Resident,Low,Waste Pattern,Unknown offender
INT4816,FT11234,Waste contractor,High,Vehicle,No Registration
INT4817,FT07525,Waste contractor,Low,Vehicle,No Registration
INT4818,FT00732,Council officer,Low,Same Location,Unknown offender
INT4819,FT12202,Anonymous report,Medium,Waste Pattern,Unknown offender
INT4820,FT05391,Environmental monitoring,High,Waste Pattern,Unknown offender
INT4821,FT17299,CCTV,Medium,Similar dates,None
INT4822,FT02505,Police partner,Medium,Similar dates,None
INT4823,FT11906,Police partner,Low,Same Location,Blank
INT4824,FT05006,Enforcement officer,Low,Similar dates,None
INT4825,FT14367,Council officer,High,Waste Pattern,Blank
INT4826,FT13649,Environmental monitoring,Medium,Vehicle,No Registration
INT4827,FT11793,Anonymous report,Medium,Same Location,Unknown offender
INT4828,FT12508,Council officer,High,Same Location,Unknown offender
INT4829,FT16982,Anonymous report,High,Same Location,Blank
INT4830,FT14664,CCTV,High,Waste Pattern,Blank
INT4831,FT06728,Council officer,Low,Similar dates,None
INT4832,FT17554,Waste contractor,High,Waste Pattern,Blank
INT4833,FT04101,Police partner,Low,Waste Pattern,Unknown offender
INT4834,FT16657,Police partner,Medium,Same Location,Unknown offender
INT4835,FT10259,Police partner,Low,Same Location,Unknown offender
INT4836,FT03997,Waste contractor,Low,Same Location,Blank
INT4837,FT15568,CCTV,High,Similar dates,None
INT4838,FT06520,Environmental monitoring,Medium,Same Location,Blank
INT4839,FT10803,Police partner,High,Same Location,Blank
INT4840,FT02296,CCTV,Low,Similar dates,None
INT4841,FT03637,CCTV,High,Vehicle,No Registration
INT4842,FT14010,Waste contractor,Low,Waste Pattern,Blank
INT4843,FT03316,Waste contractor,Low,Similar dates,None
INT4844,FT03147,CCTV,Medium,Similar dates,None
INT4845,FT06453,Council officer,Medium,Vehicle,No Registration
INT4846,FT04583,Environmental monitoring,Low,Waste Pattern,Blank
INT4847,FT07614,CCTV,Medium,Similar dates,None
INT4848,FT18590,Police partner,Medium,Similar dates,None
INT4849,FT18600,CCTV,Medium,Waste Pattern,Unknown offender
INT4850,FT12151,Anonymous report,Low,Same Location,Blank
INT4851,FT19675,Resident,Medium,Similar dates,None
INT4852,FT11297,Police partner,Medium,Waste Pattern,Unknown offender
INT4853,FT04250,Council officer,High,Vehicle,No Registration
INT4854,FT07844,Environmental monitoring,High,Waste Pattern,Blank
INT4855,FT09217,Council officer,Low,Similar dates,None
INT4856,FT18758,Waste contractor,Low,Similar dates,None
INT4857,FT10270,Anonymous report,Medium,Vehicle,None
INT4858,FT02061,Waste contractor,High,Waste Pattern,Blank
INT4859,FT02902,Enforcement officer,High,Same Location,Unknown offender
INT4860,FT06508,Environmental monitoring,Low,Waste Pattern,Blank
INT4861,FT14727,Council officer,High,Similar dates,None
INT4862,FT13584,Council officer,High,Similar dates,None
INT4863,FT16365,CCTV,High,Similar dates,None
INT4864,FT14639,Police partner,High,Similar dates,None
INT4865,FT09747,Anonymous report,High,Similar dates,None
INT4866,FT15510,Enforcement officer,High,Same Location,Unknown offender
INT4867,FT13198,Anonymous report,High,Waste Pattern,Blank
INT4868,FT00244,Council officer,Medium,Same Location,Blank
INT4869,FT15545,Council officer,Medium,Vehicle,None
INT4870,FT19400,Council officer,Medium,Vehicle,None
INT4871,FT01499,Council officer,High,Same Location,Unknown offender
INT4872,FT10371,Council officer,Medium,Similar dates,None
INT4873,FT13918,Environmental monitoring,High,Vehicle,None
INT4874,FT01341,Waste contractor,Low,Waste Pattern,Unknown offender
INT4875,FT15898,Council officer,High,Vehicle,No Registration
INT4876,FT19190,Police partner,Medium,Waste Pattern,Blank
INT4877,FT19083,CCTV,High,Waste Pattern,Blank
INT4878,FT01830,Anonymous report,Low,Same Location,Blank
INT4879,FT14102,Anonymous report,High,Vehicle,None
INT4880,FT12334,Council officer,Medium,Waste Pattern,Unknown offender
INT4881,FT07323,Enforcement officer,Medium,Same Location,Blank
INT4882,FT01869,Police partner,Medium,Similar dates,None
INT4883,FT03934,Environmental monitoring,Low,Vehicle,None
INT4884,FT03271,Police partner,Low,Waste Pattern,Blank
INT4885,FT10920,Council officer,Medium,Waste Pattern,Blank
INT4886,FT00232,Waste contractor,Medium,Similar dates,None
INT4887,FT09509,Enforcement officer,Low,Vehicle,None
INT4888,FT06051,Anonymous report,Low,Same Location,Unknown offender
INT4889,FT01855,Council officer,Low,Waste Pattern,Blank
INT4890,FT09782,Anonymous report,Low,Similar dates,None
INT4891,FT15122,Anonymous report,Low,Vehicle,No Registration
INT4892,FT02637,Police partner,High,Similar dates,None
INT4893,FT09212,Environmental monitoring,Medium,Waste Pattern,Unknown offender
INT4894,FT19639,CCTV,Low,Similar dates,None
INT4895,FT06057,Environmental monitoring,Medium,Waste Pattern,Unknown offender
INT4896,FT12431,Environmental monitoring,Medium,Vehicle,No Registration
INT4897,FT08968,Environmental monitoring,Medium,Waste Pattern,Unknown offender
INT4898,FT15705,Resident,Medium,Waste Pattern,Unknown offender
INT4899,FT02502,Anonymous report,Medium,Waste Pattern,Unknown offender
INT4900,FT07970,Waste contractor,Low,Similar dates,None
INT4901,FT08626,Resident,High,Waste Pattern,Unknown offender
INT4902,FT13644,Police partner,Medium,Vehicle,None
INT4903,FT00162,Anonymous report,Medium,Similar dates,None
INT4904,FT13951,Anonymous report,High,Same Location,Blank
INT4905,FT12147,Environmental monitoring,High,Vehicle,None
INT4906,FT12782,Resident,Medium,Similar dates,None
INT4907,FT00598,Resident,Medium,Same Location,Blank
INT4908,FT12674,Enforcement officer,Medium,Same Location,Unknown offender
INT4909,FT14680,Waste contractor,Medium,Waste Pattern,Unknown offender
INT4910,FT10811,Enforcement officer,High,Same Location,Unknown offender
INT4911,FT04639,Council officer,High,Same Location,Unknown offender
INT4912,FT00794,Council officer,High,Waste Pattern,Unknown offender
INT4913,FT17350,Resident,Low,Vehicle,No Registration
INT4914,FT16199,Environmental monitoring,Low,Similar dates,None
INT4915,FT10897,Anonymous report,Low,Vehicle,No Registration
INT4916,FT05269,CCTV,High,Vehicle,No Registration
INT4917,FT16060,Anonymous report,Low,Same Location,Unknown offender
INT4918,FT00447,Police partner,Low,Similar dates,None
INT4919,FT11981,CCTV,High,Vehicle,No Registration
INT4920,FT04806,Council officer,Medium,Vehicle,None
INT4921,FT18825,CCTV,Low,Waste Pattern,Unknown offender
INT4922,FT16799,Waste contractor,Medium,Similar dates,None
INT4923,FT03488,Enforcement officer,Medium,Same Location,Unknown offender
INT4924,FT10016,Resident,Low,Waste Pattern,Unknown offender
INT4925,FT19407,Resident,High,Same Location,Unknown offender
INT4926,FT00737,Police partner,High,Waste Pattern,Unknown offender
INT4927,FT14169,Police partner,Medium,Vehicle,None
INT4928,FT18922,Resident,Low,Similar dates,None
INT4929,FT09133,Environmental monitoring,Medium,Waste Pattern,Unknown offender
INT4930,FT18206,Waste contractor,Low,Waste Pattern,Blank
INT4931,FT01923,Police partner,Medium,Same Location,Blank
INT4932,FT07124,Council officer,Medium,Vehicle,No Registration
INT4933,FT01398,Police partner,Medium,Waste Pattern,Blank
INT4934,FT12733,Police partner,High,Same Location,Unknown offender
INT4935,FT10656,Enforcement officer,Medium,Similar dates,None
INT4936,FT07926,CCTV,High,Same Location,Unknown offender
INT4937,FT07496,Police partner,High,Same Location,Blank
INT4938,FT06715,Council officer,High,Vehicle,None
INT4939,FT02456,Environmental monitoring,High,Waste Pattern,Unknown offender
INT4940,FT07180,Waste contractor,Low,Same Location,Unknown offender
INT4941,FT05731,Council officer,High,Vehicle,No Registration
INT4942,FT12413,Anonymous report,Low,Similar dates,None
INT4943,FT09237,Environmental monitoring,High,Vehicle,None
INT4944,FT11710,Environmental monitoring,High,Waste Pattern,Unknown offender
INT4945,FT03764,Council officer,High,Waste Pattern,Unknown offender
INT4946,FT00549,Anonymous report,High,Vehicle,None
INT4947,FT05472,CCTV,High,Waste Pattern,Unknown offender
INT4948,FT07859,Environmental monitoring,Medium,Similar dates,None
INT4949,FT02641,Anonymous report,High,Similar dates,None
INT4950,FT07861,Police partner,High,Vehicle,None
INT4951,FT18933,Police partner,Medium,Same Location,Blank
INT4952,FT15350,Anonymous report,Medium,Similar dates,None
INT4953,FT14187,Enforcement officer,High,Waste Pattern,Blank
INT4954,FT01407,Enforcement officer,Low,Similar dates,None
INT4955,FT05620,Police partner,Medium,Waste Pattern,Blank
INT4956,FT04590,Resident,Medium,Vehicle,None
INT4957,FT14564,Enforcement officer,Low,Similar dates,None
INT4958,FT01534,Waste contractor,Low,Waste Pattern,Unknown offender
INT4959,FT08941,Waste contractor,Medium,Same Location,Blank
INT4960,FT19753,Resident,Low,Vehicle,No Registration
INT4961,FT02872,Waste contractor,Low,Waste Pattern,Blank
INT4962,FT08968,Council officer,Medium,Vehicle,None
INT4963,FT16193,Resident,High,Vehicle,None
INT4964,FT08151,Police partner,Low,Vehicle,No Registration
INT4965,FT11523,Enforcement officer,Low,Same Location,Unknown offender
INT4966,FT19475,CCTV,Medium,Vehicle,None
INT4967,FT17719,Waste contractor,High,Waste Pattern,Unknown offender
INT4968,FT04637,Enforcement officer,Low,Waste Pattern,Unknown offender
INT4969,FT18953,Police partner,Medium,Same Location,Unknown offender
INT4970,FT08619,Resident,High,Same Location,Unknown offender
INT4971,FT06694,Anonymous report,Medium,Same Location,Unknown offender
INT4972,FT17846,Resident,Low,Same Location,Unknown offender
INT4973,FT18111,Council officer,High,Same Location,Unknown offender
INT4974,FT05962,CCTV,Low,Waste Pattern,Unknown offender
INT4975,FT17102,Police partner,Medium,Vehicle,No Registration
INT4976,FT15861,Police partner,High,Vehicle,No Registration
INT4977,FT08100,Enforcement officer,Low,Waste Pattern,Unknown offender
INT4978,FT19057,CCTV,High,Vehicle,None
INT4979,FT00135,CCTV,Low,Same Location,Unknown offender
INT4980,FT06111,Police partner,Low,Similar dates,None
INT4981,FT08490,Council officer,Low,Vehicle,None
INT4982,FT16573,CCTV,High,Same Location,Unknown offender
INT4983,FT16285,CCTV,Medium,Same Location,Blank
INT4984,FT04799,Environmental monitoring,High,Waste Pattern,Blank
INT4985,FT17206,Waste contractor,High,Vehicle,No Registration
INT4986,FT00791,Council officer,Low,Waste Pattern,Unknown offender
INT4987,FT01603,Resident,Medium,Waste Pattern,Blank
INT4988,FT18851,Environmental monitoring,High,Waste Pattern,Blank
INT4989,FT12827,CCTV,Medium,Vehicle,No Registration
INT4990,FT02664,Environmental monitoring,Low,Vehicle,None
INT4991,FT09179,Resident,High,Similar dates,None
INT4992,FT16987,Anonymous report,High,Waste Pattern,Blank
INT4993,FT05112,Council officer,Medium,Similar dates,None
INT4994,FT07365,Waste contractor,Low,Vehicle,None
INT4995,FT18533,Environmental monitoring,Low,Similar dates,None
INT4996,FT06917,Resident,Medium,Similar dates,None
INT4997,FT10635,Environmental monitoring,Medium,Waste Pattern,Blank
INT4998,FT10688,Resident,Medium,Similar dates,None
INT4999,FT16675,Enforcement officer,High,Similar dates,None
INT5000,FT19317,Waste contractor,Low,Similar dates,None
INT5001,FT10226,Enforcement officer,High,Similar dates,None
INT5002,FT06024,Police partner,High,Same Location,Blank
INT5003,FT13650,Council officer,Low,Same Location,Unknown offender
INT5004,FT02802,Waste contractor,Low,Similar dates,None
INT5005,FT02203,Resident,High,Waste Pattern,Unknown offender
INT5006,FT12355,CCTV,Medium,Vehicle,None
INT5007,FT11706,Anonymous report,Low,Vehicle,None
INT5008,FT16053,Enforcement officer,High,Waste Pattern,Blank
INT5009,FT07363,Anonymous report,Low,Waste Pattern,Blank
INT5010,FT12211,Waste contractor,High,Same Location,Blank
INT5011,FT07364,Enforcement officer,Low,Vehicle,No Registration
INT5012,FT13796,CCTV,Low,Waste Pattern,Blank
INT5013,FT08973,Police partner,High,Waste Pattern,Blank
INT5014,FT19746,Environmental monitoring,Medium,Waste Pattern,Blank
INT5015,FT05082,Council officer,Low,Same Location,Unknown offender
INT5016,FT01899,Resident,High,Vehicle,No Registration
INT5017,FT06534,Police partner,High,Same Location,Unknown offender
INT5018,FT14040,Waste contractor,Medium,Same Location,Blank
INT5019,FT18341,CCTV,Low,Same Location,Blank
INT5020,FT15421,Environmental monitoring,High,Same Location,Unknown offender
INT5021,FT03938,Environmental monitoring,Low,Waste Pattern,Unknown offender
INT5022,FT17449,Resident,Medium,Similar dates,None
INT5023,FT16563,Council officer,Low,Same Location,Unknown offender
INT5024,FT02597,Council officer,High,Waste Pattern,Unknown offender
INT5025,FT18414,Enforcement officer,Low,Vehicle,No Registration
INT5026,FT15912,Police partner,Low,Vehicle,No Registration
INT5027,FT15784,Council officer,Low,Waste Pattern,Unknown offender
INT5028,FT08749,Environmental monitoring,Medium,Same Location,Unknown offender
INT5029,FT18608,Police partner,Medium,Same Location,Unknown offender
INT5030,FT01566,Anonymous report,Low,Waste Pattern,Unknown offender
INT5031,FT19929,Police partner,High,Same Location,Blank
INT5032,FT07336,Council officer,Low,Same Location,Unknown offender
INT5033,FT11815,Council officer,Low,Similar dates,None
INT5034,FT00286,Waste contractor,Medium,Same Location,Blank
INT5035,FT06563,CCTV,Medium,Same Location,Unknown offender
INT5036,FT10660,Resident,Medium,Vehicle,None
INT5037,FT06816,Environmental monitoring,Medium,Vehicle,None
INT5038,FT09278,CCTV,High,Waste Pattern,Unknown offender
INT5039,FT12828,Resident,Low,Vehicle,None
INT5040,FT01074,Waste contractor,Medium,Similar dates,None
INT5041,FT07125,Anonymous report,Medium,Same Location,Blank
INT5042,FT01921,Waste contractor,Low,Similar dates,None
INT5043,FT13787,Environmental monitoring,High,Same Location,Unknown offender
INT5044,FT03349,Enforcement officer,Low,Similar dates,None
INT5045,FT10640,Police partner,Low,Vehicle,No Registration
INT5046,FT15605,Police partner,Low,Same Location,Unknown offender
INT5047,FT08850,Resident,Low,Vehicle,No Registration
INT5048,FT09307,Resident,High,Same Location,Blank
INT5049,FT15280,CCTV,Medium,Same Location,Blank
INT5050,FT19403,Waste contractor,High,Vehicle,No Registration
INT5051,FT08282,Resident,Low,Similar dates,None
INT5052,FT19618,Resident,Low,Vehicle,None
INT5053,FT00902,Waste contractor,High,Vehicle,No Registration
INT5054,FT10889,Environmental monitoring,Low,Vehicle,No Registration
INT5055,FT12434,Environmental monitoring,High,Vehicle,No Registration
INT5056,FT04844,Anonymous report,Low,Waste Pattern,Unknown offender
INT5057,FT16880,CCTV,High,Same Location,Blank
INT5058,FT05932,Enforcement officer,Low,Waste Pattern,Blank
INT5059,FT02833,CCTV,Medium,Similar dates,None
INT5060,FT00261,Council officer,Medium,Same Location,Blank
INT5061,FT13530,CCTV,Medium,Similar dates,None
INT5062,FT17959,Resident,High,Similar dates,None
INT5063,FT08540,Resident,Medium,Similar dates,None
INT5064,FT17306,Council officer,Medium,Waste Pattern,Blank
INT5065,FT05634,Environmental monitoring,Medium,Same Location,Unknown offender
INT5066,FT17447,Environmental monitoring,Medium,Waste Pattern,Unknown offender
INT5067,FT01947,Environmental monitoring,Medium,Same Location,Unknown offender
INT5068,FT14648,Anonymous report,High,Same Location,Blank
INT5069,FT15033,Anonymous report,High,Vehicle,None
INT5070,FT05858,Enforcement officer,Medium,Waste Pattern,Unknown offender
INT5071,FT11749,Waste contractor,Low,Vehicle,None
INT5072,FT09223,Police partner,Low,Similar dates,None
INT5073,FT11931,Resident,Medium,Similar dates,None
INT5074,FT13482,Enforcement officer,Medium,Waste Pattern,Unknown offender
INT5075,FT02226,Council officer,High,Waste Pattern,Unknown offender
INT5076,FT06243,CCTV,High,Similar dates,None
INT5077,FT12587,Environmental monitoring,High,Similar dates,None
INT5078,FT01612,Police partner,High,Similar dates,None
INT5079,FT14241,Resident,High,Similar dates,None
INT5080,FT14069,Anonymous report,High,Similar dates,None
INT5081,FT02947,Anonymous report,Low,Vehicle,None
INT5082,FT12950,Enforcement officer,Medium,Waste Pattern,Blank
INT5083,FT01543,Resident,Low,Vehicle,None
INT5084,FT16955,Environmental monitoring,Medium,Waste Pattern,Unknown offender
INT5085,FT04446,Resident,High,Same Location,Unknown offender
INT5086,FT13841,Anonymous report,Low,Similar dates,None
INT5087,FT06899,Environmental monitoring,Medium,Vehicle,None
INT5088,FT18739,Police partner,High,Same Location,Blank
INT5089,FT06724,Environmental monitoring,Medium,Similar dates,None
INT5090,FT15614,Waste contractor,Low,Vehicle,No Registration
INT5091,FT19356,Council officer,Low,Same Location,Blank
INT5092,FT08382,Enforcement officer,Low,Similar dates,None
INT5093,FT13026,Environmental monitoring,Low,Vehicle,None
INT5094,FT17066,Anonymous report,High,Similar dates,None
INT5095,FT13475,Council officer,Medium,Similar dates,None
INT5096,FT15832,Resident,Low,Similar dates,None
INT5097,FT01561,Enforcement officer,Medium,Vehicle,None
INT5098,FT16078,Anonymous report,Medium,Vehicle,None
INT5099,FT10346,Council officer,Medium,Waste Pattern,Unknown offender
INT5100,FT19740,Resident,Low,Vehicle,No Registration
INT5101,FT11249,Anonymous report,Medium,Vehicle,None
INT5102,FT16018,Police partner,Medium,Same Location,Unknown offender
INT5103,FT06691,Waste contractor,High,Waste Pattern,Blank
INT5104,FT15992,Environmental monitoring,High,Waste Pattern,Blank
INT5105,FT12099,Anonymous report,High,Same Location,Blank
INT5106,FT06098,Waste contractor,High,Waste Pattern,Unknown offender
INT5107,FT11970,Enforcement officer,High,Waste Pattern,Blank
INT5108,FT14887,Waste contractor,High,Similar dates,None
INT5109,FT13752,Resident,High,Similar dates,None
INT5110,FT19796,CCTV,Low,Same Location,Unknown offender
INT5111,FT01051,Anonymous report,Low,Waste Pattern,Unknown offender
INT5112,FT15495,Enforcement officer,High,Similar dates,None
INT5113,FT14749,Council officer,Low,Waste Pattern,Blank
INT5114,FT02713,Waste contractor,High,Similar dates,None
INT5115,FT08266,CCTV,High,Same Location,Unknown offender
INT5116,FT10932,Council officer,Medium,Similar dates,None
INT5117,FT17555,Enforcement officer,High,Same Location,Blank
INT5118,FT18978,Council officer,Medium,Waste Pattern,Blank
INT5119,FT02002,Resident,Medium,Similar dates,None
INT5120,FT10628,CCTV,Medium,Similar dates,None
INT5121,FT18448,CCTV,High,Similar dates,None
INT5122,FT16456,Council officer,Low,Same Location,Unknown offender
INT5123,FT06282,Enforcement officer,Low,Waste Pattern,Blank
INT5124,FT00492,Anonymous report,Medium,Same Location,Unknown offender
INT5125,FT13395,Environmental monitoring,High,Similar dates,None
INT5126,FT12049,Council officer,Medium,Similar dates,None
INT5127,FT18937,Enforcement officer,Medium,Vehicle,No Registration
INT5128,FT10861,Environmental monitoring,High,Similar dates,None
INT5129,FT03322,Council officer,Medium,Vehicle,No Registration
INT5130,FT05809,CCTV,Medium,Vehicle,None
INT5131,FT09739,Anonymous report,Medium,Vehicle,No Registration
INT5132,FT14190,Enforcement officer,Low,Waste Pattern,Blank
INT5133,FT12137,Waste contractor,High,Vehicle,None
INT5134,FT08037,Police partner,Medium,Waste Pattern,Blank
INT5135,FT02677,Council officer,Low,Waste Pattern,Blank
INT5136,FT16061,Waste contractor,Medium,Same Location,Blank
INT5137,FT01412,Waste contractor,High,Same Location,Unknown offender
INT5138,FT06362,Resident,High,Waste Pattern,Blank
INT5139,FT05245,Waste contractor,Medium,Waste Pattern,Unknown offender
INT5140,FT00166,Enforcement officer,Low,Similar dates,None
INT5141,FT03398,Council officer,Medium,Similar dates,None
INT5142,FT11552,Anonymous report,High,Same Location,Unknown offender
INT5143,FT19255,Waste contractor,Low,Same Location,Blank
INT5144,FT05556,Police partner,Low,Waste Pattern,Unknown offender
INT5145,FT16997,Anonymous report,Medium,Similar dates,None
INT5146,FT05738,Enforcement officer,Low,Waste Pattern,Unknown offender
INT5147,FT05356,Waste contractor,Low,Same Location,Blank
INT5148,FT13459,Police partner,Low,Waste Pattern,Blank
INT5149,FT07230,CCTV,Medium,Vehicle,No Registration
INT5150,FT15318,Environmental monitoring,Medium,Same Location,Unknown offender
INT5151,FT15768,Anonymous report,Low,Similar dates,None
INT5152,FT14533,Resident,Low,Vehicle,No Registration
INT5153,FT15740,Resident,Low,Vehicle,None
INT5154,FT10066,Enforcement officer,Medium,Waste Pattern,Unknown offender
INT5155,FT04238,Anonymous report,Low,Same Location,Blank
INT5156,FT10923,Environmental monitoring,Low,Vehicle,None
INT5157,FT16905,Environmental monitoring,High,Same Location,Blank
INT5158,FT14215,Environmental monitoring,Medium,Same Location,Blank
INT5159,FT00909,Waste contractor,Medium,Same Location,Blank
INT5160,FT09071,Police partner,Low,Waste Pattern,Blank
INT5161,FT13549,Council officer,Medium,Similar dates,None
INT5162,FT06871,Waste contractor,Low,Vehicle,No Registration
INT5163,FT03732,Enforcement officer,Medium,Waste Pattern,Unknown offender
INT5164,FT03861,Enforcement officer,Low,Waste Pattern,Blank
INT5165,FT19938,CCTV,High,Similar dates,None
INT5166,FT19270,Waste contractor,Medium,Same Location,Unknown offender
INT5167,FT07282,Enforcement officer,Low,Waste Pattern,Unknown offender
INT5168,FT10850,CCTV,Medium,Waste Pattern,Unknown offender
INT5169,FT15545,Council officer,Medium,Same Location,Unknown offender
INT5170,FT15379,Police partner,High,Waste Pattern,Unknown offender
INT5171,FT13873,CCTV,Low,Same Location,Blank
INT5172,FT16509,Anonymous report,High,Waste Pattern,Unknown offender
INT5173,FT13315,CCTV,High,Same Location,Unknown offender
INT5174,FT06034,CCTV,Medium,Vehicle,None
INT5175,FT11904,CCTV,Medium,Waste Pattern,Blank
INT5176,FT14642,Anonymous report,Medium,Vehicle,No Registration
INT5177,FT19019,Police partner,Medium,Vehicle,None
INT5178,FT01483,CCTV,Medium,Vehicle,None
INT5179,FT07154,Enforcement officer,Low,Vehicle,None
INT5180,FT00612,Resident,High,Vehicle,None
INT5181,FT04567,Waste contractor,Medium,Same Location,Blank
INT5182,FT12768,Resident,High,Same Location,Unknown offender
INT5183,FT18877,CCTV,High,Same Location,Blank
INT5184,FT11157,Enforcement officer,High,Vehicle,No Registration
INT5185,FT17946,Council officer,Medium,Waste Pattern,Blank
INT5186,FT07710,Police partner,Medium,Waste Pattern,Unknown offender
INT5187,FT03862,Anonymous report,Medium,Similar dates,None
INT5188,FT17247,Environmental monitoring,Medium,Waste Pattern,Blank
INT5189,FT16931,Anonymous report,High,Vehicle,No Registration
INT5190,FT14244,Council officer,Low,Vehicle,No Registration
INT5191,FT08246,Waste contractor,Low,Waste Pattern,Unknown offender
INT5192,FT14231,Resident,High,Same Location,Blank
INT5193,FT12737,Council officer,Medium,Same Location,Blank
INT5194,FT18853,Resident,High,Same Location,Blank
INT5195,FT16387,CCTV,Medium,Same Location,Blank
INT5196,FT09753,Resident,Low,Waste Pattern,Unknown offender
INT5197,FT08157,Police partner,High,Similar dates,None
INT5198,FT16317,Resident,Low,Waste Pattern,Unknown offender
INT5199,FT10191,Resident,Medium,Waste Pattern,Blank
INT5200,FT03517,Police partner,High,Same Location,Blank
INT5201,FT12289,Resident,Low,Same Location,Blank
INT5202,FT17094,Anonymous report,Medium,Waste Pattern,Blank
INT5203,FT06606,Resident,High,Waste Pattern,Unknown offender
INT5204,FT07408,Environmental monitoring,Low,Waste Pattern,Unknown offender
INT5205,FT10307,Enforcement officer,Low,Vehicle,None
INT5206,FT10152,Anonymous report,High,Waste Pattern,Blank
INT5207,FT16437,Police partner,Low,Same Location,Blank
INT5208,FT09252,Anonymous report,Low,Same Location,Blank
INT5209,FT03275,CCTV,Medium,Similar dates,None
INT5210,FT16008,Police partner,High,Same Location,Blank
INT5211,FT17282,Waste contractor,Low,Same Location,Unknown offender
INT5212,FT08392,Enforcement officer,Medium,Similar dates,None
INT5213,FT16099,Council officer,High,Similar dates,None
INT5214,FT15067,Waste contractor,Medium,Similar dates,None
INT5215,FT16894,Enforcement officer,Low,Similar dates,None
INT5216,FT06448,CCTV,Low,Waste Pattern,Blank
INT5217,FT15710,CCTV,Low,Vehicle,None
INT5218,FT08519,Environmental monitoring,Medium,Vehicle,None
INT5219,FT11267,Council officer,Low,Same Location,Unknown offender
INT5220,FT06971,CCTV,Medium,Similar dates,None
INT5221,FT08682,Environmental monitoring,High,Similar dates,None
INT5222,FT02950,Enforcement officer,Medium,Vehicle,No Registration
INT5223,FT00277,Environmental monitoring,Low,Vehicle,None
INT5224,FT05132,Police partner,Medium,Waste Pattern,Unknown offender
INT5225,FT11261,Environmental monitoring,High,Vehicle,None
INT5226,FT13472,Waste contractor,High,Vehicle,None
INT5227,FT12327,Anonymous report,Medium,Same Location,Unknown offender
INT5228,FT17096,Environmental monitoring,High,Vehicle,None
INT5229,FT10219,Environmental monitoring,Low,Vehicle,None
INT5230,FT01286,Police partner,Medium,Similar dates,None
INT5231,FT04735,Resident,Low,Waste Pattern,Unknown offender
INT5232,FT19337,Waste contractor,Low,Waste Pattern,Blank
INT5233,FT06356,Environmental monitoring,Medium,Vehicle,No Registration
INT5234,FT13383,Enforcement officer,Low,Waste Pattern,Blank
INT5235,FT10991,Anonymous report,Medium,Vehicle,None
INT5236,FT06653,CCTV,High,Similar dates,None
INT5237,FT11675,Police partner,High,Similar dates,None
INT5238,FT00838,Council officer,Medium,Waste Pattern,Unknown offender
INT5239,FT01152,Anonymous report,Low,Waste Pattern,Blank
INT5240,FT09810,Waste contractor,Low,Vehicle,None
INT5241,FT16655,CCTV,Medium,Vehicle,None
INT5242,FT02087,Police partner,Low,Vehicle,No Registration
INT5243,FT13548,CCTV,High,Waste Pattern,Blank
INT5244,FT11260,Enforcement officer,Medium,Waste Pattern,Blank
INT5245,FT17481,Resident,Medium,Similar dates,None
INT5246,FT14821,Council officer,Low,Similar dates,None
INT5247,FT02027,Waste contractor,Medium,Similar dates,None
INT5248,FT17513,Police partner,High,Waste Pattern,Blank
INT5249,FT10540,Council officer,Low,Similar dates,None
INT5250,FT00504,CCTV,Low,Vehicle,None
INT5251,FT12877,Enforcement officer,Medium,Same Location,Unknown offender
INT5252,FT16208,Environmental monitoring,Low,Waste Pattern,Unknown offender
INT5253,FT00524,Resident,Medium,Same Location,Unknown offender
INT5254,FT05485,CCTV,Medium,Waste Pattern,Unknown offender
INT5255,FT05373,Waste contractor,Medium,Similar dates,None
INT5256,FT06936,Environmental monitoring,Low,Waste Pattern,Unknown offender
INT5257,FT00296,Environmental monitoring,Low,Similar dates,None
INT5258,FT06128,Police partner,High,Waste Pattern,Unknown offender
INT5259,FT09114,Anonymous report,High,Similar dates,None
INT5260,FT13101,Council officer,High,Same Location,Blank
INT5261,FT03105,Anonymous report,Low,Similar dates,None
INT5262,FT09560,Council officer,High,Vehicle,No Registration
INT5263,FT19112,Resident,Low,Waste Pattern,Unknown offender
INT5264,FT07773,Police partner,Low,Same Location,Blank
INT5265,FT03741,Enforcement officer,Low,Waste Pattern,Unknown offender
INT5266,FT09011,Environmental monitoring,High,Similar dates,None
INT5267,FT11945,Waste contractor,Medium,Similar dates,None
INT5268,FT00924,Waste contractor,Medium,Vehicle,No Registration
INT5269,FT07020,CCTV,Medium,Waste Pattern,Unknown offender
INT5270,FT02898,CCTV,Medium,Same Location,Blank
INT5271,FT12637,Environmental monitoring,High,Vehicle,No Registration
INT5272,FT00108,CCTV,High,Vehicle,No Registration
INT5273,FT11489,Environmental monitoring,Medium,Waste Pattern,Blank
INT5274,FT09111,CCTV,Medium,Similar dates,None
INT5275,FT15316,Anonymous report,Low,Same Location,Unknown offender
INT5276,FT02350,Anonymous report,Medium,Same Location,Blank
INT5277,FT07868,Police partner,Low,Vehicle,No Registration
INT5278,FT19126,Waste contractor,Medium,Similar dates,None
INT5279,FT07605,Waste contractor,Low,Vehicle,No Registration
INT5280,FT11369,Council officer,Medium,Same Location,Unknown offender
INT5281,FT04960,Waste contractor,High,Same Location,Blank
INT5282,FT15284,Waste contractor,Low,Vehicle,None
INT5283,FT10409,Anonymous report,High,Similar dates,None
INT5284,FT19050,Police partner,Low,Vehicle,No Registration
INT5285,FT18313,Waste contractor,Medium,Waste Pattern,Blank
INT5286,FT05207,Enforcement officer,High,Same Location,Unknown offender
INT5287,FT14363,Police partner,Low,Same Location,Blank
INT5288,FT11450,Police partner,High,Similar dates,None
INT5289,FT13375,Waste contractor,Medium,Similar dates,None
INT5290,FT03799,Environmental monitoring,Low,Same Location,Blank
INT5291,FT05410,Council officer,High,Vehicle,None
INT5292,FT11714,Police partner,High,Vehicle,None
INT5293,FT10705,Anonymous report,Medium,Vehicle,None
INT5294,FT02104,Anonymous report,Medium,Waste Pattern,Unknown offender
INT5295,FT13262,Police partner,High,Same Location,Blank
INT5296,FT07192,Anonymous report,Low,Vehicle,No Registration
INT5297,FT19195,Council officer,Medium,Vehicle,None
INT5298,FT11417,Resident,Medium,Same Location,Blank
INT5299,FT19096,Police partner,Low,Similar dates,None
INT5300,FT11378,Waste contractor,Low,Similar dates,None
INT5301,FT00989,Anonymous report,Low,Same Location,Unknown offender
INT5302,FT06761,Police partner,High,Waste Pattern,Blank
INT5303,FT06299,Enforcement officer,High,Similar dates,None
INT5304,FT04883,Waste contractor,Low,Similar dates,None
INT5305,FT08934,Environmental monitoring,Low,Vehicle,No Registration
INT5306,FT01929,CCTV,High,Similar dates,None
INT5307,FT02750,Resident,Medium,Waste Pattern,Blank
INT5308,FT10337,Police partner,Medium,Similar dates,None
INT5309,FT12247,Police partner,Low,Similar dates,None
INT5310,FT17299,Waste contractor,Medium,Same Location,Blank
INT5311,FT18765,Enforcement officer,High,Vehicle,No Registration
INT5312,FT07500,Anonymous report,Low,Same Location,Unknown offender
INT5313,FT01928,Police partner,High,Waste Pattern,Unknown offender
INT5314,FT06240,Police partner,Low,Waste Pattern,Blank
INT5315,FT17508,Anonymous report,High,Waste Pattern,Unknown offender
INT5316,FT10933,Waste contractor,Low,Vehicle,No Registration
INT5317,FT17381,Council officer,High,Similar dates,None
INT5318,FT16052,Resident,High,Vehicle,None
INT5319,FT15451,Enforcement officer,Medium,Vehicle,No Registration
INT5320,FT06772,Council officer,Low,Similar dates,None
INT5321,FT17607,Enforcement officer,Low,Similar dates,None
INT5322,FT14738,Resident,High,Waste Pattern,Blank
INT5323,FT13328,Resident,High,Vehicle,None
INT5324,FT00293,Council officer,Low,Vehicle,No Registration
INT5325,FT07284,Anonymous report,Low,Same Location,Blank
INT5326,FT00052,Enforcement officer,Medium,Waste Pattern,Unknown offender
INT5327,FT03489,Anonymous report,Low,Waste Pattern,Blank
INT5328,FT05920,Environmental monitoring,Low,Same Location,Blank
INT5329,FT07270,Council officer,Medium,Vehicle,None
INT5330,FT14855,Environmental monitoring,Medium,Vehicle,No Registration
INT5331,FT04271,Police partner,High,Same Location,Blank
INT5332,FT16511,Resident,High,Vehicle,None
INT5333,FT16505,Anonymous report,Medium,Waste Pattern,Unknown offender
INT5334,FT14910,Resident,High,Same Location,Unknown offender
INT5335,FT06269,Council officer,High,Waste Pattern,Blank
INT5336,FT05710,Resident,Low,Vehicle,None
INT5337,FT00610,CCTV,High,Similar dates,None
INT5338,FT05723,Waste contractor,Medium,Similar dates,None
INT5339,FT12297,CCTV,High,Same Location,Unknown offender
INT5340,FT12229,Police partner,Low,Same Location,Blank
INT5341,FT11280,Police partner,Low,Same Location,Blank
INT5342,FT11981,Waste contractor,Low,Same Location,Unknown offender
INT5343,FT12443,Anonymous report,Medium,Vehicle,None
INT5344,FT02723,Anonymous report,Low,Vehicle,None
INT5345,FT16403,Anonymous report,Medium,Similar dates,None
INT5346,FT15431,CCTV,High,Similar dates,None
INT5347,FT01742,Enforcement officer,Medium,Similar dates,None
INT5348,FT15158,Waste contractor,Medium,Vehicle,No Registration
INT5349,FT06181,Environmental monitoring,High,Similar dates,None
INT5350,FT09049,Police partner,Low,Vehicle,None
INT5351,FT05748,Enforcement officer,Low,Waste Pattern,Unknown offender
INT5352,FT11482,Anonymous report,High,Same Location,Unknown offender
INT5353,FT15895,Environmental monitoring,High,Waste Pattern,Blank
INT5354,FT05263,Resident,Medium,Waste Pattern,Blank
INT5355,FT06846,Environmental monitoring,Medium,Waste Pattern,Unknown offender
INT5356,FT14119,CCTV,High,Vehicle,No Registration
INT5357,FT08917,Enforcement officer,Low,Vehicle,No Registration
INT5358,FT14722,Council officer,Medium,Vehicle,No Registration
INT5359,FT11440,Waste contractor,Low,Similar dates,None
INT5360,FT08688,Enforcement officer,Low,Vehicle,None
INT5361,FT10010,Anonymous report,Medium,Similar dates,None
INT5362,FT11872,Enforcement officer,Medium,Waste Pattern,Blank
INT5363,FT08265,Resident,High,Vehicle,None
INT5364,FT13304,Enforcement officer,High,Same Location,Unknown offender
INT5365,FT14674,Police partner,Low,Similar dates,None
INT5366,FT15116,Police partner,High,Waste Pattern,Unknown offender
INT5367,FT00919,Environmental monitoring,Medium,Waste Pattern,Blank
INT5368,FT09567,Environmental monitoring,High,Same Location,Blank
INT5369,FT00339,Enforcement officer,Low,Similar dates,None
INT5370,FT16850,Enforcement officer,High,Same Location,Unknown offender
INT5371,FT15290,CCTV,High,Similar dates,None
INT5372,FT02763,Police partner,Low,Waste Pattern,Unknown offender
INT5373,FT01125,Resident,Low,Similar dates,None
INT5374,FT04217,Council officer,Medium,Same Location,Unknown offender
INT5375,FT16219,Waste contractor,High,Same Location,Unknown offender
INT5376,FT11189,Waste contractor,Medium,Vehicle,None
INT5377,FT00133,Waste contractor,High,Vehicle,No Registration
INT5378,FT01131,CCTV,High,Same Location,Blank
INT5379,FT15948,Resident,Medium,Similar dates,None
INT5380,FT00590,Police partner,High,Vehicle,None
INT5381,FT13654,CCTV,Medium,Similar dates,None
INT5382,FT19038,Council officer,High,Similar dates,None
INT5383,FT18047,Police partner,Medium,Waste Pattern,Unknown offender
INT5384,FT04984,Waste contractor,Medium,Same Location,Unknown offender
INT5385,FT13069,Anonymous report,Medium,Vehicle,No Registration
INT5386,FT06139,Police partner,Medium,Similar dates,None
INT5387,FT17613,Police partner,Low,Similar dates,None
INT5388,FT12403,Council officer,Medium,Vehicle,No Registration
INT5389,FT12252,Council officer,High,Vehicle,None
INT5390,FT04030,Enforcement officer,High,Vehicle,No Registration
INT5391,FT02597,Enforcement officer,High,Waste Pattern,Unknown offender
INT5392,FT14400,Environmental monitoring,Low,Vehicle,No Registration
INT5393,FT03057,Environmental monitoring,High,Similar dates,None
INT5394,FT06211,Anonymous report,High,Similar dates,None
INT5395,FT08187,Enforcement officer,Low,Waste Pattern,Blank
INT5396,FT02639,Council officer,High,Same Location,Blank
INT5397,FT13476,Enforcement officer,High,Similar dates,None
INT5398,FT18587,Environmental monitoring,Low,Same Location,Unknown offender
INT5399,FT09675,CCTV,Low,Similar dates,None
INT5400,FT02689,Police partner,High,Waste Pattern,Blank
INT5401,FT14195,Anonymous report,Low,Vehicle,None
INT5402,FT08871,Enforcement officer,High,Waste Pattern,Unknown offender
INT5403,FT11910,Police partner,High,Waste Pattern,Unknown offender
INT5404,FT03890,Anonymous report,Low,Waste Pattern,Blank
INT5405,FT06551,Resident,Low,Similar dates,None
INT5406,FT12658,Waste contractor,High,Waste Pattern,Blank
INT5407,FT05109,Waste contractor,High,Same Location,Blank
INT5408,FT08390,Council officer,Medium,Same Location,Blank
INT5409,FT02423,Environmental monitoring,Medium,Waste Pattern,Unknown offender
INT5410,FT16699,Resident,Medium,Same Location,Unknown offender
INT5411,FT05544,Environmental monitoring,High,Vehicle,None
INT5412,FT00609,Environmental monitoring,High,Vehicle,No Registration
INT5413,FT08975,Council officer,High,Waste Pattern,Blank
INT5414,FT05912,Resident,Medium,Same Location,Unknown offender
INT5415,FT18901,Enforcement officer,High,Same Location,Blank
INT5416,FT06868,Environmental monitoring,High,Vehicle,No Registration
INT5417,FT12343,Resident,Medium,Vehicle,No Registration
INT5418,FT06457,Waste contractor,Low,Vehicle,None
INT5419,FT13866,Waste contractor,Low,Waste Pattern,Blank
INT5420,FT19588,Enforcement officer,High,Similar dates,None
INT5421,FT14632,Council officer,High,Waste Pattern,Unknown offender
INT5422,FT12232,Police partner,High,Same Location,Blank
INT5423,FT04496,Enforcement officer,Low,Vehicle,No Registration
INT5424,FT04265,Anonymous report,Low,Vehicle,No Registration
INT5425,FT08505,CCTV,High,Same Location,Blank
INT5426,FT18494,Anonymous report,Medium,Waste Pattern,Blank
INT5427,FT13738,Anonymous report,Medium,Waste Pattern,Blank
INT5428,FT09263,Anonymous report,High,Vehicle,No Registration
INT5429,FT06153,Police partner,High,Same Location,Blank
INT5430,FT07788,Environmental monitoring,High,Vehicle,None
INT5431,FT09518,Enforcement officer,Medium,Same Location,Blank
INT5432,FT02384,Environmental monitoring,Low,Vehicle,None
INT5433,FT00674,Environmental monitoring,Low,Same Location,Blank
INT5434,FT07359,Council officer,High,Same Location,Blank
INT5435,FT11541,Council officer,High,Vehicle,No Registration
INT5436,FT00795,Anonymous report,Low,Similar dates,None
INT5437,FT03515,Anonymous report,High,Waste Pattern,Blank
INT5438,FT09170,Enforcement officer,Medium,Vehicle,None
INT5439,FT19334,Council officer,Medium,Vehicle,No Registration
INT5440,FT13814,CCTV,Medium,Similar dates,None
INT5441,FT08090,CCTV,Low,Waste Pattern,Blank
INT5442,FT18509,Enforcement officer,Low,Similar dates,None
INT5443,FT09422,Waste contractor,High,Same Location,Unknown offender
INT5444,FT16589,Police partner,Medium,Waste Pattern,Blank
INT5445,FT10775,Waste contractor,Low,Vehicle,No Registration
INT5446,FT18554,Anonymous report,Low,Same Location,Unknown offender
INT5447,FT18548,Environmental monitoring,Low,Same Location,Blank
INT5448,FT04169,CCTV,High,Same Location,Blank
INT5449,FT15380,Environmental monitoring,Medium,Waste Pattern,Blank
INT5450,FT09482,Resident,Medium,Same Location,Blank
INT5451,FT06732,Environmental monitoring,High,Similar dates,None
INT5452,FT09190,Environmental monitoring,Low,Waste Pattern,Blank
INT5453,FT17076,Waste contractor,Low,Vehicle,No Registration
INT5454,FT07854,Waste contractor,Medium,Same Location,Unknown offender
INT5455,FT19276,CCTV,Low,Same Location,Unknown offender
INT5456,FT05662,Resident,Medium,Waste Pattern,Unknown offender
INT5457,FT18960,Waste contractor,Medium,Same Location,Blank
INT5458,FT14153,Anonymous report,Medium,Similar dates,None
INT5459,FT08502,Anonymous report,Low,Vehicle,None
INT5460,FT17015,CCTV,Medium,Vehicle,None
INT5461,FT06825,Council officer,Medium,Waste Pattern,Unknown offender
INT5462,FT07409,Waste contractor,Low,Vehicle,No Registration
INT5463,FT15495,CCTV,Medium,Vehicle,None
INT5464,FT15698,Anonymous report,Low,Vehicle,None
INT5465,FT14335,Waste contractor,Medium,Waste Pattern,Blank
INT5466,FT13487,Anonymous report,Medium,Same Location,Blank
INT5467,FT13108,Environmental monitoring,High,Similar dates,None
INT5468,FT04292,CCTV,Low,Same Location,Unknown offender
INT5469,FT18415,Anonymous report,Low,Same Location,Blank
INT5470,FT17306,Council officer,High,Waste Pattern,Blank
INT5471,FT06741,CCTV,High,Same Location,Blank
INT5472,FT08503,Anonymous report,High,Similar dates,None
INT5473,FT03358,Environmental monitoring,High,Similar dates,None
INT5474,FT11886,Police partner,Low,Similar dates,None
INT5475,FT05057,Council officer,Low,Same Location,Unknown offender
INT5476,FT18730,CCTV,Medium,Vehicle,None
INT5477,FT11579,Resident,Medium,Waste Pattern,Unknown offender
INT5478,FT09765,CCTV,Low,Similar dates,None
INT5479,FT17873,Anonymous report,Low,Same Location,Blank
INT5480,FT15959,CCTV,Medium,Same Location,Unknown offender
INT5481,FT03932,Waste contractor,Medium,Vehicle,No Registration
INT5482,FT09631,Police partner,Medium,Vehicle,None
INT5483,FT04128,Environmental monitoring,High,Waste Pattern,Blank
INT5484,FT10857,CCTV,Medium,Same Location,Unknown offender
INT5485,FT13511,Council officer,Medium,Waste Pattern,Blank
INT5486,FT11726,CCTV,Medium,Same Location,Unknown offender
INT5487,FT00288,Council officer,Medium,Waste Pattern,Unknown offender
INT5488,FT04399,Police partner,High,Vehicle,None
INT5489,FT09244,Police partner,Low,Similar dates,None
INT5490,FT15084,Enforcement officer,Low,Waste Pattern,Blank
INT5491,FT09359,Waste contractor,Low,Similar dates,None
INT5492,FT11016,Council officer,Low,Similar dates,None
INT5493,FT02032,Enforcement officer,High,Waste Pattern,Unknown offender
INT5494,FT01261,CCTV,Medium,Same Location,Blank
INT5495,FT14217,Enforcement officer,Low,Vehicle,None
INT5496,FT02401,Enforcement officer,Low,Similar dates,None
INT5497,FT12359,Police partner,Medium,Same Location,Blank
INT5498,FT15882,Anonymous report,High,Waste Pattern,Unknown offender
INT5499,FT12056,CCTV,Low,Similar dates,None
INT5500,FT03543,Anonymous report,Low,Waste Pattern,Blank
INT5501,FT04090,Waste contractor,Low,Same Location,Blank
INT5502,FT01217,Resident,Low,Vehicle,No Registration
INT5503,FT08438,Environmental monitoring,High,Similar dates,None
INT5504,FT14572,CCTV,Low,Vehicle,None
INT5505,FT18655,Enforcement officer,High,Vehicle,No Registration
INT5506,FT17349,Enforcement officer,High,Similar dates,None
INT5507,FT15563,Environmental monitoring,High,Vehicle,No Registration
INT5508,FT19980,Enforcement officer,Low,Same Location,Blank
INT5509,FT05699,Police partner,High,Similar dates,None
INT5510,FT04421,Enforcement officer,Low,Same Location,Blank
INT5511,FT01069,Waste contractor,High,Same Location,Unknown offender
INT5512,FT01314,Police partner,Medium,Waste Pattern,Unknown offender
INT5513,FT02231,CCTV,Medium,Vehicle,None
INT5514,FT14566,Enforcement officer,Medium,Similar dates,None
INT5515,FT11333,Resident,High,Same Location,Blank
INT5516,FT09890,Police partner,Medium,Vehicle,None
INT5517,FT06649,CCTV,Medium,Similar dates,None
INT5518,FT19142,Enforcement officer,Low,Similar dates,None
INT5519,FT01173,CCTV,Low,Vehicle,No Registration
INT5520,FT15385,Environmental monitoring,Medium,Vehicle,None
INT5521,FT12133,CCTV,High,Similar dates,None
INT5522,FT12358,Waste contractor,High,Waste Pattern,Unknown offender
INT5523,FT06531,Environmental monitoring,Low,Similar dates,None
INT5524,FT06898,Environmental monitoring,Medium,Same Location,Unknown offender
INT5525,FT16707,Environmental monitoring,Low,Same Location,Unknown offender
INT5526,FT08462,Anonymous report,Low,Similar dates,None
INT5527,FT18476,CCTV,Medium,Same Location,Unknown offender
INT5528,FT04306,Enforcement officer,Medium,Similar dates,None
INT5529,FT00959,Anonymous report,Medium,Same Location,Unknown offender
INT5530,FT10558,Environmental monitoring,Medium,Same Location,Unknown offender
INT5531,FT06451,Waste contractor,Medium,Vehicle,No Registration
INT5532,FT12954,Enforcement officer,Medium,Vehicle,None
INT5533,FT13252,CCTV,Low,Similar dates,None
INT5534,FT06049,Police partner,Medium,Similar dates,None
INT5535,FT18185,Environmental monitoring,Low,Waste Pattern,Blank
INT5536,FT03488,Resident,High,Vehicle,None
INT5537,FT03939,Enforcement officer,Low,Similar dates,None
INT5538,FT15617,Police partner,High,Waste Pattern,Unknown offender
INT5539,FT14183,Enforcement officer,Medium,Waste Pattern,Blank
INT5540,FT00799,Enforcement officer,Low,Similar dates,None
INT5541,FT11226,Waste contractor,Medium,Same Location,Blank
INT5542,FT19169,Environmental monitoring,High,Same Location,Unknown offender
INT5543,FT05334,Enforcement officer,Low,Waste Pattern,Blank
INT5544,FT06862,Council officer,Medium,Vehicle,None
INT5545,FT13187,Police partner,Low,Waste Pattern,Blank
INT5546,FT16584,Enforcement officer,Medium,Waste Pattern,Unknown offender
INT5547,FT09608,Waste contractor,Medium,Vehicle,None
INT5548,FT09888,Enforcement officer,High,Waste Pattern,Unknown offender
INT5549,FT09643,Waste contractor,Low,Waste Pattern,Unknown offender
INT5550,FT18525,Anonymous report,Low,Similar dates,None
INT5551,FT03897,Police partner,Medium,Same Location,Blank
INT5552,FT06860,Resident,Low,Vehicle,No Registration
INT5553,FT02707,Anonymous report,Low,Similar dates,None
INT5554,FT10678,Police partner,Low,Same Location,Blank
INT5555,FT19985,CCTV,High,Vehicle,No Registration
INT5556,FT17860,Council officer,Medium,Waste Pattern,Blank
INT5557,FT11489,Enforcement officer,Medium,Similar dates,None
INT5558,FT13794,Council officer,Medium,Waste Pattern,Blank
INT5559,FT09243,CCTV,High,Waste Pattern,Unknown offender
INT5560,FT13853,Environmental monitoring,Low,Waste Pattern,Unknown offender
INT5561,FT14958,Police partner,Low,Waste Pattern,Blank
INT5562,FT12656,Council officer,High,Vehicle,None
INT5563,FT14688,Police partner,Medium,Similar dates,None
INT5564,FT17492,Police partner,Medium,Same Location,Blank
INT5565,FT10716,Enforcement officer,Medium,Same Location,Unknown offender
INT5566,FT18160,Waste contractor,Medium,Vehicle,No Registration
INT5567,FT16026,Police partner,Medium,Waste Pattern,Unknown offender
INT5568,FT10727,CCTV,Medium,Similar dates,None
INT5569,FT03523,Environmental monitoring,Medium,Same Location,Blank
INT5570,FT15479,Resident,Medium,Same Location,Blank
INT5571,FT03506,Waste contractor,High,Similar dates,None
INT5572,FT03407,CCTV,Medium,Similar dates,None
INT5573,FT17453,CCTV,High,Similar dates,None
INT5574,FT14723,Environmental monitoring,Low,Same Location,Blank
INT5575,FT02742,CCTV,Low,Same Location,Unknown offender
INT5576,FT16906,Enforcement officer,Medium,Waste Pattern,Blank
INT5577,FT08254,Enforcement officer,High,Same Location,Unknown offender
INT5578,FT15565,Anonymous report,Low,Similar dates,None
INT5579,FT00149,Resident,High,Waste Pattern,Unknown offender
INT5580,FT17939,Enforcement officer,Low,Same Location,Unknown offender
INT5581,FT10040,Environmental monitoring,Medium,Same Location,Unknown offender
INT5582,FT03934,Resident,High,Vehicle,None
INT5583,FT03389,Anonymous report,High,Similar dates,None
INT5584,FT05125,CCTV,Low,Similar dates,None
INT5585,FT09224,CCTV,Medium,Same Location,Blank
INT5586,FT13776,Waste contractor,High,Similar dates,None
INT5587,FT10687,CCTV,High,Same Location,Unknown offender
INT5588,FT19899,Police partner,Low,Vehicle,None
INT5589,FT05756,Enforcement officer,Medium,Waste Pattern,Unknown offender
INT5590,FT09026,Resident,Medium,Same Location,Unknown offender
INT5591,FT09400,Anonymous report,Medium,Waste Pattern,Blank
INT5592,FT09064,Police partner,High,Waste Pattern,Blank
INT5593,FT10903,Resident,Low,Vehicle,None
INT5594,FT15542,Council officer,High,Waste Pattern,Unknown offender
INT5595,FT17249,CCTV,High,Waste Pattern,Blank
INT5596,FT13382,Anonymous report,High,Vehicle,No Registration
INT5597,FT13645,Resident,Medium,Waste Pattern,Blank
INT5598,FT10630,Police partner,Low,Waste Pattern,Blank
INT5599,FT17254,CCTV,Medium,Same Location,Blank
INT5600,FT17635,Anonymous report,Medium,Similar dates,None
INT5601,FT04733,CCTV,Low,Vehicle,None
INT5602,FT05432,Police partner,Medium,Same Location,Blank
INT5603,FT03644,Environmental monitoring,High,Vehicle,None
INT5604,FT05567,Waste contractor,High,Same Location,Blank
INT5605,FT04444,Environmental monitoring,High,Same Location,Unknown offender
INT5606,FT02293,Council officer,Low,Same Location,Blank
INT5607,FT17478,Anonymous report,High,Similar dates,None
INT5608,FT19109,Environmental monitoring,Low,Waste Pattern,Unknown offender
INT5609,FT15964,Police partner,Low,Same Location,Blank
INT5610,FT16869,CCTV,Medium,Same Location,Unknown offender
INT5611,FT09418,Enforcement officer,Low,Waste Pattern,Blank
INT5612,FT18485,Police partner,High,Similar dates,None
INT5613,FT15172,Resident,High,Similar dates,None
INT5614,FT09236,Council officer,High,Same Location,Unknown offender
INT5615,FT16303,Anonymous report,High,Vehicle,No Registration
INT5616,FT06665,Council officer,Low,Similar dates,None
INT5617,FT16166,Anonymous report,Low,Waste Pattern,Unknown offender
INT5618,FT00002,Police partner,High,Waste Pattern,Blank
INT5619,FT09359,Environmental monitoring,Medium,Similar dates,None
INT5620,FT09043,Environmental monitoring,Low,Similar dates,None
INT5621,FT16064,Environmental monitoring,High,Same Location,Blank
INT5622,FT01245,CCTV,High,Vehicle,None
INT5623,FT02344,Enforcement officer,Medium,Vehicle,No Registration
INT5624,FT14304,Waste contractor,High,Vehicle,None
INT5625,FT16329,Anonymous report,High,Similar dates,None
INT5626,FT18328,Waste contractor,High,Vehicle,None
INT5627,FT04419,Police partner,Low,Vehicle,No Registration
INT5628,FT04989,Anonymous report,High,Similar dates,None
INT5629,FT09160,Enforcement officer,High,Vehicle,No Registration
INT5630,FT12008,Enforcement officer,Low,Waste Pattern,Unknown offender
INT5631,FT16315,Council officer,Low,Vehicle,None
INT5632,FT07538,Environmental monitoring,Medium,Waste Pattern,Unknown offender
INT5633,FT00113,Enforcement officer,Low,Vehicle,None
INT5634,FT07873,CCTV,Low,Vehicle,No Registration
INT5635,FT06147,Council officer,Low,Vehicle,No Registration
INT5636,FT00382,Council officer,Low,Waste Pattern,Unknown offender
INT5637,FT11560,Waste contractor,High,Vehicle,No Registration
INT5638,FT08553,Environmental monitoring,Medium,Similar dates,None
INT5639,FT00899,Resident,Low,Vehicle,No Registration
INT5640,FT08183,Anonymous report,Medium,Waste Pattern,Unknown offender
INT5641,FT19307,Anonymous report,Low,Vehicle,None
INT5642,FT10796,Enforcement officer,High,Vehicle,None
INT5643,FT04610,Environmental monitoring,Medium,Vehicle,No Registration
INT5644,FT13182,Waste contractor,High,Waste Pattern,Blank
INT5645,FT06668,Police partner,Medium,Same Location,Blank
INT5646,FT03496,Council officer,Low,Same Location,Unknown offender
INT5647,FT12004,Council officer,Low,Similar dates,None
INT5648,FT01530,Environmental monitoring,High,Same Location,Unknown offender
INT5649,FT18790,Resident,Low,Waste Pattern,Blank
INT5650,FT11030,Environmental monitoring,High,Vehicle,No Registration
INT5651,FT13040,Environmental monitoring,Medium,Similar dates,None
INT5652,FT06754,Resident,Low,Waste Pattern,Unknown offender
INT5653,FT09697,Resident,High,Vehicle,None
INT5654,FT17967,Anonymous report,High,Similar dates,None
INT5655,FT10563,Waste contractor,Medium,Same Location,Unknown offender
INT5656,FT18948,Waste contractor,Low,Vehicle,None
INT5657,FT01620,CCTV,Low,Similar dates,None
INT5658,FT03276,Council officer,Medium,Waste Pattern,Blank
INT5659,FT12776,Waste contractor,Medium,Similar dates,None
INT5660,FT15057,Resident,High,Same Location,Unknown offender
INT5661,FT10597,Police partner,High,Same Location,Unknown offender
INT5662,FT09880,Waste contractor,Low,Waste Pattern,Unknown offender
INT5663,FT08993,Council officer,Low,Vehicle,No Registration
INT5664,FT17393,Resident,High,Vehicle,None
INT5665,FT00835,CCTV,Low,Waste Pattern,Unknown offender
INT5666,FT12093,Police partner,High,Similar dates,None
INT5667,FT01999,Enforcement officer,Medium,Waste Pattern,Unknown offender
INT5668,FT18480,Enforcement officer,Medium,Same Location,Unknown offender
INT5669,FT01403,Council officer,High,Same Location,Unknown offender
INT5670,FT09923,Enforcement officer,High,Vehicle,No Registration
INT5671,FT13799,Enforcement officer,Medium,Waste Pattern,Unknown offender
INT5672,FT01277,CCTV,High,Waste Pattern,Unknown offender
INT5673,FT10537,Waste contractor,Medium,Vehicle,None
INT5674,FT10203,Council officer,Low,Waste Pattern,Unknown offender
INT5675,FT12708,Council officer,Low,Waste Pattern,Blank
INT5676,FT10115,Anonymous report,Low,Waste Pattern,Blank
INT5677,FT18895,Council officer,High,Similar dates,None
INT5678,FT04295,Waste contractor,High,Same Location,Blank
INT5679,FT19382,Environmental monitoring,Low,Similar dates,None
INT5680,FT17799,Council officer,High,Waste Pattern,Blank
INT5681,FT03888,Enforcement officer,High,Same Location,Blank
INT5682,FT01982,Council officer,Low,Same Location,Blank
INT5683,FT12238,Council officer,Medium,Same Location,Blank
INT5684,FT11969,Council officer,Low,Vehicle,None
INT5685,FT09349,Anonymous report,Low,Similar dates,None
INT5686,FT03086,Environmental monitoring,Medium,Waste Pattern,Blank
INT5687,FT11263,Environmental monitoring,Low,Similar dates,None
INT5688,FT09232,Anonymous report,Medium,Waste Pattern,Unknown offender
INT5689,FT04464,Enforcement officer,Medium,Same Location,Unknown offender
INT5690,FT00249,Council officer,High,Waste Pattern,Blank
INT5691,FT00892,Council officer,Low,Vehicle,No Registration
INT5692,FT05372,Anonymous report,High,Vehicle,No Registration
INT5693,FT09753,Police partner,Low,Same Location,Unknown offender
INT5694,FT11856,Police partner,Medium,Same Location,Unknown offender
INT5695,FT10624,CCTV,Low,Same Location,Blank
INT5696,FT07081,Anonymous report,High,Vehicle,None
INT5697,FT09150,Council officer,High,Waste Pattern,Unknown offender
INT5698,FT05023,Council officer,High,Similar dates,None
INT5699,FT14464,Police partner,High,Vehicle,None
INT5700,FT11894,Waste contractor,Medium,Waste Pattern,Blank
INT5701,FT17683,Council officer,Low,Similar dates,None
INT5702,FT00017,Waste contractor,Low,Vehicle,None
INT5703,FT11168,Environmental monitoring,Medium,Waste Pattern,Blank
INT5704,FT11378,CCTV,Low,Same Location,Unknown offender
INT5705,FT17214,Enforcement officer,Low,Waste Pattern,Blank
INT5706,FT00467,Waste contractor,Low,Same Location,Unknown offender
INT5707,FT13718,Resident,High,Same Location,Unknown offender
INT5708,FT17977,Council officer,Low,Same Location,Unknown offender
INT5709,FT16731,Environmental monitoring,High,Waste Pattern,Blank
INT5710,FT18060,Council officer,High,Same Location,Unknown offender
INT5711,FT06742,Environmental monitoring,High,Vehicle,None
INT5712,FT00819,CCTV,Low,Similar dates,None
INT5713,FT00436,Waste contractor,Low,Waste Pattern,Blank
INT5714,FT13824,Police partner,Medium,Vehicle,No Registration
INT5715,FT04298,Environmental monitoring,Medium,Same Location,Blank
INT5716,FT17585,CCTV,High,Vehicle,No Registration
INT5717,FT01019,Enforcement officer,Medium,Similar dates,None
INT5718,FT03958,Resident,Medium,Same Location,Unknown offender
INT5719,FT17786,CCTV,High,Same Location,Unknown offender
INT5720,FT18549,Environmental monitoring,Medium,Same Location,Unknown offender
INT5721,FT04245,Resident,Medium,Waste Pattern,Unknown offender
INT5722,FT01300,Council officer,Medium,Same Location,Unknown offender
INT5723,FT09146,CCTV,Medium,Vehicle,No Registration
INT5724,FT08792,Council officer,Medium,Vehicle,None
INT5725,FT14000,Police partner,Medium,Similar dates,None
INT5726,FT00588,Waste contractor,High,Waste Pattern,Unknown offender
INT5727,FT09224,Resident,Medium,Same Location,Blank
INT5728,FT13238,CCTV,Medium,Similar dates,None
INT5729,FT00381,Police partner,Low,Waste Pattern,Blank
INT5730,FT17178,CCTV,Low,Waste Pattern,Unknown offender
INT5731,FT05945,Resident,High,Vehicle,None
INT5732,FT13859,Enforcement officer,High,Same Location,Unknown offender
INT5733,FT07684,CCTV,Medium,Vehicle,None
INT5734,FT18716,Environmental monitoring,High,Similar dates,None
INT5735,FT07150,Council officer,High,Same Location,Unknown offender
INT5736,FT06830,Police partner,Medium,Waste Pattern,Unknown offender
INT5737,FT12180,Environmental monitoring,High,Similar dates,None
INT5738,FT14800,Council officer,High,Waste Pattern,Unknown offender
INT5739,FT00461,Environmental monitoring,Low,Same Location,Unknown offender
INT5740,FT03699,Council officer,Medium,Vehicle,None
INT5741,FT19984,Resident,Low,Waste Pattern,Unknown offender
INT5742,FT12721,Resident,High,Vehicle,None
INT5743,FT07137,Waste contractor,High,Vehicle,None
INT5744,FT07431,Waste contractor,Low,Waste Pattern,Unknown offender
INT5745,FT10520,Environmental monitoring,Low,Same Location,Blank
INT5746,FT02200,Waste contractor,Medium,Similar dates,None
INT5747,FT11831,Waste contractor,Low,Waste Pattern,Blank
INT5748,FT19380,Police partner,Low,Waste Pattern,Unknown offender
INT5749,FT05720,Police partner,Medium,Similar dates,None
INT5750,FT00996,Council officer,Low,Vehicle,None
INT5751,FT16963,Enforcement officer,Medium,Waste Pattern,Unknown offender
INT5752,FT15784,Waste contractor,High,Same Location,Blank
INT5753,FT18515,CCTV,Low,Similar dates,None
INT5754,FT04190,Council officer,Medium,Same Location,Blank
INT5755,FT08593,Anonymous report,Medium,Waste Pattern,Blank
INT5756,FT17079,Police partner,Low,Waste Pattern,Blank
INT5757,FT04318,Council officer,Low,Similar dates,None
INT5758,FT07159,Environmental monitoring,Low,Waste Pattern,Blank
INT5759,FT14769,Waste contractor,High,Vehicle,None
INT5760,FT17185,CCTV,Medium,Vehicle,None
INT5761,FT04470,Environmental monitoring,Medium,Same Location,Unknown offender
INT5762,FT01790,Police partner,Low,Waste Pattern,Unknown offender
INT5763,FT11439,Police partner,High,Waste Pattern,Unknown offender
INT5764,FT18772,CCTV,High,Waste Pattern,Unknown offender
INT5765,FT16353,Resident,Low,Vehicle,None
INT5766,FT01484,Environmental monitoring,Low,Same Location,Blank
INT5767,FT09917,Enforcement officer,High,Same Location,Blank
INT5768,FT12673,Anonymous report,High,Vehicle,None
INT5769,FT14454,CCTV,High,Waste Pattern,Unknown offender
INT5770,FT06456,Enforcement officer,High,Waste Pattern,Unknown offender
INT5771,FT17439,CCTV,Low,Waste Pattern,Blank
INT5772,FT05545,Resident,Medium,Vehicle,None
INT5773,FT18621,Anonymous report,High,Same Location,Unknown offender
INT5774,FT17913,Waste contractor,Low,Same Location,Blank
INT5775,FT17496,Anonymous report,High,Similar dates,None
INT5776,FT15532,Waste contractor,Low,Similar dates,None
INT5777,FT04918,Enforcement officer,Medium,Vehicle,None
INT5778,FT05228,Resident,Medium,Vehicle,No Registration
INT5779,FT04506,Waste contractor,High,Vehicle,None
INT5780,FT10472,CCTV,High,Similar dates,None
INT5781,FT11131,Police partner,High,Similar dates,None
INT5782,FT01194,Enforcement officer,High,Vehicle,No Registration
INT5783,FT16941,Enforcement officer,Low,Waste Pattern,Blank
INT5784,FT10399,Enforcement officer,High,Waste Pattern,Unknown offender
INT5785,FT03234,Anonymous report,Medium,Vehicle,No Registration
INT5786,FT17933,Resident,Low,Similar dates,None
INT5787,FT19184,CCTV,High,Vehicle,No Registration
INT5788,FT09952,Police partner,High,Similar dates,None
INT5789,FT13324,CCTV,Low,Similar dates,None
INT5790,FT10542,Council officer,High,Same Location,Unknown offender
INT5791,FT15936,Waste contractor,Medium,Vehicle,No Registration
INT5792,FT03906,Waste contractor,Medium,Vehicle,No Registration
INT5793,FT17337,Waste contractor,Medium,Vehicle,None
INT5794,FT13708,Police partner,Medium,Similar dates,None
INT5795,FT05376,CCTV,High,Vehicle,None
INT5796,FT04500,Police partner,High,Waste Pattern,Blank
INT5797,FT04871,Waste contractor,Medium,Similar dates,None
INT5798,FT02122,CCTV,High,Waste Pattern,Unknown offender
INT5799,FT12990,CCTV,Medium,Vehicle,None
INT5800,FT19919,Resident,Medium,Waste Pattern,Unknown offender
INT5801,FT12500,Environmental monitoring,Medium,Waste Pattern,Blank
INT5802,FT08260,Council officer,High,Same Location,Blank
INT5803,FT11620,Enforcement officer,Low,Similar dates,None
INT5804,FT19257,Anonymous report,High,Similar dates,None
INT5805,FT03897,CCTV,Low,Same Location,Unknown offender
INT5806,FT18282,Council officer,Low,Vehicle,No Registration
INT5807,FT00903,CCTV,High,Similar dates,None
INT5808,FT11115,Enforcement officer,Medium,Same Location,Blank
INT5809,FT17087,Environmental monitoring,Medium,Waste Pattern,Blank
INT5810,FT03253,Resident,Low,Similar dates,None
INT5811,FT06092,CCTV,High,Same Location,Unknown offender
INT5812,FT10250,Police partner,High,Same Location,Unknown offender
INT5813,FT09816,Environmental monitoring,Medium,Same Location,Unknown offender
INT5814,FT10758,CCTV,Low,Similar dates,None
INT5815,FT17782,Police partner,Low,Similar dates,None
INT5816,FT12425,Police partner,Medium,Waste Pattern,Blank
INT5817,FT16697,Environmental monitoring,Medium,Same Location,Unknown offender
INT5818,FT06508,Resident,Medium,Vehicle,None
INT5819,FT04204,Waste contractor,Medium,Vehicle,No Registration
INT5820,FT09289,Resident,High,Vehicle,No Registration
INT5821,FT07374,Anonymous report,Low,Waste Pattern,Unknown offender
INT5822,FT13032,Resident,Low,Vehicle,None
INT5823,FT02244,Police partner,Medium,Vehicle,None
INT5824,FT15963,Council officer,High,Similar dates,None
INT5825,FT01076,CCTV,High,Vehicle,No Registration
INT5826,FT15471,CCTV,Low,Vehicle,None
INT5827,FT01317,Enforcement officer,Medium,Same Location,Unknown offender
INT5828,FT01047,Waste contractor,Medium,Vehicle,None
INT5829,FT03619,Waste contractor,Low,Waste Pattern,Blank
INT5830,FT18091,Waste contractor,Medium,Vehicle,None
INT5831,FT15195,Waste contractor,Medium,Waste Pattern,Unknown offender
INT5832,FT01896,Anonymous report,Low,Similar dates,None
INT5833,FT17284,Resident,Medium,Vehicle,No Registration
INT5834,FT16406,Police partner,Low,Same Location,Blank
INT5835,FT04797,Enforcement officer,High,Same Location,Blank
INT5836,FT08906,Resident,Medium,Vehicle,None
INT5837,FT18520,Council officer,High,Vehicle,No Registration
INT5838,FT10128,Council officer,Low,Similar dates,None
INT5839,FT11332,Anonymous report,Low,Same Location,Blank
INT5840,FT00222,Enforcement officer,Low,Same Location,Unknown offender
INT5841,FT15235,Anonymous report,High,Same Location,Unknown offender
INT5842,FT00477,Enforcement officer,Low,Waste Pattern,Unknown offender
INT5843,FT00943,Environmental monitoring,Medium,Vehicle,None
INT5844,FT00103,Resident,High,Waste Pattern,Unknown offender
INT5845,FT14063,Anonymous report,High,Similar dates,None
INT5846,FT16346,CCTV,Low,Vehicle,No Registration
INT5847,FT09078,CCTV,Medium,Waste Pattern,Blank
INT5848,FT16900,Enforcement officer,Medium,Vehicle,None
INT5849,FT15652,Enforcement officer,High,Same Location,Unknown offender
INT5850,FT15732,Waste contractor,Low,Waste Pattern,Blank
INT5851,FT14147,Waste contractor,High,Vehicle,None
INT5852,FT00872,Council officer,Medium,Similar dates,None
INT5853,FT06682,CCTV,Low,Vehicle,None
INT5854,FT19559,Anonymous report,High,Similar dates,None
INT5855,FT15235,Anonymous report,High,Vehicle,No Registration
INT5856,FT02449,Anonymous report,Low,Waste Pattern,Blank
INT5857,FT00515,Enforcement officer,Medium,Same Location,Unknown offender
INT5858,FT02840,Waste contractor,High,Waste Pattern,Blank
INT5859,FT12861,Environmental monitoring,Medium,Similar dates,None
INT5860,FT12948,Anonymous report,Low,Waste Pattern,Unknown offender
INT5861,FT09791,Police partner,High,Waste Pattern,Blank
INT5862,FT11732,Enforcement officer,High,Similar dates,None
INT5863,FT19637,Environmental monitoring,High,Same Location,Unknown offender
INT5864,FT16039,Waste contractor,Low,Vehicle,No Registration
INT5865,FT11975,Anonymous report,Medium,Same Location,Unknown offender
INT5866,FT18824,Resident,High,Vehicle,No Registration
INT5867,FT08231,CCTV,Low,Similar dates,None
INT5868,FT15887,Anonymous report,Medium,Vehicle,No Registration
INT5869,FT00215,Police partner,Medium,Same Location,Blank
INT5870,FT18524,Waste contractor,Low,Waste Pattern,Unknown offender
INT5871,FT02395,Resident,High,Similar dates,None
INT5872,FT16282,Resident,High,Similar dates,None
INT5873,FT04259,Enforcement officer,Medium,Same Location,Blank
INT5874,FT17012,Enforcement officer,High,Similar dates,None
INT5875,FT18466,Enforcement officer,Medium,Same Location,Blank
INT5876,FT11928,Enforcement officer,Medium,Similar dates,None
INT5877,FT10554,Waste contractor,Low,Similar dates,None
INT5878,FT12152,Anonymous report,Low,Vehicle,No Registration
INT5879,FT07288,Environmental monitoring,Medium,Similar dates,None
INT5880,FT07369,Environmental monitoring,High,Same Location,Blank
INT5881,FT14978,Police partner,Low,Waste Pattern,Unknown offender
INT5882,FT17817,Enforcement officer,High,Vehicle,None
INT5883,FT05306,Anonymous report,High,Similar dates,None
INT5884,FT18132,Council officer,Medium,Similar dates,None
INT5885,FT10597,Waste contractor,High,Waste Pattern,Blank
INT5886,FT02363,Enforcement officer,High,Vehicle,None
INT5887,FT15122,Anonymous report,Medium,Same Location,Unknown offender
INT5888,FT02961,Council officer,Medium,Same Location,Unknown offender
INT5889,FT00982,CCTV,High,Waste Pattern,Unknown offender
INT5890,FT07523,CCTV,High,Waste Pattern,Blank
INT5891,FT07718,Anonymous report,Low,Similar dates,None
INT5892,FT00424,Council officer,Low,Similar dates,None
INT5893,FT11408,Police partner,Medium,Same Location,Blank
INT5894,FT05121,Enforcement officer,Medium,Similar dates,None
INT5895,FT10697,Waste contractor,High,Vehicle,No Registration
INT5896,FT06390,Police partner,Low,Vehicle,No Registration
INT5897,FT18702,Council officer,Medium,Vehicle,None
INT5898,FT02314,Anonymous report,High,Vehicle,None
INT5899,FT03031,Resident,High,Vehicle,No Registration
INT5900,FT09832,Resident,Low,Same Location,Blank
INT5901,FT01536,Resident,Medium,Similar dates,None
INT5902,FT05861,Anonymous report,High,Waste Pattern,Blank
INT5903,FT19557,Council officer,High,Same Location,Blank
INT5904,FT10666,Enforcement officer,High,Vehicle,None
INT5905,FT16951,Enforcement officer,High,Vehicle,None
INT5906,FT02298,Resident,Medium,Same Location,Blank
INT5907,FT11473,Anonymous report,Medium,Waste Pattern,Blank
INT5908,FT02969,Resident,Low,Vehicle,No Registration
INT5909,FT07558,CCTV,Medium,Vehicle,No Registration
INT5910,FT10529,CCTV,High,Vehicle,No Registration
INT5911,FT10713,Enforcement officer,Low,Similar dates,None
INT5912,FT07506,Environmental monitoring,Medium,Waste Pattern,Unknown offender
INT5913,FT16654,Police partner,Low,Similar dates,None
INT5914,FT03173,Police partner,Low,Vehicle,None
INT5915,FT03214,Police partner,Low,Same Location,Blank
INT5916,FT18952,Resident,High,Same Location,Unknown offender
INT5917,FT14673,CCTV,High,Similar dates,None
INT5918,FT07852,Council officer,Low,Vehicle,None
INT5919,FT16643,Enforcement officer,Low,Vehicle,None
INT5920,FT03105,Resident,High,Same Location,Unknown offender
INT5921,FT01227,Police partner,Low,Vehicle,None
INT5922,FT13191,Waste contractor,High,Similar dates,None
INT5923,FT18496,Police partner,High,Similar dates,None
INT5924,FT07581,Resident,Low,Waste Pattern,Blank
INT5925,FT19948,Environmental monitoring,High,Vehicle,No Registration
INT5926,FT07003,CCTV,Medium,Waste Pattern,Blank
INT5927,FT02201,Anonymous report,Low,Vehicle,No Registration
INT5928,FT12494,Anonymous report,Medium,Vehicle,None
INT5929,FT17989,Enforcement officer,Medium,Waste Pattern,Blank
INT5930,FT12376,CCTV,Medium,Same Location,Unknown offender
INT5931,FT11227,Environmental monitoring,Medium,Vehicle,No Registration
INT5932,FT04585,CCTV,Medium,Vehicle,No Registration
INT5933,FT09710,Council officer,Medium,Similar dates,None
INT5934,FT10852,Resident,Medium,Vehicle,No Registration
INT5935,FT19770,Police partner,Low,Same Location,Blank
INT5936,FT03115,Environmental monitoring,Low,Vehicle,No Registration
INT5937,FT02312,Environmental monitoring,High,Same Location,Blank
INT5938,FT07313,Police partner,Medium,Same Location,Unknown offender
INT5939,FT12090,Police partner,High,Waste Pattern,Blank
INT5940,FT06966,Waste contractor,High,Similar dates,None
INT5941,FT01503,Environmental monitoring,Low,Similar dates,None
INT5942,FT06364,Enforcement officer,Low,Similar dates,None
INT5943,FT07083,Enforcement officer,Low,Waste Pattern,Unknown offender
INT5944,FT04940,Anonymous report,Medium,Waste Pattern,Unknown offender
INT5945,FT14588,Police partner,Medium,Vehicle,None
INT5946,FT18644,Enforcement officer,Medium,Same Location,Unknown offender
INT5947,FT12340,Council officer,Medium,Same Location,Unknown offender
INT5948,FT14005,Council officer,Medium,Same Location,Unknown offender
INT5949,FT15158,Anonymous report,High,Vehicle,None
INT5950,FT17384,CCTV,Medium,Similar dates,None
INT5951,FT04766,Police partner,Low,Vehicle,None
INT5952,FT15849,Anonymous report,Low,Similar dates,None
INT5953,FT18860,Resident,High,Waste Pattern,Unknown offender
INT5954,FT15727,Environmental monitoring,High,Similar dates,None
INT5955,FT11682,Waste contractor,High,Vehicle,None
INT5956,FT01364,Police partner,Low,Same Location,Blank
INT5957,FT17827,Waste contractor,High,Waste Pattern,Blank
INT5958,FT18717,Council officer,Low,Same Location,Unknown offender
INT5959,FT15360,CCTV,Low,Waste Pattern,Blank
INT5960,FT04450,Police partner,Low,Vehicle,None
INT5961,FT15869,Resident,Low,Waste Pattern,Blank
INT5962,FT09683,Police partner,Medium,Similar dates,None
INT5963,FT15397,Environmental monitoring,Low,Similar dates,None
INT5964,FT15078,Waste contractor,Low,Similar dates,None
INT5965,FT09981,Enforcement officer,High,Vehicle,No Registration
INT5966,FT07198,Anonymous report,High,Similar dates,None
INT5967,FT18550,Enforcement officer,Medium,Similar dates,None
INT5968,FT10732,Anonymous report,High,Similar dates,None
INT5969,FT16349,CCTV,Medium,Waste Pattern,Blank
INT5970,FT13634,CCTV,High,Similar dates,None
INT5971,FT00256,Environmental monitoring,Medium,Vehicle,No Registration
INT5972,FT04770,Resident,Low,Vehicle,No Registration
INT5973,FT07427,CCTV,High,Vehicle,No Registration
INT5974,FT10302,CCTV,Low,Similar dates,None
INT5975,FT01488,Anonymous report,Medium,Similar dates,None
INT5976,FT06711,Environmental monitoring,Low,Waste Pattern,Blank
INT5977,FT09352,Council officer,Low,Waste Pattern,Unknown offender
INT5978,FT19993,Resident,High,Same Location,Blank
INT5979,FT07912,Police partner,Low,Same Location,Blank
INT5980,FT03823,Waste contractor,Low,Similar dates,None
INT5981,FT10234,CCTV,High,Waste Pattern,Unknown offender
INT5982,FT08443,Council officer,Low,Same Location,Unknown offender
INT5983,FT00169,Waste contractor,High,Vehicle,None
INT5984,FT03010,Police partner,High,Waste Pattern,Unknown offender
INT5985,FT17698,Resident,Low,Similar dates,None
INT5986,FT17814,Police partner,Low,Waste Pattern,Unknown offender
INT5987,FT04471,Council officer,Medium,Vehicle,No Registration
INT5988,FT08555,Council officer,Low,Same Location,Blank
INT5989,FT02275,Council officer,High,Similar dates,None
INT5990,FT06198,CCTV,Medium,Waste Pattern,Blank
INT5991,FT04701,Enforcement officer,Medium,Waste Pattern,Blank
INT5992,FT12404,CCTV,Low,Vehicle,No Registration
INT5993,FT03245,CCTV,Low,Similar dates,None
INT5994,FT16498,Resident,Medium,Vehicle,No Registration
INT5995,FT09834,Environmental monitoring,High,Vehicle,None
INT5996,FT19476,Environmental monitoring,Low,Vehicle,None
INT5997,FT12588,Council officer,Low,Same Location,Blank
INT5998,FT11482,Council officer,Low,Same Location,Unknown offender
INT5999,FT16693,Enforcement officer,Medium,Similar dates,None
INT6000,FT11495,Police partner,Medium,Waste Pattern,Blank
INT6001,FT08670,Police partner,Medium,Vehicle,No Registration
INT6002,FT15548,CCTV,Low,Same Location,Blank
INT6003,FT03886,Anonymous report,High,Vehicle,None
INT6004,FT12483,CCTV,Medium,Similar dates,None
INT6005,FT00063,Council officer,Medium,Waste Pattern,Unknown offender
INT6006,FT18435,CCTV,Low,Same Location,Unknown offender
INT6007,FT10974,Waste contractor,High,Waste Pattern,Blank
INT6008,FT16436,Anonymous report,High,Same Location,Blank
INT6009,FT00875,Resident,High,Vehicle,None
INT6010,FT16126,Police partner,Low,Similar dates,None
INT6011,FT02624,Enforcement officer,Low,Same Location,Unknown offender
INT6012,FT12385,Environmental monitoring,Low,Same Location,Unknown offender
INT6013,FT00575,Enforcement officer,Medium,Waste Pattern,Blank
INT6014,FT01360,Police partner,Medium,Vehicle,No Registration
INT6015,FT12734,Police partner,Low,Similar dates,None
INT6016,FT18761,CCTV,Low,Vehicle,No Registration
INT6017,FT11299,Waste contractor,High,Vehicle,No Registration
INT6018,FT17655,Police partner,Low,Vehicle,No Registration
INT6019,FT09930,Waste contractor,Low,Vehicle,None
INT6020,FT16551,Waste contractor,Low,Vehicle,No Registration
INT6021,FT18333,Council officer,Low,Similar dates,None
INT6022,FT10740,Waste contractor,Medium,Vehicle,None
INT6023,FT08555,Police partner,High,Vehicle,None
INT6024,FT04491,Council officer,Medium,Same Location,Unknown offender
INT6025,FT15845,Anonymous report,Medium,Vehicle,None
INT6026,FT03431,Environmental monitoring,Medium,Similar dates,None
INT6027,FT02833,Enforcement officer,Low,Vehicle,None
INT6028,FT15472,Enforcement officer,High,Same Location,Blank
INT6029,FT15873,Police partner,High,Vehicle,No Registration
INT6030,FT12450,Waste contractor,Medium,Same Location,Blank
INT6031,FT00202,CCTV,Medium,Vehicle,None
INT6032,FT08696,Anonymous report,Low,Waste Pattern,Unknown offender
INT6033,FT05554,Environmental monitoring,High,Waste Pattern,Unknown offender
INT6034,FT11414,Police partner,Medium,Vehicle,None
INT6035,FT08548,Police partner,Medium,Same Location,Blank
INT6036,FT14301,Environmental monitoring,Low,Vehicle,None
INT6037,FT19491,Police partner,Medium,Waste Pattern,Blank
INT6038,FT12383,Police partner,High,Same Location,Blank
INT6039,FT13485,Enforcement officer,Low,Similar dates,None
INT6040,FT17350,Environmental monitoring,Medium,Same Location,Unknown offender
INT6041,FT09343,Resident,Low,Same Location,Blank
INT6042,FT19611,Council officer,Medium,Waste Pattern,Blank
INT6043,FT08890,Environmental monitoring,High,Waste Pattern,Blank
INT6044,FT14531,Anonymous report,High,Vehicle,No Registration
INT6045,FT03448,Resident,Medium,Same Location,Unknown offender
INT6046,FT13232,Anonymous report,Medium,Waste Pattern,Unknown offender
INT6047,FT00358,Environmental monitoring,Low,Same Location,Blank
INT6048,FT04617,Anonymous report,High,Vehicle,None
INT6049,FT15011,CCTV,Low,Same Location,Unknown offender
INT6050,FT11119,Council officer,High,Same Location,Blank
INT6051,FT00783,Anonymous report,Low,Same Location,Unknown offender
INT6052,FT12211,Anonymous report,High,Similar dates,None
INT6053,FT09376,Police partner,High,Vehicle,None
INT6054,FT13674,Anonymous report,Medium,Similar dates,None
INT6055,FT04399,Anonymous report,High,Waste Pattern,Blank
INT6056,FT18035,Police partner,Medium,Similar dates,None
INT6057,FT16120,Environmental monitoring,Low,Waste Pattern,Unknown offender
INT6058,FT00935,Police partner,High,Waste Pattern,Blank
INT6059,FT09777,Environmental monitoring,Low,Same Location,Unknown offender
INT6060,FT12765,Resident,High,Vehicle,No Registration
INT6061,FT05048,Environmental monitoring,High,Same Location,Blank
INT6062,FT18229,Environmental monitoring,High,Similar dates,None
INT6063,FT08556,Council officer,Low,Vehicle,No Registration
INT6064,FT02438,Police partner,Low,Waste Pattern,Blank
INT6065,FT11572,Environmental monitoring,Medium,Same Location,Blank
INT6066,FT14824,Waste contractor,Medium,Vehicle,None
INT6067,FT03808,Environmental monitoring,High,Waste Pattern,Unknown offender
INT6068,FT05778,CCTV,Low,Same Location,Blank
INT6069,FT10000,CCTV,High,Same Location,Blank
INT6070,FT04561,Anonymous report,Medium,Waste Pattern,Unknown offender
INT6071,FT07315,CCTV,Medium,Waste Pattern,Unknown offender
INT6072,FT03478,Enforcement officer,High,Same Location,Blank
INT6073,FT18619,Anonymous report,Low,Vehicle,No Registration
INT6074,FT18541,Council officer,High,Same Location,Unknown offender
INT6075,FT14753,Council officer,Low,Waste Pattern,Blank
INT6076,FT18547,Resident,Low,Same Location,Blank
INT6077,FT17367,Enforcement officer,Medium,Waste Pattern,Blank
INT6078,FT16549,Enforcement officer,Low,Waste Pattern,Blank
INT6079,FT18396,Enforcement officer,Low,Waste Pattern,Unknown offender
INT6080,FT08585,CCTV,High,Vehicle,None
INT6081,FT07742,CCTV,High,Same Location,Blank
INT6082,FT02621,Anonymous report,High,Same Location,Unknown offender
INT6083,FT14120,Enforcement officer,Medium,Waste Pattern,Blank
INT6084,FT09091,Police partner,High,Similar dates,None
INT6085,FT07406,Police partner,High,Vehicle,None
INT6086,FT10081,Council officer,Medium,Same Location,Unknown offender
INT6087,FT11087,Police partner,Low,Vehicle,No Registration
INT6088,FT14859,Enforcement officer,Medium,Similar dates,None
INT6089,FT03782,Council officer,High,Same Location,Blank
INT6090,FT05184,Enforcement officer,Low,Similar dates,None
INT6091,FT11645,Environmental monitoring,High,Same Location,Blank
INT6092,FT07331,CCTV,High,Waste Pattern,Blank
INT6093,FT01815,Anonymous report,High,Similar dates,None
INT6094,FT00677,Enforcement officer,Medium,Same Location,Unknown offender
INT6095,FT12867,Waste contractor,Low,Vehicle,None
INT6096,FT04084,CCTV,High,Waste Pattern,Blank
INT6097,FT17960,Enforcement officer,High,Similar dates,None
INT6098,FT16547,CCTV,High,Waste Pattern,Unknown offender
INT6099,FT01562,Anonymous report,Medium,Similar dates,None
INT6100,FT16989,Environmental monitoring,Medium,Vehicle,No Registration
INT6101,FT15656,Enforcement officer,Low,Similar dates,None
INT6102,FT09099,CCTV,Medium,Waste Pattern,Unknown offender
INT6103,FT06095,Police partner,Medium,Vehicle,No Registration
INT6104,FT15546,Police partner,High,Waste Pattern,Blank
INT6105,FT03084,Waste contractor,High,Similar dates,None
INT6106,FT03368,Environmental monitoring,Low,Similar dates,None
INT6107,FT16788,Environmental monitoring,High,Vehicle,None
INT6108,FT00604,Resident,Medium,Vehicle,No Registration
INT6109,FT08294,Resident,Low,Waste Pattern,Unknown offender
INT6110,FT03169,Enforcement officer,Low,Vehicle,None
INT6111,FT18674,Resident,High,Similar dates,None
INT6112,FT10592,Resident,Medium,Same Location,Unknown offender
INT6113,FT18896,Council officer,Medium,Vehicle,No Registration
INT6114,FT01426,CCTV,Low,Same Location,Blank
INT6115,FT08013,Anonymous report,Low,Same Location,Unknown offender
INT6116,FT18812,Resident,Low,Same Location,Blank
INT6117,FT19026,Resident,Low,Similar dates,None
INT6118,FT05059,Council officer,Medium,Waste Pattern,Unknown offender
INT6119,FT02755,CCTV,Low,Waste Pattern,Unknown offender
INT6120,FT15844,Enforcement officer,Medium,Vehicle,None
INT6121,FT02077,Enforcement officer,Medium,Waste Pattern,Unknown offender
INT6122,FT16351,Anonymous report,Low,Vehicle,No Registration
INT6123,FT15856,Council officer,Low,Same Location,Unknown offender
INT6124,FT18768,Council officer,Medium,Vehicle,No Registration
INT6125,FT19336,Council officer,High,Similar dates,None
INT6126,FT15121,Waste contractor,Low,Same Location,Blank
INT6127,FT11511,Waste contractor,Low,Vehicle,No Registration
INT6128,FT10604,Council officer,Low,Vehicle,No Registration
INT6129,FT18581,CCTV,Low,Similar dates,None
INT6130,FT06673,Police partner,High,Vehicle,None
INT6131,FT15945,Anonymous report,Medium,Waste Pattern,Unknown offender
INT6132,FT09192,Resident,Low,Waste Pattern,Unknown offender
INT6133,FT15933,Waste contractor,Medium,Same Location,Unknown offender
INT6134,FT06682,Waste contractor,High,Same Location,Blank
INT6135,FT12306,Waste contractor,Low,Waste Pattern,Blank
INT6136,FT00983,Environmental monitoring,Medium,Same Location,Unknown offender
INT6137,FT14847,CCTV,Low,Same Location,Blank
INT6138,FT06465,Resident,Medium,Vehicle,No Registration
INT6139,FT14183,CCTV,Medium,Same Location,Blank
INT6140,FT08785,Waste contractor,Low,Similar dates,None
INT6141,FT11620,Enforcement officer,Medium,Vehicle,None
INT6142,FT16621,Police partner,Low,Same Location,Blank
INT6143,FT07181,Council officer,Low,Similar dates,None
INT6144,FT01244,Resident,High,Waste Pattern,Unknown offender
INT6145,FT19183,Resident,Low,Similar dates,None
INT6146,FT14203,CCTV,Low,Waste Pattern,Blank
INT6147,FT11124,CCTV,Medium,Similar dates,None
INT6148,FT05972,CCTV,Low,Similar dates,None
INT6149,FT07289,Resident,Low,Same Location,Unknown offender
INT6150,FT02641,Police partner,Low,Waste Pattern,Blank
INT6151,FT16006,Environmental monitoring,Low,Same Location,Blank
INT6152,FT04436,Waste contractor,Medium,Vehicle,No Registration
INT6153,FT18626,Council officer,Medium,Waste Pattern,Unknown offender
INT6154,FT08778,Council officer,Medium,Vehicle,No Registration
INT6155,FT10205,Resident,High,Similar dates,None
INT6156,FT04270,Environmental monitoring,Low,Waste Pattern,Unknown offender
INT6157,FT08378,Anonymous report,Medium,Similar dates,None
INT6158,FT13016,Police partner,Low,Similar dates,None
INT6159,FT07229,Anonymous report,Low,Waste Pattern,Blank
INT6160,FT05011,CCTV,Low,Vehicle,None
INT6161,FT06456,Waste contractor,Medium,Similar dates,None
INT6162,FT13663,Anonymous report,Low,Similar dates,None
INT6163,FT02782,Resident,Medium,Similar dates,None
INT6164,FT19841,Resident,Medium,Waste Pattern,Blank
INT6165,FT15434,Waste contractor,High,Same Location,Unknown offender
INT6166,FT04845,Enforcement officer,High,Same Location,Unknown offender
INT6167,FT15057,Anonymous report,Low,Waste Pattern,Unknown offender
INT6168,FT15571,Anonymous report,Low,Similar dates,None
INT6169,FT08899,Police partner,Medium,Waste Pattern,Unknown offender
INT6170,FT13971,Waste contractor,Medium,Vehicle,No Registration
INT6171,FT19695,Resident,Low,Waste Pattern,Blank
INT6172,FT08391,Waste contractor,Medium,Same Location,Unknown offender
INT6173,FT13821,Council officer,Low,Vehicle,No Registration
INT6174,FT15058,Resident,Low,Same Location,Unknown offender
INT6175,FT03839,Waste contractor,Low,Similar dates,None
INT6176,FT12063,Environmental monitoring,Medium,Waste Pattern,Unknown offender
INT6177,FT11441,Council officer,Low,Waste Pattern,Unknown offender
INT6178,FT14306,Environmental monitoring,Medium,Vehicle,None
INT6179,FT12553,Resident,Low,Same Location,Blank
INT6180,FT04120,Enforcement officer,Medium,Same Location,Blank
INT6181,FT09222,Police partner,Medium,Vehicle,None
INT6182,FT18149,Resident,Medium,Waste Pattern,Blank
INT6183,FT02760,Waste contractor,Low,Same Location,Unknown offender
INT6184,FT05427,CCTV,Low,Vehicle,None
INT6185,FT17628,Environmental monitoring,Low,Similar dates,None
INT6186,FT16555,Environmental monitoring,High,Waste Pattern,Blank
INT6187,FT03328,Anonymous report,High,Vehicle,No Registration
INT6188,FT06079,Waste contractor,High,Waste Pattern,Unknown offender
INT6189,FT13269,Anonymous report,Medium,Waste Pattern,Unknown offender
INT6190,FT00518,Resident,High,Waste Pattern,Blank
INT6191,FT10098,Resident,Medium,Similar dates,None
INT6192,FT02083,Council officer,Medium,Similar dates,None
INT6193,FT17210,Resident,Medium,Same Location,Unknown offender
INT6194,FT01923,Anonymous report,High,Same Location,Unknown offender
INT6195,FT10591,Resident,Medium,Same Location,Unknown offender
INT6196,FT04833,Council officer,Low,Waste Pattern,Blank
INT6197,FT00720,Anonymous report,Low,Similar dates,None
INT6198,FT08432,Police partner,High,Vehicle,None
INT6199,FT19860,Waste contractor,High,Similar dates,None
INT6200,FT01730,Council officer,High,Vehicle,None
INT6201,FT15422,Police partner,High,Waste Pattern,Blank
INT6202,FT19938,Environmental monitoring,Low,Similar dates,None
INT6203,FT02895,Waste contractor,High,Same Location,Blank
INT6204,FT09282,Resident,Medium,Waste Pattern,Unknown offender
INT6205,FT10029,Environmental monitoring,Low,Vehicle,None
INT6206,FT03843,CCTV,High,Same Location,Unknown offender
INT6207,FT06024,Resident,Medium,Same Location,Unknown offender
INT6208,FT16110,Police partner,Low,Same Location,Blank
INT6209,FT08295,CCTV,High,Similar dates,None
INT6210,FT05258,Waste contractor,Low,Same Location,Blank
INT6211,FT00058,Police partner,High,Waste Pattern,Blank
INT6212,FT07796,Police partner,Low,Vehicle,None
INT6213,FT13307,CCTV,High,Waste Pattern,Unknown offender
INT6214,FT15360,Environmental monitoring,Medium,Similar dates,None
INT6215,FT01501,Waste contractor,Low,Same Location,Unknown offender
INT6216,FT12568,CCTV,High,Same Location,Blank
INT6217,FT12391,Waste contractor,High,Waste Pattern,Unknown offender
INT6218,FT09386,Council officer,Low,Vehicle,No Registration
INT6219,FT17803,CCTV,Medium,Vehicle,No Registration
INT6220,FT16906,Anonymous report,Low,Waste Pattern,Unknown offender
INT6221,FT03787,Waste contractor,Low,Same Location,Unknown offender
INT6222,FT16980,Waste contractor,Medium,Same Location,Blank
INT6223,FT09778,Resident,High,Same Location,Blank
INT6224,FT07794,Resident,High,Similar dates,None
INT6225,FT15253,Waste contractor,High,Vehicle,No Registration
INT6226,FT04635,Resident,Low,Vehicle,None
INT6227,FT09029,Resident,Medium,Waste Pattern,Unknown offender
INT6228,FT05971,CCTV,Low,Same Location,Unknown offender
INT6229,FT12293,Waste contractor,Low,Vehicle,No Registration
INT6230,FT06967,Anonymous report,Low,Similar dates,None
INT6231,FT04675,Police partner,Medium,Waste Pattern,Unknown offender
INT6232,FT03156,Police partner,Low,Same Location,Unknown offender
INT6233,FT12502,Police partner,Medium,Waste Pattern,Unknown offender
INT6234,FT01636,Anonymous report,Medium,Vehicle,No Registration
INT6235,FT19375,Resident,High,Waste Pattern,Unknown offender
INT6236,FT15138,CCTV,Low,Waste Pattern,Unknown offender
INT6237,FT00408,Anonymous report,Low,Vehicle,None
INT6238,FT02191,Anonymous report,High,Same Location,Unknown offender
INT6239,FT17818,CCTV,Low,Similar dates,None
INT6240,FT18686,Enforcement officer,Low,Vehicle,None
INT6241,FT19651,Enforcement officer,Medium,Waste Pattern,Blank
INT6242,FT12492,Enforcement officer,Low,Waste Pattern,Unknown offender
INT6243,FT15452,Environmental monitoring,Medium,Vehicle,None
INT6244,FT08022,CCTV,Low,Same Location,Blank
INT6245,FT14086,Waste contractor,Medium,Waste Pattern,Unknown offender
INT6246,FT16927,Waste contractor,High,Waste Pattern,Unknown offender
INT6247,FT05058,Anonymous report,High,Similar dates,None
INT6248,FT01888,Council officer,Low,Vehicle,None
INT6249,FT19742,Environmental monitoring,Medium,Waste Pattern,Unknown offender
INT6250,FT13442,Environmental monitoring,Medium,Waste Pattern,Unknown offender
INT6251,FT19218,Anonymous report,Medium,Similar dates,None
INT6252,FT15903,Resident,High,Waste Pattern,Unknown offender
INT6253,FT17673,Council officer,High,Same Location,Blank
INT6254,FT19194,Waste contractor,High,Similar dates,None
INT6255,FT07287,CCTV,High,Similar dates,None
INT6256,FT12905,Anonymous report,Low,Waste Pattern,Unknown offender
INT6257,FT13972,Waste contractor,Low,Vehicle,No Registration
INT6258,FT08814,Waste contractor,Low,Same Location,Unknown offender
INT6259,FT13216,Environmental monitoring,High,Similar dates,None
INT6260,FT15700,CCTV,High,Similar dates,None
INT6261,FT06242,Environmental monitoring,Medium,Similar dates,None
INT6262,FT18817,Environmental monitoring,High,Waste Pattern,Blank
INT6263,FT13844,Enforcement officer,Low,Vehicle,No Registration
INT6264,FT06511,Anonymous report,Low,Waste Pattern,Blank
INT6265,FT18451,Environmental monitoring,High,Similar dates,None
INT6266,FT04249,CCTV,Low,Similar dates,None
INT6267,FT05650,Council officer,Medium,Same Location,Blank
INT6268,FT10171,Enforcement officer,Low,Similar dates,None
INT6269,FT03112,Waste contractor,Low,Similar dates,None
INT6270,FT18892,Council officer,High,Similar dates,None
INT6271,FT04413,Anonymous report,High,Waste Pattern,Blank
INT6272,FT05787,Council officer,Low,Same Location,Blank
INT6273,FT16446,CCTV,Medium,Same Location,Unknown offender
INT6274,FT16356,CCTV,High,Same Location,Blank
INT6275,FT09269,Waste contractor,Medium,Waste Pattern,Unknown offender
INT6276,FT14762,Resident,Low,Same Location,Blank
INT6277,FT06397,Resident,Medium,Similar dates,None
INT6278,FT19485,Environmental monitoring,Medium,Same Location,Blank
INT6279,FT03026,Resident,Low,Same Location,Blank
INT6280,FT19461,Police partner,Low,Same Location,Unknown offender
INT6281,FT07160,Anonymous report,High,Vehicle,None
INT6282,FT07067,Enforcement officer,Medium,Same Location,Blank
INT6283,FT17886,Council officer,High,Waste Pattern,Blank
INT6284,FT05725,Resident,High,Similar dates,None
INT6285,FT01934,Enforcement officer,Low,Vehicle,None
INT6286,FT02263,Anonymous report,High,Similar dates,None
INT6287,FT02208,Police partner,High,Vehicle,None
INT6288,FT05449,Resident,Low,Same Location,Blank
INT6289,FT10200,Enforcement officer,Medium,Same Location,Blank
INT6290,FT05098,Environmental monitoring,Medium,Similar dates,None
INT6291,FT07153,Anonymous report,High,Similar dates,None
INT6292,FT15871,Anonymous report,High,Waste Pattern,Unknown offender
INT6293,FT02533,CCTV,Medium,Same Location,Unknown offender
INT6294,FT09089,Waste contractor,Medium,Vehicle,None
INT6295,FT04610,Waste contractor,Medium,Same Location,Unknown offender
INT6296,FT04816,CCTV,Medium,Same Location,Unknown offender
INT6297,FT02548,Environmental monitoring,Low,Similar dates,None
INT6298,FT17057,Police partner,Low,Same Location,Unknown offender
INT6299,FT05075,Council officer,Low,Similar dates,None
INT6300,FT12946,Council officer,Medium,Similar dates,None
INT6301,FT00972,Police partner,High,Vehicle,No Registration
INT6302,FT17434,Enforcement officer,High,Similar dates,None
INT6303,FT00491,Police partner,Low,Same Location,Unknown offender
INT6304,FT19990,Environmental monitoring,Low,Waste Pattern,Unknown offender
INT6305,FT17120,Police partner,Medium,Vehicle,None
INT6306,FT08776,Enforcement officer,High,Similar dates,None
INT6307,FT09427,Council officer,High,Similar dates,None
INT6308,FT00953,Police partner,High,Vehicle,No Registration
INT6309,FT02600,Council officer,High,Same Location,Unknown offender
INT6310,FT10789,Enforcement officer,High,Similar dates,None
INT6311,FT00515,Resident,High,Same Location,Unknown offender
INT6312,FT19178,Environmental monitoring,Low,Vehicle,No Registration
INT6313,FT09024,Resident,High,Similar dates,None
INT6314,FT17009,Anonymous report,Medium,Waste Pattern,Blank
INT6315,FT10348,Enforcement officer,Low,Vehicle,No Registration
INT6316,FT19421,Police partner,High,Similar dates,None
INT6317,FT19478,Police partner,High,Vehicle,None
INT6318,FT08654,Environmental monitoring,High,Similar dates,None
INT6319,FT15536,CCTV,Medium,Vehicle,None
INT6320,FT18301,Environmental monitoring,High,Similar dates,None
INT6321,FT02192,CCTV,High,Waste Pattern,Unknown offender
INT6322,FT09094,Council officer,High,Vehicle,None
INT6323,FT14477,Resident,High,Same Location,Blank
INT6324,FT08484,Anonymous report,Medium,Same Location,Unknown offender
INT6325,FT06201,Police partner,Medium,Same Location,Unknown offender
INT6326,FT08304,CCTV,High,Similar dates,None
INT6327,FT02193,CCTV,Medium,Vehicle,No Registration
INT6328,FT18455,Environmental monitoring,Low,Same Location,Blank
INT6329,FT03579,Council officer,Low,Same Location,Unknown offender
INT6330,FT17294,Enforcement officer,High,Waste Pattern,Unknown offender
INT6331,FT12842,Council officer,Low,Similar dates,None
INT6332,FT06357,Environmental monitoring,Medium,Same Location,Blank
INT6333,FT14980,CCTV,Medium,Similar dates,None
INT6334,FT11585,Anonymous report,Low,Similar dates,None
INT6335,FT19655,Enforcement officer,High,Similar dates,None
INT6336,FT08382,Enforcement officer,High,Waste Pattern,Blank
INT6337,FT15668,Council officer,Low,Similar dates,None
INT6338,FT06545,Resident,Medium,Same Location,Unknown offender
INT6339,FT17954,Resident,Low,Waste Pattern,Unknown offender
INT6340,FT07469,Council officer,Low,Waste Pattern,Unknown offender
INT6341,FT15904,Anonymous report,Low,Similar dates,None
INT6342,FT13592,Waste contractor,Medium,Waste Pattern,Blank
INT6343,FT06028,Waste contractor,Medium,Vehicle,No Registration
INT6344,FT07380,Enforcement officer,Medium,Waste Pattern,Unknown offender
INT6345,FT06734,Anonymous report,Low,Vehicle,None
INT6346,FT11852,CCTV,High,Vehicle,None
INT6347,FT17043,Resident,Low,Waste Pattern,Unknown offender
INT6348,FT06294,CCTV,Medium,Waste Pattern,Unknown offender
INT6349,FT00946,Waste contractor,Low,Similar dates,None
INT6350,FT06229,Resident,Low,Vehicle,No Registration
INT6351,FT07894,Enforcement officer,Low,Same Location,Unknown offender
INT6352,FT13262,Waste contractor,Medium,Same Location,Blank
INT6353,FT09731,Police partner,Medium,Same Location,Unknown offender
INT6354,FT05761,Anonymous report,High,Vehicle,No Registration
INT6355,FT14733,Anonymous report,Medium,Vehicle,None
INT6356,FT13406,Anonymous report,Low,Waste Pattern,Blank
INT6357,FT10807,Environmental monitoring,Low,Similar dates,None
INT6358,FT16156,Council officer,High,Vehicle,None
INT6359,FT10808,Resident,High,Vehicle,None
INT6360,FT19881,Waste contractor,Low,Waste Pattern,Blank
INT6361,FT06447,Resident,Medium,Vehicle,No Registration
INT6362,FT10192,Environmental monitoring,High,Similar dates,None
INT6363,FT19933,Anonymous report,Medium,Waste Pattern,Unknown offender
INT6364,FT19060,Resident,Medium,Same Location,Unknown offender
INT6365,FT02687,Council officer,Low,Similar dates,None
INT6366,FT16276,Waste contractor,Medium,Waste Pattern,Blank
INT6367,FT01994,Resident,Medium,Same Location,Blank
INT6368,FT14196,Resident,Low,Vehicle,No Registration
INT6369,FT02511,Police partner,Medium,Similar dates,None
INT6370,FT16408,Council officer,Low,Similar dates,None
INT6371,FT00687,Resident,High,Waste Pattern,Unknown offender
INT6372,FT19252,Council officer,Medium,Vehicle,None
INT6373,FT17599,Enforcement officer,High,Similar dates,None
INT6374,FT15941,Enforcement officer,Low,Waste Pattern,Unknown offender
INT6375,FT01948,Waste contractor,Medium,Same Location,Unknown offender
INT6376,FT00936,Waste contractor,Medium,Similar dates,None
INT6377,FT14928,Resident,High,Similar dates,None
INT6378,FT05572,Resident,High,Waste Pattern,Unknown offender
INT6379,FT16024,Enforcement officer,High,Vehicle,No Registration
INT6380,FT04689,Waste contractor,Low,Similar dates,None
INT6381,FT14988,Waste contractor,High,Same Location,Unknown offender
INT6382,FT15859,Council officer,Low,Same Location,Unknown offender
INT6383,FT18032,Enforcement officer,Medium,Waste Pattern,Unknown offender
INT6384,FT15245,Enforcement officer,High,Vehicle,None
INT6385,FT13660,Anonymous report,Low,Same Location,Blank
INT6386,FT02358,Police partner,Medium,Similar dates,None
INT6387,FT08012,Police partner,Low,Same Location,Unknown offender
INT6388,FT05818,Anonymous report,Low,Waste Pattern,Unknown offender
INT6389,FT12821,CCTV,Medium,Same Location,Blank
INT6390,FT09748,Police partner,High,Waste Pattern,Unknown offender
INT6391,FT07142,Resident,High,Similar dates,None
INT6392,FT04086,Anonymous report,Medium,Same Location,Unknown offender
INT6393,FT10652,Enforcement officer,High,Vehicle,No Registration
INT6394,FT07362,Resident,Medium,Waste Pattern,Unknown offender
INT6395,FT03348,Enforcement officer,High,Similar dates,None
INT6396,FT06696,Police partner,Medium,Waste Pattern,Blank
INT6397,FT06127,Waste contractor,Medium,Same Location,Unknown offender
INT6398,FT06530,Waste contractor,Low,Waste Pattern,Unknown offender
INT6399,FT04027,Environmental monitoring,Medium,Waste Pattern,Blank
INT6400,FT08479,Waste contractor,Medium,Waste Pattern,Unknown offender
INT6401,FT14211,Council officer,Low,Similar dates,None
INT6402,FT02704,CCTV,High,Vehicle,None
INT6403,FT15962,Anonymous report,High,Similar dates,None
INT6404,FT00325,Environmental monitoring,Medium,Vehicle,None
INT6405,FT08990,Council officer,High,Similar dates,None
INT6406,FT07846,Resident,Low,Waste Pattern,Unknown offender
INT6407,FT07292,Enforcement officer,High,Waste Pattern,Blank
INT6408,FT18050,Waste contractor,Medium,Vehicle,No Registration
INT6409,FT13498,Police partner,Low,Similar dates,None
INT6410,FT15292,Police partner,Low,Similar dates,None
INT6411,FT19222,Enforcement officer,Medium,Waste Pattern,Blank
INT6412,FT02040,Resident,Low,Similar dates,None
INT6413,FT05431,Police partner,High,Similar dates,None
INT6414,FT09990,Anonymous report,High,Vehicle,None
INT6415,FT15874,CCTV,Medium,Same Location,Unknown offender
INT6416,FT10299,Enforcement officer,Medium,Similar dates,None
INT6417,FT19780,Waste contractor,Low,Vehicle,None
INT6418,FT08853,Waste contractor,Medium,Similar dates,None
INT6419,FT17624,CCTV,Medium,Vehicle,None
INT6420,FT18396,CCTV,Medium,Vehicle,None
INT6421,FT12523,Enforcement officer,Low,Waste Pattern,Unknown offender
INT6422,FT03621,Council officer,Medium,Waste Pattern,Blank
INT6423,FT15326,CCTV,High,Similar dates,None
INT6424,FT19457,CCTV,Low,Vehicle,No Registration
INT6425,FT12850,Waste contractor,High,Same Location,Blank
INT6426,FT15014,Resident,Medium,Waste Pattern,Blank
INT6427,FT10379,Waste contractor,Medium,Similar dates,None
INT6428,FT11180,Waste contractor,Low,Similar dates,None
INT6429,FT14602,CCTV,High,Same Location,Unknown offender
INT6430,FT18247,Council officer,High,Similar dates,None
INT6431,FT05012,Council officer,Low,Same Location,Blank
INT6432,FT14127,Police partner,Low,Same Location,Blank
INT6433,FT14221,Waste contractor,Medium,Similar dates,None
INT6434,FT07061,Council officer,Medium,Waste Pattern,Blank
INT6435,FT01698,Enforcement officer,High,Vehicle,No Registration
INT6436,FT10040,Council officer,Medium,Waste Pattern,Blank
INT6437,FT07577,Council officer,Medium,Similar dates,None
INT6438,FT19038,Anonymous report,Low,Same Location,Blank
INT6439,FT00941,Waste contractor,High,Vehicle,No Registration
INT6440,FT09696,Enforcement officer,High,Similar dates,None
INT6441,FT17656,Enforcement officer,Medium,Waste Pattern,Unknown offender
INT6442,FT11486,CCTV,High,Same Location,Unknown offender
INT6443,FT03357,Resident,High,Vehicle,None
INT6444,FT16000,Council officer,High,Waste Pattern,Unknown offender
INT6445,FT01111,Resident,High,Similar dates,None
INT6446,FT04639,Council officer,Low,Waste Pattern,Blank
INT6447,FT13292,Resident,Medium,Vehicle,None
INT6448,FT09504,Environmental monitoring,Low,Waste Pattern,Blank
INT6449,FT16752,Council officer,High,Waste Pattern,Unknown offender
INT6450,FT03031,Environmental monitoring,Medium,Similar dates,None
INT6451,FT06916,Police partner,Medium,Vehicle,None
INT6452,FT17317,CCTV,High,Vehicle,None
INT6453,FT05120,Enforcement officer,Low,Similar dates,None
INT6454,FT11006,Anonymous report,Medium,Vehicle,None
INT6455,FT09332,Resident,High,Vehicle,None
INT6456,FT11464,Enforcement officer,Low,Vehicle,None
INT6457,FT12121,Anonymous report,Medium,Similar dates,None
INT6458,FT06714,Environmental monitoring,Low,Similar dates,None
INT6459,FT10933,Council officer,Medium,Similar dates,None
INT6460,FT16884,Council officer,High,Same Location,Blank
INT6461,FT19462,Enforcement officer,High,Waste Pattern,Blank
INT6462,FT04410,Resident,Medium,Similar dates,None
INT6463,FT17050,Resident,High,Vehicle,None
INT6464,FT10116,Council officer,High,Vehicle,No Registration
INT6465,FT07528,Enforcement officer,Medium,Waste Pattern,Blank
INT6466,FT11838,Police partner,High,Waste Pattern,Blank
INT6467,FT01010,Resident,High,Same Location,Unknown offender
INT6468,FT19976,CCTV,Medium,Waste Pattern,Unknown offender
INT6469,FT15163,Anonymous report,Medium,Waste Pattern,Blank
INT6470,FT04202,Environmental monitoring,Low,Waste Pattern,Blank
INT6471,FT02891,Anonymous report,Medium,Vehicle,No Registration
INT6472,FT02230,CCTV,Medium,Waste Pattern,Blank
INT6473,FT14288,Environmental monitoring,Low,Same Location,Blank
INT6474,FT00913,CCTV,Medium,Vehicle,No Registration
INT6475,FT01693,Anonymous report,Medium,Same Location,Blank
INT6476,FT13820,Resident,High,Vehicle,None
INT6477,FT01562,CCTV,Medium,Same Location,Blank
INT6478,FT17856,Enforcement officer,Medium,Waste Pattern,Unknown offender
INT6479,FT03854,Environmental monitoring,Medium,Vehicle,None
INT6480,FT03011,Environmental monitoring,High,Same Location,Unknown offender
INT6481,FT12795,Environmental monitoring,High,Same Location,Blank
INT6482,FT09481,Anonymous report,High,Similar dates,None
INT6483,FT10104,Waste contractor,Low,Vehicle,No Registration
INT6484,FT08278,Anonymous report,High,Same Location,Unknown offender
INT6485,FT17623,CCTV,Low,Vehicle,No Registration
INT6486,FT08054,CCTV,Medium,Waste Pattern,Blank
INT6487,FT02213,Enforcement officer,Medium,Waste Pattern,Unknown offender
INT6488,FT09653,Environmental monitoring,Low,Vehicle,None
INT6489,FT15127,Council officer,Low,Same Location,Blank
INT6490,FT10653,Anonymous report,Medium,Vehicle,No Registration
INT6491,FT17468,Council officer,Low,Waste Pattern,Blank
INT6492,FT17571,Environmental monitoring,Medium,Vehicle,None
INT6493,FT07229,Enforcement officer,High,Similar dates,None
INT6494,FT04211,Resident,High,Waste Pattern,Blank
INT6495,FT16264,Environmental monitoring,High,Vehicle,None
INT6496,FT14230,Waste contractor,High,Same Location,Blank
INT6497,FT01766,Enforcement officer,Medium,Vehicle,None
INT6498,FT17862,Police partner,Medium,Similar dates,None
INT6499,FT17100,Enforcement officer,High,Same Location,Blank
INT6500,FT05682,Council officer,Low,Similar dates,None
INT6501,FT13074,Council officer,Medium,Vehicle,None
INT6502,FT18167,Waste contractor,Low,Vehicle,None
INT6503,FT11515,Waste contractor,Low,Similar dates,None
INT6504,FT00739,Waste contractor,High,Vehicle,None
INT6505,FT19559,Police partner,High,Same Location,Blank
INT6506,FT14802,Police partner,Medium,Same Location,Blank
INT6507,FT09828,Police partner,High,Vehicle,No Registration
INT6508,FT16860,Waste contractor,Low,Same Location,Blank
INT6509,FT00575,CCTV,Medium,Waste Pattern,Blank
INT6510,FT08699,Anonymous report,High,Same Location,Unknown offender
INT6511,FT16251,Anonymous report,Medium,Same Location,Unknown offender
INT6512,FT13977,Resident,High,Similar dates,None
INT6513,FT13106,Enforcement officer,Low,Vehicle,None
INT6514,FT10240,Anonymous report,High,Similar dates,None
INT6515,FT00445,Enforcement officer,High,Waste Pattern,Blank
INT6516,FT02446,Council officer,Low,Similar dates,None
INT6517,FT00072,Police partner,Low,Waste Pattern,Blank
INT6518,FT18814,Waste contractor,Medium,Same Location,Unknown offender
INT6519,FT00485,Resident,High,Waste Pattern,Blank
INT6520,FT00275,Environmental monitoring,Low,Similar dates,None
INT6521,FT05372,Police partner,High,Waste Pattern,Blank
INT6522,FT16061,Resident,Medium,Waste Pattern,Blank
INT6523,FT02315,Resident,Low,Vehicle,No Registration
INT6524,FT00591,Police partner,Low,Vehicle,No Registration
INT6525,FT18404,Police partner,High,Vehicle,No Registration
INT6526,FT02237,CCTV,Low,Waste Pattern,Unknown offender
INT6527,FT01047,Council officer,Low,Vehicle,None
INT6528,FT09254,Resident,Medium,Same Location,Blank
INT6529,FT09382,Council officer,High,Vehicle,None
INT6530,FT17494,CCTV,Medium,Same Location,Blank
INT6531,FT17719,Waste contractor,Medium,Waste Pattern,Unknown offender
INT6532,FT06279,Waste contractor,Medium,Waste Pattern,Unknown offender
INT6533,FT04058,Environmental monitoring,Medium,Waste Pattern,Blank
INT6534,FT17948,Waste contractor,Medium,Vehicle,No Registration
INT6535,FT14293,Environmental monitoring,Low,Same Location,Blank
INT6536,FT03269,Enforcement officer,Low,Similar dates,None
INT6537,FT06331,Anonymous report,Medium,Same Location,Unknown offender
INT6538,FT00202,CCTV,High,Vehicle,None
INT6539,FT01099,Council officer,High,Same Location,Blank
INT6540,FT08480,CCTV,Medium,Vehicle,None
INT6541,FT02336,Council officer,Medium,Same Location,Blank
INT6542,FT00855,Enforcement officer,High,Similar dates,None
INT6543,FT05819,Police partner,High,Vehicle,No Registration
INT6544,FT05317,Council officer,Medium,Same Location,Blank
INT6545,FT12213,Council officer,Medium,Similar dates,None
INT6546,FT04986,Council officer,Low,Same Location,Unknown offender
INT6547,FT16704,Police partner,Medium,Waste Pattern,Unknown offender
INT6548,FT13783,Police partner,High,Same Location,Blank
INT6549,FT17884,CCTV,Low,Similar dates,None
INT6550,FT11066,Council officer,Medium,Waste Pattern,Unknown offender
INT6551,FT10409,Council officer,Medium,Waste Pattern,Unknown offender
INT6552,FT08164,CCTV,High,Vehicle,No Registration
INT6553,FT02134,Environmental monitoring,High,Vehicle,None
INT6554,FT19987,Anonymous report,High,Similar dates,None
INT6555,FT17272,Enforcement officer,High,Vehicle,None
INT6556,FT09856,Council officer,Medium,Similar dates,None
INT6557,FT08525,Waste contractor,Medium,Vehicle,None
INT6558,FT14159,Anonymous report,Medium,Similar dates,None
INT6559,FT09667,Waste contractor,Medium,Same Location,Blank
INT6560,FT12454,CCTV,Low,Vehicle,None
INT6561,FT04904,Anonymous report,Low,Waste Pattern,Blank
INT6562,FT19434,Resident,High,Similar dates,None
INT6563,FT08139,CCTV,High,Vehicle,No Registration
INT6564,FT00693,CCTV,Low,Waste Pattern,Unknown offender
INT6565,FT16818,Police partner,Medium,Waste Pattern,Unknown offender
INT6566,FT16422,Environmental monitoring,High,Similar dates,None
INT6567,FT03808,Enforcement officer,High,Waste Pattern,Unknown offender
INT6568,FT00986,CCTV,High,Same Location,Blank
INT6569,FT11805,Council officer,Low,Same Location,Unknown offender
INT6570,FT10626,Anonymous report,Low,Vehicle,No Registration
INT6571,FT01715,Enforcement officer,Low,Same Location,Blank
INT6572,FT04305,Environmental monitoring,Medium,Similar dates,None
INT6573,FT07420,Enforcement officer,Low,Vehicle,No Registration
INT6574,FT12983,Resident,Medium,Similar dates,None
INT6575,FT14567,Council officer,Medium,Waste Pattern,Blank
INT6576,FT07680,Anonymous report,Medium,Waste Pattern,Blank
INT6577,FT19374,CCTV,High,Similar dates,None
INT6578,FT06608,Environmental monitoring,High,Same Location,Blank
INT6579,FT11770,Anonymous report,Low,Waste Pattern,Blank
INT6580,FT04768,Council officer,Low,Vehicle,None
INT6581,FT16955,Anonymous report,Medium,Same Location,Unknown offender
INT6582,FT16751,Waste contractor,Low,Similar dates,None
INT6583,FT09792,Police partner,Low,Similar dates,None
INT6584,FT06370,Police partner,Low,Similar dates,None
INT6585,FT17719,Council officer,Medium,Waste Pattern,Blank
INT6586,FT06246,Waste contractor,High,Same Location,Blank
INT6587,FT16517,Enforcement officer,High,Vehicle,None
INT6588,FT02705,Environmental monitoring,Low,Vehicle,No Registration
INT6589,FT15153,Council officer,High,Similar dates,None
INT6590,FT04230,Police partner,Medium,Waste Pattern,Blank
INT6591,FT12143,CCTV,High,Same Location,Unknown offender
INT6592,FT10304,Police partner,Low,Same Location,Blank
INT6593,FT12116,Waste contractor,Low,Vehicle,No Registration
INT6594,FT08962,CCTV,Low,Similar dates,None
INT6595,FT07549,Anonymous report,Medium,Similar dates,None
INT6596,FT07101,Council officer,Medium,Vehicle,None
INT6597,FT12461,Police partner,Medium,Waste Pattern,Blank
INT6598,FT04011,CCTV,Medium,Vehicle,None
INT6599,FT06259,CCTV,Medium,Waste Pattern,Unknown offender
INT6600,FT02209,Resident,Medium,Similar dates,None
INT6601,FT14369,Council officer,High,Similar dates,None
INT6602,FT11188,CCTV,High,Similar dates,None
INT6603,FT17177,Environmental monitoring,High,Similar dates,None
INT6604,FT04162,Enforcement officer,Low,Waste Pattern,Unknown offender
INT6605,FT10930,Enforcement officer,High,Same Location,Blank
INT6606,FT05095,CCTV,Medium,Vehicle,No Registration
INT6607,FT12183,Anonymous report,Low,Vehicle,None
INT6608,FT13334,Waste contractor,High,Waste Pattern,Unknown offender
INT6609,FT02750,Anonymous report,Medium,Same Location,Blank
INT6610,FT03561,Waste contractor,Low,Similar dates,None
INT6611,FT06697,Environmental monitoring,High,Waste Pattern,Blank
INT6612,FT17072,CCTV,Medium,Waste Pattern,Unknown offender
INT6613,FT10828,CCTV,Low,Waste Pattern,Blank
INT6614,FT18521,Enforcement officer,High,Similar dates,None
INT6615,FT06438,Waste contractor,Medium,Vehicle,No Registration
INT6616,FT10558,Resident,High,Waste Pattern,Blank
INT6617,FT11865,Anonymous report,Medium,Vehicle,None
INT6618,FT04350,CCTV,Low,Same Location,Unknown offender
INT6619,FT06315,CCTV,Low,Similar dates,None
INT6620,FT13883,CCTV,Low,Waste Pattern,Blank
INT6621,FT06974,Waste contractor,Medium,Vehicle,None
INT6622,FT07602,CCTV,Medium,Vehicle,No Registration
INT6623,FT17071,Anonymous report,High,Same Location,Unknown offender
INT6624,FT12989,Waste contractor,Low,Waste Pattern,Unknown offender
INT6625,FT03087,Waste contractor,Low,Similar dates,None
INT6626,FT14167,Anonymous report,Medium,Same Location,Unknown offender
INT6627,FT11589,Council officer,Low,Vehicle,No Registration
INT6628,FT13286,Council officer,High,Similar dates,None
INT6629,FT06916,Anonymous report,Medium,Waste Pattern,Unknown offender
INT6630,FT18797,Police partner,Low,Same Location,Blank
INT6631,FT06306,Environmental monitoring,Low,Similar dates,None
INT6632,FT16007,CCTV,Low,Waste Pattern,Unknown offender
INT6633,FT18674,Environmental monitoring,High,Same Location,Unknown offender
INT6634,FT03633,Environmental monitoring,Medium,Waste Pattern,Blank
INT6635,FT11847,Police partner,Low,Similar dates,None
INT6636,FT14446,Anonymous report,High,Vehicle,No Registration
INT6637,FT03332,Anonymous report,High,Same Location,Unknown offender
INT6638,FT18665,Council officer,Medium,Similar dates,None
INT6639,FT04483,Waste contractor,Low,Similar dates,None
INT6640,FT12107,Environmental monitoring,Low,Waste Pattern,Blank
INT6641,FT19833,Environmental monitoring,Low,Similar dates,None
INT6642,FT03402,Anonymous report,Medium,Vehicle,No Registration
INT6643,FT04486,Resident,Low,Waste Pattern,Blank
INT6644,FT01091,Waste contractor,Low,Similar dates,None
INT6645,FT03869,Environmental monitoring,High,Waste Pattern,Unknown offender
INT6646,FT06047,Police partner,Medium,Same Location,Blank
INT6647,FT05902,Police partner,Low,Waste Pattern,Unknown offender
INT6648,FT02560,CCTV,Low,Waste Pattern,Blank
INT6649,FT11202,Police partner,High,Same Location,Unknown offender
INT6650,FT10609,Council officer,High,Waste Pattern,Unknown offender
INT6651,FT18205,CCTV,Medium,Similar dates,None
INT6652,FT14658,Council officer,Low,Same Location,Unknown offender
INT6653,FT13977,Anonymous report,Medium,Similar dates,None
INT6654,FT00883,Council officer,High,Similar dates,None
INT6655,FT08921,Police partner,Low,Vehicle,None
INT6656,FT17367,Enforcement officer,High,Vehicle,None
INT6657,FT06631,Council officer,Low,Vehicle,None
INT6658,FT08477,CCTV,Low,Vehicle,None
INT6659,FT11297,Enforcement officer,Low,Similar dates,None
INT6660,FT11846,Anonymous report,High,Vehicle,No Registration
INT6661,FT00250,Police partner,Medium,Vehicle,No Registration
INT6662,FT09536,CCTV,Medium,Same Location,Blank
INT6663,FT18124,CCTV,Low,Waste Pattern,Blank
INT6664,FT10016,Police partner,High,Waste Pattern,Unknown offender
INT6665,FT05823,Police partner,High,Waste Pattern,Unknown offender
INT6666,FT02483,CCTV,Medium,Waste Pattern,Blank
INT6667,FT03063,Anonymous report,Medium,Same Location,Unknown offender
INT6668,FT03150,Anonymous report,Medium,Similar dates,None
INT6669,FT08563,CCTV,Medium,Vehicle,None
INT6670,FT05371,Waste contractor,High,Vehicle,No Registration
INT6671,FT07727,Enforcement officer,High,Waste Pattern,Unknown offender
INT6672,FT11010,Enforcement officer,Low,Waste Pattern,Blank
INT6673,FT06052,CCTV,High,Vehicle,None
INT6674,FT19523,Environmental monitoring,Low,Vehicle,None
INT6675,FT13083,CCTV,Low,Similar dates,None
INT6676,FT10275,Anonymous report,High,Vehicle,None
INT6677,FT01028,Resident,Medium,Vehicle,No Registration
INT6678,FT07869,CCTV,High,Vehicle,None
INT6679,FT09649,Anonymous report,High,Similar dates,None
INT6680,FT15002,CCTV,Low,Waste Pattern,Blank
INT6681,FT12541,Council officer,Low,Vehicle,No Registration
INT6682,FT08418,Anonymous report,Low,Waste Pattern,Unknown offender
INT6683,FT02899,Enforcement officer,High,Vehicle,No Registration
INT6684,FT09095,Police partner,High,Vehicle,None
INT6685,FT15956,CCTV,Medium,Vehicle,None
INT6686,FT07714,Enforcement officer,Low,Vehicle,No Registration
INT6687,FT09857,Anonymous report,Low,Waste Pattern,Unknown offender
INT6688,FT03109,Council officer,Medium,Same Location,Unknown offender
INT6689,FT19066,Resident,High,Waste Pattern,Unknown offender
INT6690,FT00258,Council officer,Medium,Vehicle,No Registration
INT6691,FT08060,CCTV,High,Same Location,Unknown offender
INT6692,FT17580,CCTV,Medium,Same Location,Blank
INT6693,FT03253,Resident,Medium,Vehicle,None
INT6694,FT18909,CCTV,Medium,Same Location,Unknown offender
INT6695,FT03314,Police partner,Medium,Vehicle,None
INT6696,FT19640,Resident,Medium,Similar dates,None
INT6697,FT08034,Environmental monitoring,High,Same Location,Unknown offender
INT6698,FT14476,Waste contractor,Medium,Similar dates,None
INT6699,FT10136,Enforcement officer,Low,Waste Pattern,Blank
INT6700,FT07179,Council officer,High,Waste Pattern,Unknown offender
INT6701,FT12750,Council officer,Medium,Similar dates,None
INT6702,FT12121,CCTV,Medium,Same Location,Unknown offender
INT6703,FT05782,CCTV,Medium,Similar dates,None
INT6704,FT16342,Council officer,Low,Same Location,Unknown offender
INT6705,FT17680,Waste contractor,Medium,Waste Pattern,Unknown offender
INT6706,FT12335,Environmental monitoring,High,Same Location,Unknown offender
INT6707,FT19895,Council officer,Low,Waste Pattern,Blank
INT6708,FT03478,Waste contractor,High,Waste Pattern,Blank
INT6709,FT07781,Resident,High,Same Location,Unknown offender
INT6710,FT08052,Anonymous report,Medium,Waste Pattern,Unknown offender
INT6711,FT08086,Resident,High,Waste Pattern,Unknown offender
INT6712,FT13456,CCTV,Medium,Same Location,Unknown offender
INT6713,FT12490,Police partner,Low,Waste Pattern,Blank
INT6714,FT08528,Police partner,Medium,Waste Pattern,Unknown offender
INT6715,FT05644,Resident,Medium,Same Location,Blank
INT6716,FT17614,Environmental monitoring,Low,Vehicle,None
INT6717,FT13732,Environmental monitoring,High,Similar dates,None
INT6718,FT08740,Resident,Medium,Waste Pattern,Blank
INT6719,FT04989,Anonymous report,Medium,Waste Pattern,Unknown offender
INT6720,FT18009,Council officer,Medium,Vehicle,None
INT6721,FT06557,Resident,Low,Same Location,Unknown offender
INT6722,FT11906,Waste contractor,Medium,Waste Pattern,Unknown offender
INT6723,FT10296,Anonymous report,High,Waste Pattern,Unknown offender
INT6724,FT12588,Waste contractor,Low,Same Location,Blank
INT6725,FT10475,Enforcement officer,Medium,Same Location,Unknown offender
INT6726,FT02702,Police partner,Low,Vehicle,None
INT6727,FT11737,Environmental monitoring,High,Same Location,Blank
INT6728,FT16328,Enforcement officer,Low,Vehicle,None
INT6729,FT17083,Waste contractor,Medium,Waste Pattern,Unknown offender
INT6730,FT08439,CCTV,High,Vehicle,None
INT6731,FT01823,Council officer,Medium,Same Location,Blank
INT6732,FT02271,Anonymous report,High,Waste Pattern,Unknown offender
INT6733,FT17192,CCTV,High,Same Location,Blank
INT6734,FT18935,Environmental monitoring,Low,Similar dates,None
INT6735,FT16453,Police partner,High,Waste Pattern,Blank
INT6736,FT09386,Police partner,Low,Vehicle,No Registration
INT6737,FT16561,Anonymous report,Medium,Similar dates,None
INT6738,FT19951,Enforcement officer,High,Similar dates,None
INT6739,FT09267,Environmental monitoring,High,Vehicle,None
INT6740,FT11202,Resident,High,Vehicle,None
INT6741,FT13036,Enforcement officer,Low,Similar dates,None
INT6742,FT14739,CCTV,Medium,Same Location,Blank
INT6743,FT08829,Waste contractor,Low,Vehicle,None
INT6744,FT05130,Resident,High,Waste Pattern,Unknown offender
INT6745,FT10108,Anonymous report,Low,Similar dates,None
INT6746,FT08410,Enforcement officer,Low,Vehicle,No Registration
INT6747,FT07769,Anonymous report,Low,Vehicle,No Registration
INT6748,FT19258,Enforcement officer,Medium,Similar dates,None
INT6749,FT00616,Police partner,Medium,Same Location,Blank
INT6750,FT08530,Council officer,High,Waste Pattern,Blank
INT6751,FT18145,Anonymous report,High,Waste Pattern,Blank
INT6752,FT06293,Police partner,High,Vehicle,No Registration
INT6753,FT19942,Environmental monitoring,Medium,Similar dates,None
INT6754,FT02014,CCTV,Low,Same Location,Blank
INT6755,FT07937,Enforcement officer,High,Waste Pattern,Unknown offender
INT6756,FT18452,Resident,High,Similar dates,None
INT6757,FT14257,CCTV,Medium,Vehicle,None
INT6758,FT11744,Environmental monitoring,Medium,Vehicle,None
INT6759,FT18844,Waste contractor,Medium,Same Location,Blank
INT6760,FT07871,Police partner,Medium,Similar dates,None
INT6761,FT10512,Waste contractor,Medium,Vehicle,None
INT6762,FT02222,Environmental monitoring,Medium,Same Location,Blank
INT6763,FT07816,Council officer,Medium,Same Location,Blank
INT6764,FT15438,Waste contractor,Low,Similar dates,None
INT6765,FT16837,Waste contractor,High,Waste Pattern,Blank
INT6766,FT01326,Enforcement officer,Low,Similar dates,None
INT6767,FT01832,Anonymous report,Medium,Same Location,Unknown offender
INT6768,FT18401,Waste contractor,Low,Same Location,Unknown offender
INT6769,FT03544,Council officer,High,Same Location,Blank
INT6770,FT19921,Council officer,Medium,Similar dates,None
INT6771,FT00897,Environmental monitoring,Low,Vehicle,No Registration
INT6772,FT04027,Waste contractor,Low,Waste Pattern,Unknown offender
INT6773,FT04438,Enforcement officer,High,Same Location,Blank
INT6774,FT01020,CCTV,Medium,Similar dates,None
INT6775,FT00528,Police partner,Medium,Same Location,Unknown offender
INT6776,FT08080,Anonymous report,High,Same Location,Unknown offender
INT6777,FT06030,Anonymous report,Low,Vehicle,No Registration
INT6778,FT19759,Police partner,High,Vehicle,No Registration
INT6779,FT07139,Anonymous report,Low,Similar dates,None
INT6780,FT11265,Resident,Low,Same Location,Blank
INT6781,FT04677,Enforcement officer,High,Same Location,Blank
INT6782,FT12840,Council officer,Low,Same Location,Blank
INT6783,FT04573,Council officer,Medium,Same Location,Blank
INT6784,FT05662,Waste contractor,Medium,Waste Pattern,Unknown offender
INT6785,FT16161,Waste contractor,Low,Same Location,Unknown offender
INT6786,FT16443,Anonymous report,Medium,Waste Pattern,Blank
INT6787,FT00942,Waste contractor,Medium,Similar dates,None
INT6788,FT02557,Anonymous report,Medium,Similar dates,None
INT6789,FT12296,Council officer,Medium,Same Location,Unknown offender
INT6790,FT13830,CCTV,Medium,Vehicle,None
INT6791,FT00104,Waste contractor,Medium,Waste Pattern,Unknown offender
INT6792,FT12215,Environmental monitoring,Medium,Waste Pattern,Unknown offender
INT6793,FT19103,Environmental monitoring,Low,Similar dates,None
INT6794,FT08934,Environmental monitoring,Low,Similar dates,None
INT6795,FT07188,CCTV,High,Similar dates,None
INT6796,FT13002,Environmental monitoring,Medium,Similar dates,None
INT6797,FT07892,Enforcement officer,Medium,Similar dates,None
INT6798,FT04697,Anonymous report,Low,Waste Pattern,Blank
INT6799,FT15885,Resident,Low,Waste Pattern,Unknown offender
INT6800,FT10736,Resident,Low,Same Location,Blank
INT6801,FT18881,Anonymous report,High,Vehicle,None
INT6802,FT15609,Environmental monitoring,Medium,Similar dates,None
INT6803,FT01137,Environmental monitoring,Medium,Vehicle,No Registration
INT6804,FT02246,Council officer,Medium,Vehicle,No Registration
INT6805,FT08653,Enforcement officer,High,Same Location,Blank
INT6806,FT11010,Enforcement officer,Low,Vehicle,None
INT6807,FT12924,Council officer,Medium,Waste Pattern,Unknown offender
INT6808,FT12189,Police partner,High,Same Location,Unknown offender
INT6809,FT07631,Environmental monitoring,Low,Vehicle,No Registration
INT6810,FT02621,Resident,Low,Same Location,Blank
INT6811,FT19454,Police partner,Low,Waste Pattern,Unknown offender
INT6812,FT12131,Resident,High,Similar dates,None
INT6813,FT05954,Waste contractor,Medium,Waste Pattern,Blank
INT6814,FT08929,Resident,High,Same Location,Blank
INT6815,FT18043,Police partner,Low,Similar dates,None
INT6816,FT00361,Police partner,Low,Vehicle,None
INT6817,FT05638,Waste contractor,High,Vehicle,None
INT6818,FT19619,Police partner,Medium,Similar dates,None
INT6819,FT11685,Environmental monitoring,Medium,Waste Pattern,Unknown offender
INT6820,FT06325,Council officer,High,Vehicle,None
INT6821,FT09742,Police partner,Low,Similar dates,None
INT6822,FT12607,Resident,Medium,Vehicle,No Registration
INT6823,FT00320,Environmental monitoring,High,Waste Pattern,Unknown offender
INT6824,FT14934,Police partner,Medium,Same Location,Unknown offender
INT6825,FT08996,Police partner,Medium,Same Location,Unknown offender
INT6826,FT08293,CCTV,Low,Same Location,Blank
INT6827,FT10819,Environmental monitoring,High,Waste Pattern,Blank
INT6828,FT13631,Waste contractor,Low,Waste Pattern,Unknown offender
INT6829,FT01590,Environmental monitoring,Low,Similar dates,None
INT6830,FT04812,Waste contractor,High,Vehicle,No Registration
INT6831,FT15773,Enforcement officer,High,Waste Pattern,Unknown offender
INT6832,FT19880,Resident,Low,Same Location,Blank
INT6833,FT08812,Anonymous report,Low,Waste Pattern,Blank
INT6834,FT09142,Police partner,Medium,Vehicle,No Registration
INT6835,FT13093,Council officer,High,Same Location,Blank
INT6836,FT00403,Environmental monitoring,High,Similar dates,None
INT6837,FT03449,Anonymous report,High,Same Location,Unknown offender
INT6838,FT04307,CCTV,Low,Vehicle,None
INT6839,FT19657,Enforcement officer,Low,Vehicle,No Registration
INT6840,FT18580,Resident,Medium,Vehicle,No Registration
INT6841,FT16984,Environmental monitoring,Low,Same Location,Blank
INT6842,FT13260,CCTV,Medium,Waste Pattern,Unknown offender
INT6843,FT07501,Police partner,High,Waste Pattern,Unknown offender
INT6844,FT05002,Anonymous report,High,Same Location,Blank
INT6845,FT17383,Police partner,High,Same Location,Blank
INT6846,FT07933,Environmental monitoring,Medium,Waste Pattern,Unknown offender
INT6847,FT17185,CCTV,Medium,Waste Pattern,Blank
INT6848,FT02438,Council officer,High,Waste Pattern,Blank
INT6849,FT09423,Waste contractor,Low,Vehicle,None
INT6850,FT05774,Anonymous report,High,Similar dates,None
INT6851,FT14728,Council officer,Low,Same Location,Blank
INT6852,FT04886,Police partner,High,Waste Pattern,Unknown offender
INT6853,FT18307,Police partner,Medium,Similar dates,None
INT6854,FT09905,Council officer,Medium,Vehicle,No Registration
INT6855,FT11064,Enforcement officer,Low,Vehicle,No Registration
INT6856,FT18061,Council officer,Low,Waste Pattern,Blank
INT6857,FT12802,CCTV,Medium,Vehicle,No Registration
INT6858,FT19257,Anonymous report,High,Waste Pattern,Blank
INT6859,FT18361,Waste contractor,Low,Same Location,Blank
INT6860,FT04092,Waste contractor,Medium,Same Location,Blank
INT6861,FT06758,Anonymous report,High,Similar dates,None
INT6862,FT12063,Enforcement officer,Low,Same Location,Blank
INT6863,FT13386,Enforcement officer,Medium,Same Location,Unknown offender
INT6864,FT03813,Waste contractor,High,Waste Pattern,Blank
INT6865,FT09139,Anonymous report,Low,Waste Pattern,Unknown offender
INT6866,FT01567,Police partner,High,Waste Pattern,Blank
INT6867,FT17638,Council officer,Low,Same Location,Unknown offender
INT6868,FT13756,Resident,High,Same Location,Unknown offender
INT6869,FT02183,Environmental monitoring,High,Waste Pattern,Blank
INT6870,FT14014,Resident,Medium,Similar dates,None
INT6871,FT06496,Council officer,Medium,Vehicle,None
INT6872,FT16077,Resident,Medium,Waste Pattern,Blank
INT6873,FT09520,CCTV,Low,Vehicle,No Registration
INT6874,FT11978,Environmental monitoring,High,Same Location,Unknown offender
INT6875,FT08797,Resident,Low,Waste Pattern,Unknown offender
INT6876,FT17618,Council officer,Medium,Similar dates,None
INT6877,FT19888,Enforcement officer,Medium,Waste Pattern,Unknown offender
INT6878,FT01347,Council officer,High,Vehicle,None
INT6879,FT07430,Police partner,Medium,Same Location,Blank
INT6880,FT02906,CCTV,Medium,Waste Pattern,Blank
INT6881,FT05262,Council officer,High,Similar dates,None
INT6882,FT10495,Police partner,Low,Similar dates,None
INT6883,FT13679,Environmental monitoring,High,Same Location,Unknown offender
INT6884,FT11823,Waste contractor,Low,Same Location,Blank
INT6885,FT15889,Environmental monitoring,High,Similar dates,None
INT6886,FT10953,Council officer,Low,Waste Pattern,Blank
INT6887,FT05501,Environmental monitoring,Low,Similar dates,None
INT6888,FT00527,CCTV,Low,Same Location,Unknown offender
INT6889,FT11809,Resident,Low,Vehicle,No Registration
INT6890,FT03022,Waste contractor,Medium,Vehicle,No Registration
INT6891,FT15223,Resident,Low,Vehicle,No Registration
INT6892,FT07637,Enforcement officer,Medium,Waste Pattern,Blank
INT6893,FT04118,Enforcement officer,Medium,Waste Pattern,Blank
INT6894,FT09365,Waste contractor,Medium,Similar dates,None
INT6895,FT14859,Anonymous report,Low,Waste Pattern,Blank
INT6896,FT02528,Resident,Low,Same Location,Blank
INT6897,FT12423,Waste contractor,Medium,Waste Pattern,Blank
INT6898,FT10864,Waste contractor,Low,Waste Pattern,Unknown offender
INT6899,FT01637,CCTV,High,Waste Pattern,Blank
INT6900,FT03978,Environmental monitoring,Medium,Similar dates,None
INT6901,FT01750,Environmental monitoring,High,Same Location,Unknown offender
INT6902,FT15005,CCTV,Medium,Waste Pattern,Unknown offender
INT6903,FT09589,Council officer,Low,Waste Pattern,Blank
INT6904,FT19258,Waste contractor,Low,Waste Pattern,Blank
INT6905,FT01779,Anonymous report,Medium,Similar dates,None
INT6906,FT04183,Environmental monitoring,Low,Vehicle,No Registration
INT6907,FT04767,Council officer,High,Waste Pattern,Unknown offender
INT6908,FT14377,Resident,Medium,Similar dates,None
INT6909,FT12981,Waste contractor,High,Waste Pattern,Unknown offender
INT6910,FT06385,Waste contractor,Medium,Same Location,Blank
INT6911,FT16422,Resident,Medium,Similar dates,None
INT6912,FT19929,Resident,High,Similar dates,None
INT6913,FT15325,Environmental monitoring,Low,Vehicle,No Registration
INT6914,FT11833,Police partner,Medium,Waste Pattern,Unknown offender
INT6915,FT02276,Police partner,Medium,Same Location,Unknown offender
INT6916,FT08112,CCTV,High,Similar dates,None
INT6917,FT00240,Enforcement officer,Low,Similar dates,None
INT6918,FT18922,CCTV,High,Similar dates,None
INT6919,FT15221,Environmental monitoring,Low,Vehicle,No Registration
INT6920,FT05770,Waste contractor,Medium,Waste Pattern,Unknown offender
INT6921,FT09985,Waste contractor,Medium,Similar dates,None
INT6922,FT03691,Enforcement officer,Low,Vehicle,No Registration
INT6923,FT11492,Police partner,High,Waste Pattern,Blank
INT6924,FT04968,Council officer,Medium,Vehicle,No Registration
INT6925,FT18760,Resident,High,Vehicle,No Registration
INT6926,FT01560,Environmental monitoring,Medium,Vehicle,No Registration
INT6927,FT01968,Waste contractor,Medium,Similar dates,None
INT6928,FT08081,Environmental monitoring,Low,Vehicle,None
INT6929,FT17796,Enforcement officer,High,Similar dates,None
INT6930,FT07668,Environmental monitoring,High,Waste Pattern,Blank
INT6931,FT07557,Resident,Medium,Waste Pattern,Blank
INT6932,FT19522,Anonymous report,Medium,Same Location,Unknown offender
INT6933,FT17358,CCTV,Medium,Vehicle,No Registration
INT6934,FT05960,CCTV,Medium,Waste Pattern,Unknown offender
INT6935,FT02567,Police partner,Low,Waste Pattern,Unknown offender
INT6936,FT04577,Enforcement officer,Low,Similar dates,None
INT6937,FT13709,Waste contractor,High,Similar dates,None
INT6938,FT13723,Anonymous report,High,Waste Pattern,Blank
INT6939,FT07080,Environmental monitoring,High,Similar dates,None
INT6940,FT00762,CCTV,Low,Waste Pattern,Blank
INT6941,FT08086,Enforcement officer,Low,Vehicle,None
INT6942,FT13409,Resident,High,Same Location,Unknown offender
INT6943,FT12119,Environmental monitoring,High,Similar dates,None
INT6944,FT16413,Anonymous report,Medium,Waste Pattern,Unknown offender
INT6945,FT12094,CCTV,Low,Similar dates,None
INT6946,FT14873,Environmental monitoring,Medium,Similar dates,None
INT6947,FT11615,Environmental monitoring,Medium,Same Location,Blank
INT6948,FT12336,Waste contractor,High,Vehicle,No Registration
INT6949,FT16296,Waste contractor,Low,Waste Pattern,Blank
INT6950,FT08594,Anonymous report,Medium,Same Location,Unknown offender
INT6951,FT19179,Environmental monitoring,Low,Waste Pattern,Blank
INT6952,FT14246,Council officer,Low,Similar dates,None
INT6953,FT18789,Environmental monitoring,High,Similar dates,None
INT6954,FT09608,Council officer,Low,Similar dates,None
INT6955,FT18045,CCTV,Low,Similar dates,None
INT6956,FT02998,Environmental monitoring,High,Similar dates,None
INT6957,FT18504,Enforcement officer,High,Similar dates,None
INT6958,FT06081,Resident,Medium,Same Location,Blank
INT6959,FT19187,Enforcement officer,Low,Vehicle,No Registration
INT6960,FT02909,Waste contractor,High,Similar dates,None
INT6961,FT03674,Resident,Medium,Same Location,Blank
INT6962,FT17690,Enforcement officer,Low,Similar dates,None
INT6963,FT08602,Anonymous report,Medium,Vehicle,None
INT6964,FT10666,Police partner,High,Vehicle,No Registration
INT6965,FT15399,Anonymous report,Medium,Similar dates,None
INT6966,FT15303,Waste contractor,Low,Waste Pattern,Blank
INT6967,FT18546,Environmental monitoring,High,Vehicle,No Registration
INT6968,FT13031,Anonymous report,Low,Vehicle,None
INT6969,FT17824,Council officer,High,Waste Pattern,Blank
INT6970,FT01750,Council officer,Medium,Same Location,Unknown offender
INT6971,FT06730,CCTV,Medium,Similar dates,None
INT6972,FT05485,Environmental monitoring,Low,Waste Pattern,Unknown offender
INT6973,FT03925,Resident,High,Vehicle,No Registration
INT6974,FT12315,Enforcement officer,Medium,Vehicle,None
INT6975,FT01570,Police partner,Medium,Same Location,Blank
INT6976,FT11858,Anonymous report,High,Similar dates,None
INT6977,FT18134,Council officer,Low,Similar dates,None
INT6978,FT13178,Environmental monitoring,Medium,Same Location,Unknown offender
INT6979,FT11819,Council officer,Low,Similar dates,None
INT6980,FT14801,Enforcement officer,High,Vehicle,No Registration
INT6981,FT17715,CCTV,Low,Vehicle,None
INT6982,FT19591,Police partner,High,Vehicle,No Registration
INT6983,FT02048,Resident,High,Same Location,Blank
INT6984,FT15552,CCTV,Low,Similar dates,None
INT6985,FT04128,Enforcement officer,High,Same Location,Unknown offender
INT6986,FT09998,Waste contractor,Medium,Similar dates,None
INT6987,FT04177,Environmental monitoring,Medium,Similar dates,None
INT6988,FT04072,Environmental monitoring,High,Waste Pattern,Unknown offender
INT6989,FT11891,Environmental monitoring,Low,Same Location,Blank
INT6990,FT03335,Anonymous report,Low,Waste Pattern,Blank
INT6991,FT18086,Resident,Low,Vehicle,No Registration
INT6992,FT10339,Anonymous report,Low,Waste Pattern,Blank
INT6993,FT11544,Police partner,High,Similar dates,None
INT6994,FT14322,Enforcement officer,High,Same Location,Blank
INT6995,FT11246,CCTV,High,Waste Pattern,Blank
INT6996,FT08803,Environmental monitoring,Medium,Similar dates,None
INT6997,FT10684,Police partner,Low,Same Location,Unknown offender
INT6998,FT14978,Enforcement officer,Low,Vehicle,No Registration
INT6999,FT16645,CCTV,Low,Vehicle,None
INT7000,FT14911,CCTV,Low,Similar dates,None
INT7001,FT04309,Council officer,High,Vehicle,None
INT7002,FT00894,Anonymous report,Low,Vehicle,No Registration
INT7003,FT18428,Police partner,High,Vehicle,None
INT7004,FT14847,Enforcement officer,High,Vehicle,None
INT7005,FT10939,CCTV,Low,Vehicle,None
INT7006,FT17499,Environmental monitoring,Low,Similar dates,None
INT7007,FT00087,Council officer,Medium,Vehicle,None
INT7008,FT13462,Enforcement officer,Medium,Similar dates,None
INT7009,FT05575,Resident,High,Waste Pattern,Blank
INT7010,FT05298,Enforcement officer,Medium,Waste Pattern,Unknown offender
INT7011,FT01026,Waste contractor,High,Same Location,Unknown offender
INT7012,FT02024,CCTV,Low,Waste Pattern,Blank
INT7013,FT09320,Police partner,Low,Similar dates,None
INT7014,FT04640,Environmental monitoring,Medium,Similar dates,None
INT7015,FT19552,Environmental monitoring,High,Similar dates,None
INT7016,FT09120,Waste contractor,Medium,Vehicle,None
INT7017,FT03690,Police partner,Medium,Similar dates,None
INT7018,FT07290,Police partner,Low,Vehicle,None
INT7019,FT00054,Environmental monitoring,High,Waste Pattern,Blank
INT7020,FT01398,Police partner,High,Same Location,Blank
INT7021,FT07023,Police partner,High,Same Location,Unknown offender
INT7022,FT14082,Council officer,Medium,Waste Pattern,Unknown offender
INT7023,FT12303,Waste contractor,Low,Waste Pattern,Unknown offender
INT7024,FT07453,Environmental monitoring,Medium,Same Location,Unknown offender
INT7025,FT00395,Resident,Medium,Similar dates,None
INT7026,FT06853,Police partner,High,Vehicle,None
INT7027,FT00200,Council officer,High,Vehicle,None
INT7028,FT13866,Council officer,High,Same Location,Blank
INT7029,FT08076,Anonymous report,Low,Vehicle,No Registration
INT7030,FT12695,Enforcement officer,High,Waste Pattern,Unknown offender
INT7031,FT19801,Enforcement officer,High,Waste Pattern,Blank
INT7032,FT16705,Enforcement officer,Medium,Similar dates,None
INT7033,FT14304,Anonymous report,High,Similar dates,None
INT7034,FT07211,CCTV,Medium,Similar dates,None
INT7035,FT12229,Police partner,Low,Same Location,Blank
INT7036,FT19599,CCTV,Low,Similar dates,None
INT7037,FT00943,Waste contractor,High,Waste Pattern,Unknown offender
INT7038,FT01981,Waste contractor,High,Vehicle,No Registration
INT7039,FT06436,Enforcement officer,Medium,Same Location,Unknown offender
INT7040,FT10459,Waste contractor,Low,Same Location,Blank
INT7041,FT03478,Environmental monitoring,High,Waste Pattern,Blank
INT7042,FT05072,CCTV,Medium,Waste Pattern,Blank
INT7043,FT08374,Resident,High,Similar dates,None
INT7044,FT17510,CCTV,High,Similar dates,None
INT7045,FT18961,Enforcement officer,Medium,Same Location,Blank
INT7046,FT07107,Police partner,Medium,Similar dates,None
INT7047,FT15849,Council officer,Medium,Similar dates,None
INT7048,FT11464,Council officer,High,Vehicle,No Registration
INT7049,FT00579,Resident,Low,Same Location,Unknown offender
INT7050,FT05793,Resident,High,Vehicle,No Registration
INT7051,FT13191,Environmental monitoring,High,Same Location,Blank
INT7052,FT16672,Police partner,High,Similar dates,None
INT7053,FT08400,Enforcement officer,Low,Waste Pattern,Unknown offender
INT7054,FT02030,Enforcement officer,High,Waste Pattern,Blank
INT7055,FT00947,Waste contractor,Low,Waste Pattern,Unknown offender
INT7056,FT11239,Waste contractor,High,Waste Pattern,Unknown offender
INT7057,FT12751,Environmental monitoring,Medium,Vehicle,None
INT7058,FT13275,Anonymous report,Low,Waste Pattern,Blank
INT7059,FT07693,Environmental monitoring,Medium,Waste Pattern,Blank
INT7060,FT19180,Council officer,Low,Vehicle,None
INT7061,FT00078,Resident,Medium,Same Location,Unknown offender
INT7062,FT03322,Council officer,High,Similar dates,None
INT7063,FT19737,Police partner,High,Same Location,Blank
INT7064,FT19475,Waste contractor,Medium,Same Location,Unknown offender
INT7065,FT19193,Council officer,Low,Similar dates,None
INT7066,FT01997,Council officer,High,Similar dates,None
INT7067,FT15042,Police partner,Medium,Waste Pattern,Unknown offender
INT7068,FT07416,Environmental monitoring,Low,Waste Pattern,Blank
INT7069,FT17933,Anonymous report,High,Waste Pattern,Blank
INT7070,FT11150,Council officer,Low,Same Location,Unknown offender
INT7071,FT01311,Anonymous report,Low,Waste Pattern,Unknown offender
INT7072,FT03859,Resident,Medium,Same Location,Unknown offender
INT7073,FT01788,CCTV,High,Vehicle,No Registration
INT7074,FT12017,Resident,Medium,Same Location,Blank
INT7075,FT12749,Council officer,Medium,Same Location,Blank
INT7076,FT18921,Resident,High,Same Location,Unknown offender
INT7077,FT18505,Police partner,High,Same Location,Unknown offender
INT7078,FT04327,Police partner,Low,Similar dates,None
INT7079,FT05016,Anonymous report,High,Similar dates,None
INT7080,FT16812,Waste contractor,High,Waste Pattern,Unknown offender
INT7081,FT10206,CCTV,Medium,Waste Pattern,Unknown offender
INT7082,FT09742,Police partner,Low,Same Location,Blank
INT7083,FT11928,Waste contractor,Low,Same Location,Blank
INT7084,FT13775,Police partner,High,Vehicle,None
INT7085,FT14178,Resident,High,Vehicle,None
INT7086,FT17244,Anonymous report,High,Vehicle,None
INT7087,FT10271,Environmental monitoring,Low,Similar dates,None
INT7088,FT13568,CCTV,Low,Vehicle,None
INT7089,FT13656,CCTV,Medium,Vehicle,None
INT7090,FT15793,Council officer,Low,Same Location,Blank
INT7091,FT05614,Resident,High,Waste Pattern,Unknown offender
INT7092,FT16052,Resident,Low,Waste Pattern,Blank
INT7093,FT00860,Environmental monitoring,High,Similar dates,None
INT7094,FT05833,Waste contractor,Medium,Same Location,Blank
INT7095,FT15135,Environmental monitoring,Low,Same Location,Blank
INT7096,FT16647,Police partner,High,Same Location,Unknown offender
INT7097,FT08379,CCTV,Low,Vehicle,No Registration
INT7098,FT12416,Anonymous report,Low,Vehicle,No Registration
INT7099,FT10765,Council officer,Low,Vehicle,No Registration
INT7100,FT00228,Enforcement officer,Medium,Same Location,Blank
INT7101,FT10762,Waste contractor,Low,Waste Pattern,Unknown offender
INT7102,FT18170,Enforcement officer,Low,Waste Pattern,Unknown offender
INT7103,FT08625,Enforcement officer,Low,Same Location,Blank
INT7104,FT10885,Anonymous report,Medium,Similar dates,None
INT7105,FT05212,Resident,Medium,Vehicle,None
INT7106,FT19207,CCTV,Low,Similar dates,None
INT7107,FT08532,Environmental monitoring,Low,Similar dates,None
INT7108,FT02645,CCTV,High,Similar dates,None
INT7109,FT17968,Resident,Low,Vehicle,None
INT7110,FT15935,Environmental monitoring,Low,Waste Pattern,Unknown offender
INT7111,FT13849,Waste contractor,Medium,Vehicle,None
INT7112,FT12859,Anonymous report,Medium,Waste Pattern,Unknown offender
INT7113,FT09287,Council officer,Low,Vehicle,No Registration
INT7114,FT18491,Anonymous report,High,Waste Pattern,Unknown offender
INT7115,FT04878,Waste contractor,Low,Similar dates,None
INT7116,FT08466,Environmental monitoring,High,Similar dates,None
INT7117,FT11941,Resident,Medium,Same Location,Blank
INT7118,FT12551,Enforcement officer,Medium,Same Location,Unknown offender
INT7119,FT04879,Environmental monitoring,Medium,Waste Pattern,Unknown offender
INT7120,FT05388,Environmental monitoring,Low,Waste Pattern,Unknown offender
INT7121,FT18208,Enforcement officer,Low,Vehicle,None
INT7122,FT18890,Enforcement officer,Medium,Waste Pattern,Unknown offender
INT7123,FT09468,Resident,High,Waste Pattern,Blank
INT7124,FT06733,CCTV,Low,Similar dates,None
INT7125,FT17199,Environmental monitoring,Medium,Similar dates,None
INT7126,FT19212,Resident,Medium,Similar dates,None
INT7127,FT17822,Waste contractor,High,Similar dates,None
INT7128,FT15140,CCTV,Low,Similar dates,None
INT7129,FT15996,Enforcement officer,High,Waste Pattern,Unknown offender
INT7130,FT01627,CCTV,Medium,Similar dates,None
INT7131,FT18665,Council officer,Low,Vehicle,No Registration
INT7132,FT18981,Waste contractor,Low,Similar dates,None
INT7133,FT17570,Environmental monitoring,Medium,Same Location,Blank
INT7134,FT15966,Council officer,Low,Vehicle,No Registration
INT7135,FT15849,Environmental monitoring,Medium,Same Location,Unknown offender
INT7136,FT18503,Environmental monitoring,High,Similar dates,None
INT7137,FT12906,Enforcement officer,Medium,Same Location,Unknown offender
INT7138,FT08342,Council officer,Medium,Same Location,Unknown offender
INT7139,FT13333,Environmental monitoring,Low,Same Location,Unknown offender
INT7140,FT10978,Anonymous report,Medium,Waste Pattern,Unknown offender
INT7141,FT06874,Environmental monitoring,High,Vehicle,No Registration
INT7142,FT11045,Enforcement officer,Low,Waste Pattern,Unknown offender
INT7143,FT18512,Anonymous report,High,Same Location,Unknown offender
INT7144,FT13022,Resident,High,Similar dates,None
INT7145,FT08070,Police partner,Low,Vehicle,None
INT7146,FT14357,CCTV,Medium,Vehicle,No Registration
INT7147,FT05929,Anonymous report,Low,Vehicle,None
INT7148,FT06879,CCTV,Medium,Waste Pattern,Unknown offender
INT7149,FT15822,Police partner,High,Same Location,Unknown offender
INT7150,FT08382,Council officer,Medium,Vehicle,No Registration
INT7151,FT07655,Environmental monitoring,Medium,Similar dates,None
INT7152,FT16576,Resident,Medium,Similar dates,None
INT7153,FT02954,Resident,Medium,Similar dates,None
INT7154,FT02718,Police partner,High,Vehicle,No Registration
INT7155,FT06350,Anonymous report,High,Similar dates,None
INT7156,FT17105,Environmental monitoring,Medium,Vehicle,None
INT7157,FT14961,Anonymous report,Low,Vehicle,No Registration
INT7158,FT06161,Enforcement officer,Low,Waste Pattern,Blank
INT7159,FT11652,Police partner,Medium,Same Location,Unknown offender
INT7160,FT08856,Waste contractor,Low,Waste Pattern,Blank
INT7161,FT05635,Anonymous report,High,Vehicle,No Registration
INT7162,FT13289,CCTV,Low,Waste Pattern,Unknown offender
INT7163,FT02914,Environmental monitoring,High,Same Location,Blank
INT7164,FT09787,Waste contractor,High,Waste Pattern,Unknown offender
INT7165,FT15540,Environmental monitoring,High,Same Location,Unknown offender
INT7166,FT18974,Enforcement officer,Low,Waste Pattern,Blank
INT7167,FT07898,Council officer,Medium,Same Location,Unknown offender
INT7168,FT14205,Waste contractor,High,Same Location,Blank
INT7169,FT11904,Council officer,High,Vehicle,No Registration
INT7170,FT18175,Waste contractor,Low,Waste Pattern,Unknown offender
INT7171,FT17128,Council officer,Medium,Similar dates,None
INT7172,FT15751,Anonymous report,High,Similar dates,None
INT7173,FT09066,Environmental monitoring,Medium,Same Location,Blank
INT7174,FT15848,Council officer,Low,Similar dates,None
INT7175,FT19358,Council officer,Low,Vehicle,None
INT7176,FT07958,Anonymous report,Medium,Similar dates,None
INT7177,FT04715,Anonymous report,High,Vehicle,No Registration
INT7178,FT09461,CCTV,High,Similar dates,None
INT7179,FT14813,CCTV,High,Similar dates,None
INT7180,FT08914,Environmental monitoring,High,Waste Pattern,Unknown offender
INT7181,FT15093,Resident,Medium,Same Location,Unknown offender
INT7182,FT10335,Enforcement officer,High,Vehicle,None
INT7183,FT10480,Resident,High,Vehicle,None
INT7184,FT09559,Enforcement officer,Low,Vehicle,No Registration
INT7185,FT07887,Enforcement officer,High,Same Location,Blank
INT7186,FT11057,Enforcement officer,High,Waste Pattern,Blank
INT7187,FT12768,Council officer,High,Vehicle,None
INT7188,FT17782,Resident,Medium,Vehicle,No Registration
INT7189,FT06262,Anonymous report,High,Vehicle,None
INT7190,FT09313,CCTV,High,Waste Pattern,Unknown offender
INT7191,FT13419,Enforcement officer,High,Same Location,Unknown offender
INT7192,FT08727,Resident,Low,Vehicle,No Registration
INT7193,FT19106,Resident,Low,Similar dates,None
INT7194,FT18454,CCTV,Medium,Similar dates,None
INT7195,FT04079,Enforcement officer,Low,Similar dates,None
INT7196,FT13337,Enforcement officer,Medium,Similar dates,None
INT7197,FT02833,Anonymous report,Medium,Same Location,Blank
INT7198,FT03249,Waste contractor,High,Vehicle,No Registration
INT7199,FT02077,Enforcement officer,Low,Similar dates,None
INT7200,FT13375,Enforcement officer,Medium,Vehicle,No Registration
INT7201,FT16445,CCTV,High,Similar dates,None
INT7202,FT03648,Enforcement officer,High,Vehicle,No Registration
INT7203,FT12777,Environmental monitoring,High,Vehicle,None
INT7204,FT10815,Council officer,Medium,Similar dates,None
INT7205,FT17914,CCTV,Low,Same Location,Unknown offender
INT7206,FT12400,Enforcement officer,High,Vehicle,No Registration
INT7207,FT16496,Police partner,Low,Vehicle,None
INT7208,FT00736,Anonymous report,Low,Same Location,Blank
INT7209,FT02025,CCTV,High,Similar dates,None
INT7210,FT17191,Anonymous report,High,Same Location,Unknown offender
INT7211,FT18832,Council officer,High,Same Location,Unknown offender
INT7212,FT09198,Waste contractor,Medium,Vehicle,None
INT7213,FT06532,Waste contractor,Low,Vehicle,No Registration
INT7214,FT04250,Enforcement officer,Low,Same Location,Blank
INT7215,FT09238,Waste contractor,High,Waste Pattern,Unknown offender
INT7216,FT19936,Police partner,Low,Similar dates,None
INT7217,FT10574,Police partner,High,Waste Pattern,Unknown offender
INT7218,FT04034,CCTV,Low,Waste Pattern,Blank
INT7219,FT04718,CCTV,Low,Vehicle,None
INT7220,FT08184,Resident,High,Vehicle,No Registration
INT7221,FT13130,CCTV,Medium,Waste Pattern,Unknown offender
INT7222,FT11680,Police partner,High,Vehicle,No Registration
INT7223,FT17373,Environmental monitoring,High,Similar dates,None
INT7224,FT14670,Resident,Medium,Similar dates,None
INT7225,FT03719,Resident,Low,Waste Pattern,Blank
INT7226,FT10804,Police partner,High,Waste Pattern,Unknown offender
INT7227,FT02629,Resident,Low,Similar dates,None
INT7228,FT02980,Resident,Low,Waste Pattern,Unknown offender
INT7229,FT09534,Police partner,High,Waste Pattern,Blank
INT7230,FT19900,Police partner,Medium,Same Location,Blank
INT7231,FT12679,Anonymous report,High,Same Location,Unknown offender
INT7232,FT17869,Enforcement officer,Low,Waste Pattern,Unknown offender
INT7233,FT19297,Enforcement officer,High,Waste Pattern,Unknown offender
INT7234,FT06217,Police partner,Low,Waste Pattern,Unknown offender
INT7235,FT15178,Resident,Low,Similar dates,None
INT7236,FT15298,Anonymous report,Medium,Vehicle,None
INT7237,FT19494,Environmental monitoring,High,Same Location,Blank
INT7238,FT10305,Waste contractor,Medium,Waste Pattern,Unknown offender
INT7239,FT16886,Environmental monitoring,High,Waste Pattern,Unknown offender
INT7240,FT09041,Anonymous report,Medium,Vehicle,No Registration
INT7241,FT17936,Anonymous report,Low,Similar dates,None
INT7242,FT16980,Waste contractor,High,Similar dates,None
INT7243,FT03923,Environmental monitoring,High,Similar dates,None
INT7244,FT11280,Council officer,High,Vehicle,No Registration
INT7245,FT07415,CCTV,High,Similar dates,None
INT7246,FT16029,Anonymous report,High,Vehicle,No Registration
INT7247,FT13094,Council officer,Medium,Waste Pattern,Blank
INT7248,FT12874,Police partner,Low,Vehicle,None
INT7249,FT12050,CCTV,Low,Same Location,Blank
INT7250,FT10427,Enforcement officer,Medium,Similar dates,None
INT7251,FT03467,Anonymous report,Low,Waste Pattern,Blank
INT7252,FT04850,Police partner,Low,Vehicle,None
INT7253,FT14170,Waste contractor,Low,Waste Pattern,Blank
INT7254,FT10608,CCTV,Medium,Similar dates,None
INT7255,FT09678,Resident,High,Waste Pattern,Unknown offender
INT7256,FT12847,Police partner,Low,Same Location,Blank
INT7257,FT04787,Waste contractor,Medium,Same Location,Unknown offender
INT7258,FT14173,Enforcement officer,High,Similar dates,None
INT7259,FT04855,Environmental monitoring,High,Similar dates,None
INT7260,FT12536,Resident,Low,Waste Pattern,Unknown offender
INT7261,FT18477,Police partner,Low,Similar dates,None
INT7262,FT13319,Anonymous report,Low,Same Location,Unknown offender
INT7263,FT18262,Waste contractor,High,Waste Pattern,Blank
INT7264,FT17181,Enforcement officer,High,Waste Pattern,Unknown offender
INT7265,FT19690,CCTV,Low,Vehicle,No Registration
INT7266,FT17824,Resident,Medium,Similar dates,None
INT7267,FT03103,Waste contractor,Low,Similar dates,None
INT7268,FT03276,Waste contractor,High,Waste Pattern,Blank
INT7269,FT08988,Enforcement officer,High,Waste Pattern,Blank
INT7270,FT06024,Police partner,Medium,Same Location,Unknown offender
INT7271,FT00333,Enforcement officer,Medium,Vehicle,None
INT7272,FT10889,Waste contractor,Medium,Same Location,Unknown offender
INT7273,FT19675,Enforcement officer,Medium,Waste Pattern,Unknown offender
INT7274,FT19439,Environmental monitoring,Medium,Vehicle,None
INT7275,FT10032,Police partner,Low,Similar dates,None
INT7276,FT11705,Enforcement officer,High,Vehicle,None
INT7277,FT04012,Council officer,Low,Same Location,Blank
INT7278,FT01938,Anonymous report,Low,Waste Pattern,Blank
INT7279,FT11015,Police partner,Low,Same Location,Blank
INT7280,FT02110,Police partner,Medium,Waste Pattern,Blank
INT7281,FT16951,Enforcement officer,High,Vehicle,No Registration
INT7282,FT13928,CCTV,Medium,Waste Pattern,Unknown offender
INT7283,FT14038,Enforcement officer,High,Vehicle,No Registration
INT7284,FT06194,Resident,Low,Vehicle,No Registration
INT7285,FT19036,Waste contractor,Medium,Similar dates,None
INT7286,FT08881,Council officer,Low,Same Location,Unknown offender
INT7287,FT10251,CCTV,Low,Same Location,Blank
INT7288,FT12729,Enforcement officer,High,Vehicle,No Registration
INT7289,FT12230,Environmental monitoring,Medium,Vehicle,No Registration
INT7290,FT18860,Police partner,Medium,Waste Pattern,Blank
INT7291,FT18506,Environmental monitoring,High,Similar dates,None
INT7292,FT00826,CCTV,Low,Vehicle,No Registration
INT7293,FT06984,Environmental monitoring,Low,Waste Pattern,Blank
INT7294,FT06151,CCTV,High,Same Location,Blank
INT7295,FT06854,Waste contractor,Low,Vehicle,None
INT7296,FT17239,Council officer,Medium,Vehicle,None
INT7297,FT15303,Waste contractor,Medium,Vehicle,No Registration
INT7298,FT03277,Anonymous report,Low,Waste Pattern,Blank
INT7299,FT15375,Council officer,Low,Similar dates,None
INT7300,FT13384,Police partner,Low,Same Location,Unknown offender
INT7301,FT09569,CCTV,High,Similar dates,None
INT7302,FT03756,Environmental monitoring,High,Waste Pattern,Blank
INT7303,FT18544,Environmental monitoring,Medium,Waste Pattern,Blank
INT7304,FT17210,Police partner,Medium,Vehicle,None
INT7305,FT02965,Anonymous report,Low,Similar dates,None
INT7306,FT05246,Council officer,High,Waste Pattern,Blank
INT7307,FT03239,Enforcement officer,Medium,Similar dates,None
INT7308,FT12400,Waste contractor,Medium,Same Location,Unknown offender
INT7309,FT19986,Waste contractor,Medium,Vehicle,None
INT7310,FT08527,Enforcement officer,Medium,Waste Pattern,Unknown offender
INT7311,FT01572,Police partner,Medium,Waste Pattern,Unknown offender
INT7312,FT05159,Council officer,High,Waste Pattern,Blank
INT7313,FT17594,Waste contractor,Low,Same Location,Blank
INT7314,FT06870,Anonymous report,Low,Similar dates,None
INT7315,FT00994,Police partner,High,Vehicle,No Registration
INT7316,FT05199,Anonymous report,Medium,Similar dates,None
INT7317,FT05217,Waste contractor,Medium,Waste Pattern,Blank
INT7318,FT15276,Anonymous report,Low,Similar dates,None
INT7319,FT11257,Council officer,Low,Waste Pattern,Blank
INT7320,FT12881,Enforcement officer,High,Waste Pattern,Unknown offender
INT7321,FT10068,Council officer,Medium,Waste Pattern,Blank
INT7322,FT13822,Council officer,High,Vehicle,No Registration
INT7323,FT11667,Waste contractor,Low,Same Location,Blank
INT7324,FT16608,Police partner,Medium,Same Location,Unknown offender
INT7325,FT12272,Council officer,Low,Same Location,Unknown offender
INT7326,FT12909,Police partner,Medium,Waste Pattern,Unknown offender
INT7327,FT09598,Waste contractor,High,Vehicle,No Registration
INT7328,FT12523,Council officer,Low,Same Location,Blank
INT7329,FT01222,Environmental monitoring,Medium,Similar dates,None
INT7330,FT09356,CCTV,Medium,Similar dates,None
INT7331,FT10994,Environmental monitoring,Low,Similar dates,None
INT7332,FT16496,Waste contractor,Medium,Similar dates,None
INT7333,FT12902,Waste contractor,Low,Same Location,Unknown offender
INT7334,FT05142,CCTV,High,Same Location,Unknown offender
INT7335,FT09469,Waste contractor,Medium,Waste Pattern,Unknown offender
INT7336,FT18985,CCTV,Medium,Vehicle,None
INT7337,FT13224,Environmental monitoring,Low,Waste Pattern,Blank
INT7338,FT15592,Waste contractor,High,Waste Pattern,Blank
INT7339,FT14584,Anonymous report,Medium,Vehicle,No Registration
INT7340,FT10412,CCTV,High,Waste Pattern,Blank
INT7341,FT11104,Anonymous report,Low,Similar dates,None
INT7342,FT02222,Enforcement officer,High,Similar dates,None
INT7343,FT17700,Waste contractor,Low,Same Location,Unknown offender
INT7344,FT12265,Council officer,Low,Vehicle,None
INT7345,FT05806,Council officer,High,Vehicle,No Registration
INT7346,FT13644,Environmental monitoring,High,Vehicle,No Registration
INT7347,FT09239,Resident,High,Vehicle,None
INT7348,FT09527,Resident,Low,Vehicle,No Registration
INT7349,FT03858,Anonymous report,Low,Waste Pattern,Blank
INT7350,FT10718,Council officer,Medium,Waste Pattern,Blank
INT7351,FT07864,Resident,Low,Waste Pattern,Blank
INT7352,FT19508,CCTV,Medium,Same Location,Unknown offender
INT7353,FT05260,Enforcement officer,Low,Same Location,Blank
INT7354,FT03803,Resident,Medium,Waste Pattern,Unknown offender
INT7355,FT10570,Anonymous report,Low,Waste Pattern,Unknown offender
INT7356,FT05975,Environmental monitoring,Medium,Waste Pattern,Unknown offender
INT7357,FT01477,Environmental monitoring,Medium,Similar dates,None
INT7358,FT07994,Waste contractor,Medium,Same Location,Unknown offender
INT7359,FT05704,Council officer,Medium,Waste Pattern,Blank
INT7360,FT07375,Waste contractor,Medium,Similar dates,None
INT7361,FT08288,Resident,Medium,Waste Pattern,Blank
INT7362,FT11092,Resident,High,Same Location,Blank
INT7363,FT14344,Enforcement officer,Low,Vehicle,None
INT7364,FT11020,Environmental monitoring,Medium,Similar dates,None
INT7365,FT02235,Waste contractor,Low,Vehicle,No Registration
INT7366,FT15486,CCTV,High,Same Location,Blank
INT7367,FT04648,Resident,Low,Waste Pattern,Unknown offender
INT7368,FT06109,Environmental monitoring,Low,Same Location,Unknown offender
INT7369,FT04096,CCTV,High,Waste Pattern,Blank
INT7370,FT18870,Police partner,Medium,Vehicle,None
INT7371,FT08986,Council officer,Low,Vehicle,None
INT7372,FT01394,Enforcement officer,High,Same Location,Blank
INT7373,FT11182,Council officer,High,Similar dates,None
INT7374,FT05528,Anonymous report,Low,Same Location,Unknown offender
INT7375,FT17141,Environmental monitoring,Low,Waste Pattern,Unknown offender
INT7376,FT04408,Anonymous report,High,Similar dates,None
INT7377,FT03742,Enforcement officer,Low,Same Location,Unknown offender
INT7378,FT12408,Environmental monitoring,Low,Similar dates,None
INT7379,FT12942,Enforcement officer,Medium,Waste Pattern,Unknown offender
INT7380,FT02794,Enforcement officer,High,Waste Pattern,Unknown offender
INT7381,FT08579,Resident,Low,Waste Pattern,Unknown offender
INT7382,FT16486,Environmental monitoring,Medium,Waste Pattern,Unknown offender
INT7383,FT15877,Environmental monitoring,Low,Waste Pattern,Blank
INT7384,FT13494,Environmental monitoring,Low,Same Location,Blank
INT7385,FT16391,Anonymous report,High,Same Location,Unknown offender
INT7386,FT04923,CCTV,Medium,Vehicle,None
INT7387,FT04116,Anonymous report,Low,Waste Pattern,Blank
INT7388,FT13880,Police partner,Low,Similar dates,None
INT7389,FT00686,Police partner,High,Similar dates,None
INT7390,FT10373,Waste contractor,Low,Vehicle,None
INT7391,FT03794,Police partner,High,Vehicle,None
INT7392,FT03895,Anonymous report,Medium,Vehicle,None
INT7393,FT18657,CCTV,Medium,Similar dates,None
INT7394,FT08952,CCTV,Medium,Waste Pattern,Unknown offender
INT7395,FT05295,Police partner,Medium,Similar dates,None
INT7396,FT06308,Anonymous report,Medium,Waste Pattern,Unknown offender
INT7397,FT00028,Environmental monitoring,Low,Vehicle,None
INT7398,FT10361,Environmental monitoring,High,Similar dates,None
INT7399,FT09262,Environmental monitoring,Medium,Waste Pattern,Blank
INT7400,FT02438,Waste contractor,Medium,Similar dates,None
INT7401,FT03122,Anonymous report,Low,Vehicle,No Registration
INT7402,FT09160,Resident,Low,Vehicle,No Registration
INT7403,FT18160,CCTV,Medium,Similar dates,None
INT7404,FT04071,Environmental monitoring,Medium,Waste Pattern,Unknown offender
INT7405,FT08227,Anonymous report,Low,Similar dates,None
INT7406,FT19646,Police partner,Medium,Similar dates,None
INT7407,FT04094,Resident,Medium,Waste Pattern,Blank
INT7408,FT15980,Council officer,Low,Waste Pattern,Blank
INT7409,FT05546,Enforcement officer,Low,Similar dates,None
INT7410,FT15911,Anonymous report,Medium,Same Location,Blank
INT7411,FT05708,Council officer,Medium,Same Location,Unknown offender
INT7412,FT18314,Police partner,High,Waste Pattern,Unknown offender
INT7413,FT18127,Waste contractor,High,Vehicle,None
INT7414,FT07863,Council officer,Low,Waste Pattern,Blank
INT7415,FT01087,Enforcement officer,High,Same Location,Blank
INT7416,FT17543,Environmental monitoring,Low,Same Location,Blank
INT7417,FT00061,CCTV,Medium,Waste Pattern,Unknown offender
INT7418,FT12546,Enforcement officer,Medium,Waste Pattern,Blank
INT7419,FT16794,Enforcement officer,Low,Waste Pattern,Unknown offender
INT7420,FT00701,Anonymous report,Low,Waste Pattern,Blank
INT7421,FT03125,Council officer,High,Similar dates,None
INT7422,FT01749,Police partner,Low,Same Location,Unknown offender
INT7423,FT00864,Waste contractor,Low,Same Location,Blank
INT7424,FT17800,Anonymous report,High,Waste Pattern,Unknown offender
INT7425,FT06146,Anonymous report,Medium,Waste Pattern,Blank
INT7426,FT04374,Enforcement officer,Medium,Similar dates,None
INT7427,FT06757,Waste contractor,Medium,Vehicle,None
INT7428,FT16932,Council officer,Medium,Waste Pattern,Blank
INT7429,FT12707,Anonymous report,Medium,Same Location,Blank
INT7430,FT07664,Police partner,Medium,Same Location,Blank
INT7431,FT11152,Resident,High,Vehicle,None
INT7432,FT18619,Anonymous report,Medium,Vehicle,No Registration
INT7433,FT06554,Police partner,Medium,Same Location,Blank
INT7434,FT13329,Enforcement officer,Medium,Vehicle,None
INT7435,FT05029,Enforcement officer,Medium,Same Location,Unknown offender
INT7436,FT02914,Waste contractor,High,Similar dates,None
INT7437,FT05204,Anonymous report,Low,Vehicle,None
INT7438,FT15093,CCTV,Medium,Similar dates,None
INT7439,FT16466,Resident,Medium,Waste Pattern,Unknown offender
INT7440,FT19796,Anonymous report,Medium,Waste Pattern,Blank
INT7441,FT11958,Environmental monitoring,Medium,Similar dates,None
INT7442,FT10666,Resident,Low,Vehicle,No Registration
INT7443,FT01595,Resident,Medium,Same Location,Blank
INT7444,FT03535,Police partner,Low,Same Location,Blank
INT7445,FT16777,Environmental monitoring,Medium,Similar dates,None
INT7446,FT09837,Resident,Low,Same Location,Unknown offender
INT7447,FT07939,Waste contractor,High,Waste Pattern,Blank
INT7448,FT05006,Waste contractor,Medium,Same Location,Unknown offender
INT7449,FT03840,Anonymous report,Low,Waste Pattern,Unknown offender
INT7450,FT03711,Enforcement officer,Medium,Vehicle,None
INT7451,FT08891,Enforcement officer,High,Same Location,Blank
INT7452,FT00688,Environmental monitoring,High,Similar dates,None
INT7453,FT11902,Anonymous report,Low,Waste Pattern,Unknown offender
INT7454,FT11848,Resident,High,Similar dates,None
INT7455,FT11045,CCTV,Low,Similar dates,None
INT7456,FT19971,Police partner,High,Vehicle,None
INT7457,FT18708,Anonymous report,Low,Same Location,Blank
INT7458,FT11590,Anonymous report,Medium,Same Location,Blank
INT7459,FT02375,Council officer,Low,Vehicle,None
INT7460,FT15924,Waste contractor,High,Vehicle,No Registration
INT7461,FT01163,Enforcement officer,Medium,Similar dates,None
INT7462,FT10769,Anonymous report,High,Same Location,Unknown offender
INT7463,FT11173,Environmental monitoring,High,Vehicle,No Registration
INT7464,FT18504,Council officer,Low,Similar dates,None
INT7465,FT12895,Resident,High,Vehicle,No Registration
INT7466,FT05739,Council officer,Medium,Same Location,Blank
INT7467,FT02730,Council officer,High,Same Location,Unknown offender
INT7468,FT10770,Resident,Low,Similar dates,None
INT7469,FT00618,Environmental monitoring,High,Similar dates,None
INT7470,FT03906,Enforcement officer,Medium,Vehicle,No Registration
INT7471,FT07470,Enforcement officer,Low,Same Location,Unknown offender
INT7472,FT16256,Waste contractor,Medium,Similar dates,None
INT7473,FT18967,Police partner,High,Similar dates,None
INT7474,FT09962,CCTV,High,Same Location,Blank
INT7475,FT17032,Police partner,Low,Same Location,Blank
INT7476,FT16667,Resident,Medium,Vehicle,None
INT7477,FT19126,CCTV,Medium,Same Location,Blank
INT7478,FT18356,Environmental monitoring,Medium,Waste Pattern,Blank
INT7479,FT05038,Environmental monitoring,Low,Same Location,Unknown offender
INT7480,FT07355,Council officer,Medium,Similar dates,None
INT7481,FT06391,Enforcement officer,Medium,Same Location,Blank
INT7482,FT09948,Enforcement officer,High,Similar dates,None
INT7483,FT01037,Anonymous report,High,Similar dates,None
INT7484,FT09501,CCTV,Medium,Same Location,Unknown offender
INT7485,FT02357,Police partner,High,Same Location,Blank
INT7486,FT04396,Anonymous report,Low,Same Location,Blank
INT7487,FT14605,Police partner,Medium,Similar dates,None
INT7488,FT17189,Anonymous report,High,Same Location,Blank
INT7489,FT15096,Resident,High,Vehicle,None
INT7490,FT07798,Council officer,High,Same Location,Unknown offender
INT7491,FT19186,Enforcement officer,High,Same Location,Unknown offender
INT7492,FT14913,Council officer,Low,Same Location,Unknown offender
INT7493,FT03889,Environmental monitoring,Medium,Vehicle,No Registration
INT7494,FT10593,Police partner,High,Similar dates,None
INT7495,FT16302,Enforcement officer,Low,Same Location,Blank
INT7496,FT08943,Enforcement officer,Medium,Same Location,Unknown offender
INT7497,FT09594,Council officer,High,Similar dates,None
INT7498,FT07943,Enforcement officer,Low,Similar dates,None
INT7499,FT14246,Anonymous report,Low,Vehicle,None
INT7500,FT08961,CCTV,Medium,Same Location,Blank
INT7501,FT07967,Police partner,Low,Waste Pattern,Unknown offender
INT7502,FT12366,Waste contractor,Low,Vehicle,None
INT7503,FT14446,Environmental monitoring,Medium,Waste Pattern,Unknown offender
INT7504,FT16817,Police partner,High,Similar dates,None
INT7505,FT03523,Police partner,Medium,Similar dates,None
INT7506,FT10516,CCTV,High,Similar dates,None
INT7507,FT08523,Environmental monitoring,High,Similar dates,None
INT7508,FT06596,Police partner,Medium,Same Location,Unknown offender
INT7509,FT17364,CCTV,Low,Similar dates,None
INT7510,FT00105,Waste contractor,Low,Similar dates,None
INT7511,FT11085,Police partner,Medium,Similar dates,None
INT7512,FT11945,Council officer,Medium,Waste Pattern,Unknown offender
INT7513,FT10456,Environmental monitoring,High,Waste Pattern,Unknown offender
INT7514,FT18600,Police partner,High,Similar dates,None
INT7515,FT06974,CCTV,High,Same Location,Blank
INT7516,FT05895,CCTV,Low,Vehicle,None
INT7517,FT18362,Council officer,High,Waste Pattern,Unknown offender
INT7518,FT02152,Council officer,High,Waste Pattern,Blank
INT7519,FT06282,Anonymous report,Low,Similar dates,None
INT7520,FT09799,Environmental monitoring,Medium,Similar dates,None
INT7521,FT19445,Police partner,High,Vehicle,No Registration
INT7522,FT18364,Council officer,Medium,Vehicle,None
INT7523,FT02869,Resident,High,Same Location,Blank
INT7524,FT09857,Police partner,Low,Similar dates,None
INT7525,FT19549,CCTV,Medium,Same Location,Unknown offender
INT7526,FT16477,Council officer,High,Same Location,Blank
INT7527,FT13673,Police partner,Low,Similar dates,None
INT7528,FT01299,Police partner,High,Vehicle,None
INT7529,FT02003,Waste contractor,High,Similar dates,None
INT7530,FT03937,CCTV,High,Waste Pattern,Unknown offender
INT7531,FT10574,Enforcement officer,Low,Similar dates,None
INT7532,FT09524,Environmental monitoring,Medium,Similar dates,None
INT7533,FT01687,Resident,Medium,Waste Pattern,Blank
INT7534,FT00950,Enforcement officer,Low,Similar dates,None
INT7535,FT12623,Enforcement officer,Medium,Same Location,Blank
INT7536,FT19154,Anonymous report,High,Vehicle,No Registration
INT7537,FT09439,Council officer,Low,Similar dates,None
INT7538,FT00212,Enforcement officer,High,Similar dates,None
INT7539,FT03701,Environmental monitoring,Low,Same Location,Unknown offender
INT7540,FT05873,Police partner,High,Similar dates,None
INT7541,FT14217,Waste contractor,Medium,Same Location,Unknown offender
INT7542,FT04792,CCTV,Low,Same Location,Blank
INT7543,FT02137,Anonymous report,Low,Same Location,Blank
INT7544,FT17028,CCTV,Medium,Same Location,Blank
INT7545,FT19583,Police partner,Medium,Similar dates,None
INT7546,FT09680,CCTV,Low,Same Location,Blank
INT7547,FT07658,Environmental monitoring,Low,Waste Pattern,Blank
INT7548,FT17158,Environmental monitoring,Medium,Same Location,Blank
INT7549,FT14437,Waste contractor,High,Vehicle,None
INT7550,FT12960,Waste contractor,Low,Same Location,Blank
INT7551,FT05948,Anonymous report,Medium,Same Location,Unknown offender
INT7552,FT14355,Resident,High,Waste Pattern,Blank
INT7553,FT17978,Anonymous report,Medium,Waste Pattern,Blank
INT7554,FT05379,Council officer,Low,Same Location,Blank
INT7555,FT00115,Anonymous report,Low,Vehicle,None
INT7556,FT11427,CCTV,High,Vehicle,None
INT7557,FT19321,CCTV,Low,Similar dates,None
INT7558,FT06666,Council officer,Medium,Similar dates,None
INT7559,FT08220,Environmental monitoring,High,Same Location,Blank
INT7560,FT15586,Enforcement officer,Low,Similar dates,None
INT7561,FT16060,Police partner,Medium,Vehicle,No Registration
INT7562,FT10449,CCTV,High,Vehicle,No Registration
INT7563,FT00747,Council officer,Low,Similar dates,None
INT7564,FT01654,Anonymous report,Medium,Vehicle,None
INT7565,FT00399,CCTV,Low,Vehicle,None
INT7566,FT18457,Enforcement officer,Medium,Same Location,Blank
INT7567,FT02185,CCTV,High,Waste Pattern,Blank
INT7568,FT16594,Council officer,Medium,Same Location,Blank
INT7569,FT15012,CCTV,Medium,Vehicle,No Registration
INT7570,FT07278,Environmental monitoring,High,Waste Pattern,Blank
INT7571,FT19176,CCTV,Medium,Vehicle,None
INT7572,FT16580,Waste contractor,Low,Same Location,Blank
INT7573,FT16407,Anonymous report,Medium,Vehicle,None
INT7574,FT00735,Anonymous report,High,Similar dates,None
INT7575,FT08764,Environmental monitoring,High,Similar dates,None
INT7576,FT08510,Police partner,Low,Similar dates,None
INT7577,FT16139,CCTV,Low,Waste Pattern,Blank
INT7578,FT00401,Anonymous report,Low,Waste Pattern,Unknown offender
INT7579,FT12779,Resident,Low,Waste Pattern,Unknown offender
INT7580,FT02245,Anonymous report,Medium,Same Location,Unknown offender
INT7581,FT19795,Waste contractor,Low,Waste Pattern,Blank
INT7582,FT00806,Waste contractor,Medium,Waste Pattern,Unknown offender
INT7583,FT12416,CCTV,Low,Similar dates,None
INT7584,FT06444,Anonymous report,High,Same Location,Blank
INT7585,FT05074,Council officer,Low,Vehicle,No Registration
INT7586,FT18332,Environmental monitoring,High,Vehicle,No Registration
INT7587,FT13652,Police partner,High,Same Location,Blank
INT7588,FT00158,Waste contractor,High,Vehicle,None
INT7589,FT15259,Waste contractor,Medium,Same Location,Unknown offender
INT7590,FT16306,Waste contractor,Low,Similar dates,None
INT7591,FT12514,Environmental monitoring,Low,Vehicle,No Registration
INT7592,FT00527,CCTV,High,Similar dates,None
INT7593,FT06463,Council officer,Medium,Similar dates,None
INT7594,FT04463,Waste contractor,Medium,Similar dates,None
INT7595,FT17355,Environmental monitoring,High,Same Location,Blank
INT7596,FT05184,Environmental monitoring,Medium,Waste Pattern,Blank
INT7597,FT13710,Council officer,Medium,Vehicle,No Registration
INT7598,FT07318,Resident,Low,Same Location,Blank
INT7599,FT02895,Waste contractor,High,Similar dates,None
INT7600,FT13134,Environmental monitoring,High,Similar dates,None
INT7601,FT06838,Council officer,Medium,Same Location,Blank
INT7602,FT14756,Resident,High,Same Location,Blank
INT7603,FT05519,Enforcement officer,Medium,Waste Pattern,Blank
INT7604,FT05219,Environmental monitoring,Medium,Vehicle,No Registration
INT7605,FT03553,Environmental monitoring,Medium,Waste Pattern,Unknown offender
INT7606,FT09867,CCTV,Medium,Waste Pattern,Unknown offender
INT7607,FT11605,Resident,Medium,Vehicle,None
INT7608,FT15683,Environmental monitoring,Medium,Similar dates,None
INT7609,FT08878,Council officer,High,Similar dates,None
INT7610,FT13691,Police partner,Low,Similar dates,None
INT7611,FT04280,Council officer,Medium,Waste Pattern,Unknown offender
INT7612,FT09571,Council officer,Medium,Vehicle,None
INT7613,FT18747,Police partner,Medium,Similar dates,None
INT7614,FT11417,Council officer,High,Similar dates,None
INT7615,FT10545,Police partner,Low,Same Location,Unknown offender
INT7616,FT12734,CCTV,High,Similar dates,None
INT7617,FT05391,Council officer,High,Similar dates,None
INT7618,FT12498,Resident,High,Waste Pattern,Blank
INT7619,FT13618,Waste contractor,Medium,Same Location,Unknown offender
INT7620,FT01519,Environmental monitoring,Low,Waste Pattern,Blank
INT7621,FT02314,CCTV,Medium,Similar dates,None
INT7622,FT13100,Anonymous report,High,Similar dates,None
INT7623,FT00446,CCTV,High,Same Location,Blank
INT7624,FT16673,CCTV,High,Similar dates,None
INT7625,FT15667,Enforcement officer,Medium,Same Location,Blank
INT7626,FT05409,Council officer,Low,Similar dates,None
INT7627,FT15895,CCTV,High,Similar dates,None
INT7628,FT13799,Council officer,Low,Vehicle,No Registration
INT7629,FT00318,CCTV,Medium,Vehicle,None
INT7630,FT03480,Resident,Low,Waste Pattern,Unknown offender
INT7631,FT12807,CCTV,Medium,Similar dates,None
INT7632,FT13472,Waste contractor,High,Vehicle,None
INT7633,FT06450,Waste contractor,Low,Same Location,Unknown offender
INT7634,FT15223,Enforcement officer,High,Waste Pattern,Blank
INT7635,FT05889,Council officer,Medium,Vehicle,No Registration
INT7636,FT01589,Police partner,Medium,Waste Pattern,Unknown offender
INT7637,FT03977,Anonymous report,Medium,Similar dates,None
INT7638,FT12179,Waste contractor,High,Same Location,Unknown offender
INT7639,FT15872,Environmental monitoring,Low,Vehicle,No Registration
INT7640,FT09801,Environmental monitoring,High,Vehicle,No Registration
INT7641,FT19205,Waste contractor,High,Same Location,Unknown offender
INT7642,FT07010,Waste contractor,High,Similar dates,None
INT7643,FT13240,Anonymous report,Low,Waste Pattern,Unknown offender
INT7644,FT07738,Anonymous report,High,Vehicle,None
INT7645,FT08498,Anonymous report,High,Similar dates,None
INT7646,FT05247,Enforcement officer,Low,Vehicle,No Registration
INT7647,FT08085,Environmental monitoring,High,Waste Pattern,Unknown offender
INT7648,FT08007,Waste contractor,High,Similar dates,None
INT7649,FT18765,Anonymous report,Medium,Vehicle,No Registration
INT7650,FT17129,Police partner,High,Vehicle,No Registration
INT7651,FT06604,Enforcement officer,Medium,Vehicle,No Registration
INT7652,FT08968,Resident,High,Same Location,Blank
INT7653,FT10459,Police partner,Low,Similar dates,None
INT7654,FT11247,Anonymous report,Low,Same Location,Blank
INT7655,FT02169,Anonymous report,Low,Similar dates,None
INT7656,FT17791,Waste contractor,High,Similar dates,None
INT7657,FT12209,Police partner,High,Same Location,Unknown offender
INT7658,FT01522,CCTV,Low,Waste Pattern,Blank
INT7659,FT09933,Waste contractor,Medium,Waste Pattern,Blank
INT7660,FT07209,Enforcement officer,Medium,Similar dates,None
INT7661,FT04996,Resident,Low,Same Location,Unknown offender
INT7662,FT07162,CCTV,Medium,Same Location,Blank
INT7663,FT12425,CCTV,Medium,Similar dates,None
INT7664,FT05771,Resident,Low,Similar dates,None
INT7665,FT19968,Environmental monitoring,Low,Vehicle,None
INT7666,FT12036,Waste contractor,Medium,Waste Pattern,Unknown offender
INT7667,FT12744,Enforcement officer,Medium,Same Location,Blank
INT7668,FT10524,Council officer,Low,Vehicle,None
INT7669,FT11273,CCTV,High,Same Location,Blank
INT7670,FT02175,Waste contractor,High,Vehicle,None
INT7671,FT05870,Police partner,High,Vehicle,No Registration
INT7672,FT08724,Resident,Low,Vehicle,None
INT7673,FT13057,Council officer,Medium,Waste Pattern,Unknown offender
INT7674,FT19828,Waste contractor,Low,Similar dates,None
INT7675,FT16152,Enforcement officer,High,Vehicle,No Registration
INT7676,FT04821,Environmental monitoring,Medium,Similar dates,None
INT7677,FT06989,Council officer,Low,Vehicle,No Registration
INT7678,FT18434,Council officer,Medium,Vehicle,No Registration
INT7679,FT10213,CCTV,High,Waste Pattern,Unknown offender
INT7680,FT00925,Police partner,High,Vehicle,No Registration
INT7681,FT16182,Council officer,Medium,Waste Pattern,Blank
INT7682,FT08253,Police partner,Low,Similar dates,None
INT7683,FT04833,Police partner,Medium,Vehicle,None
INT7684,FT10166,CCTV,Medium,Waste Pattern,Blank
INT7685,FT10793,CCTV,High,Vehicle,None
INT7686,FT13493,Enforcement officer,Medium,Vehicle,None
INT7687,FT06702,Environmental monitoring,High,Vehicle,No Registration
INT7688,FT02987,Environmental monitoring,Low,Vehicle,No Registration
INT7689,FT18484,Anonymous report,Low,Vehicle,None
INT7690,FT06575,Police partner,High,Vehicle,No Registration
INT7691,FT17343,Police partner,Medium,Same Location,Unknown offender
INT7692,FT16956,Resident,High,Vehicle,None
INT7693,FT02601,Enforcement officer,High,Vehicle,None
INT7694,FT05908,Enforcement officer,Medium,Waste Pattern,Unknown offender
INT7695,FT16363,Council officer,Low,Waste Pattern,Blank
INT7696,FT02570,Anonymous report,Medium,Same Location,Unknown offender
INT7697,FT14803,Environmental monitoring,High,Same Location,Blank
INT7698,FT02700,CCTV,Medium,Waste Pattern,Blank
INT7699,FT15342,Anonymous report,Medium,Similar dates,None
INT7700,FT15242,Environmental monitoring,High,Same Location,Blank
INT7701,FT08232,Anonymous report,High,Same Location,Unknown offender
INT7702,FT14963,Resident,High,Similar dates,None
INT7703,FT01532,CCTV,High,Similar dates,None
INT7704,FT16771,Police partner,High,Similar dates,None
INT7705,FT18011,Environmental monitoring,Low,Similar dates,None
INT7706,FT00167,Resident,Low,Vehicle,None
INT7707,FT02221,CCTV,Low,Vehicle,No Registration
INT7708,FT02786,Environmental monitoring,Medium,Waste Pattern,Unknown offender
INT7709,FT02826,Enforcement officer,Low,Similar dates,None
INT7710,FT13392,Waste contractor,Medium,Waste Pattern,Unknown offender
INT7711,FT08632,Anonymous report,Medium,Waste Pattern,Blank
INT7712,FT19911,Police partner,Medium,Same Location,Blank
INT7713,FT17233,CCTV,High,Similar dates,None
INT7714,FT09576,CCTV,Low,Vehicle,None
INT7715,FT13934,Enforcement officer,High,Vehicle,No Registration
INT7716,FT03431,Council officer,Low,Vehicle,No Registration
INT7717,FT11628,Enforcement officer,High,Vehicle,None
INT7718,FT18214,Anonymous report,Low,Vehicle,None
INT7719,FT15716,Environmental monitoring,Low,Waste Pattern,Unknown offender
INT7720,FT16985,Council officer,High,Waste Pattern,Blank
INT7721,FT04061,Council officer,Medium,Vehicle,None
INT7722,FT04347,Enforcement officer,High,Vehicle,None
INT7723,FT03118,Waste contractor,High,Waste Pattern,Blank
INT7724,FT19826,Council officer,Low,Waste Pattern,Blank
INT7725,FT14219,Council officer,High,Similar dates,None
INT7726,FT15659,Environmental monitoring,Medium,Similar dates,None
INT7727,FT04565,Police partner,Low,Vehicle,None
INT7728,FT08223,CCTV,Medium,Same Location,Unknown offender
INT7729,FT11383,Police partner,High,Similar dates,None
INT7730,FT08268,Anonymous report,Medium,Vehicle,No Registration
INT7731,FT17183,Anonymous report,Medium,Same Location,Blank
INT7732,FT06990,CCTV,Medium,Vehicle,None
INT7733,FT07623,CCTV,High,Same Location,Blank
INT7734,FT18303,Police partner,Medium,Similar dates,None
INT7735,FT19862,Waste contractor,Medium,Vehicle,None
INT7736,FT13956,Environmental monitoring,Medium,Same Location,Unknown offender
INT7737,FT04887,Enforcement officer,Low,Waste Pattern,Unknown offender
INT7738,FT10454,Anonymous report,Low,Waste Pattern,Blank
INT7739,FT15968,Council officer,High,Vehicle,None
INT7740,FT01938,Waste contractor,High,Vehicle,None
INT7741,FT19513,Police partner,High,Similar dates,None
INT7742,FT06737,Anonymous report,Medium,Waste Pattern,Blank
INT7743,FT14699,Resident,High,Waste Pattern,Blank
INT7744,FT16739,Anonymous report,Medium,Similar dates,None
INT7745,FT15647,Environmental monitoring,Low,Waste Pattern,Unknown offender
INT7746,FT16791,Environmental monitoring,Low,Same Location,Unknown offender
INT7747,FT01760,Council officer,High,Similar dates,None
INT7748,FT13605,Council officer,Low,Similar dates,None
INT7749,FT13641,Resident,High,Similar dates,None
INT7750,FT04478,CCTV,High,Vehicle,No Registration
INT7751,FT08417,Resident,Medium,Waste Pattern,Unknown offender
INT7752,FT16364,Enforcement officer,Low,Waste Pattern,Blank
INT7753,FT12066,Enforcement officer,High,Similar dates,None
INT7754,FT06165,Police partner,High,Similar dates,None
INT7755,FT00068,Environmental monitoring,High,Similar dates,None
INT7756,FT06144,Council officer,Low,Waste Pattern,Unknown offender
INT7757,FT18385,Resident,High,Similar dates,None
INT7758,FT10083,Resident,Low,Similar dates,None
INT7759,FT17923,Waste contractor,Low,Same Location,Unknown offender
INT7760,FT05551,Waste contractor,High,Waste Pattern,Unknown offender
INT7761,FT09155,Waste contractor,Medium,Same Location,Blank
INT7762,FT08724,Environmental monitoring,Low,Same Location,Blank
INT7763,FT05725,Resident,Low,Vehicle,None
INT7764,FT18402,Waste contractor,Low,Vehicle,No Registration
INT7765,FT10762,Anonymous report,Low,Vehicle,None
INT7766,FT04688,Enforcement officer,High,Similar dates,None
INT7767,FT07036,CCTV,Medium,Same Location,Blank
INT7768,FT09411,Waste contractor,Low,Waste Pattern,Blank
INT7769,FT07850,Enforcement officer,Low,Same Location,Unknown offender
INT7770,FT02638,Resident,High,Same Location,Unknown offender
INT7771,FT16312,Council officer,Low,Same Location,Blank
INT7772,FT00978,Council officer,Low,Vehicle,None
INT7773,FT00977,Council officer,High,Same Location,Blank
INT7774,FT16379,Waste contractor,Medium,Waste Pattern,Blank
INT7775,FT15395,Police partner,Low,Vehicle,No Registration
INT7776,FT11681,Council officer,Medium,Waste Pattern,Unknown offender
INT7777,FT03933,Enforcement officer,High,Vehicle,No Registration
INT7778,FT00657,CCTV,Medium,Similar dates,None
INT7779,FT14626,Police partner,Low,Vehicle,None
INT7780,FT06910,Waste contractor,Medium,Similar dates,None
INT7781,FT05308,CCTV,High,Same Location,Unknown offender
INT7782,FT06453,Waste contractor,High,Waste Pattern,Blank
INT7783,FT06890,Resident,Low,Vehicle,No Registration
INT7784,FT14391,Environmental monitoring,Medium,Waste Pattern,Blank
INT7785,FT00463,Environmental monitoring,Low,Waste Pattern,Blank
INT7786,FT14080,Waste contractor,Low,Vehicle,None
INT7787,FT02120,Council officer,Low,Vehicle,None
INT7788,FT19713,Enforcement officer,Low,Vehicle,No Registration
INT7789,FT08186,Resident,High,Same Location,Unknown offender
INT7790,FT00167,Environmental monitoring,High,Waste Pattern,Unknown offender
INT7791,FT16337,Enforcement officer,Low,Vehicle,None
INT7792,FT06769,Council officer,Medium,Same Location,Unknown offender
INT7793,FT18301,Anonymous report,High,Waste Pattern,Unknown offender
INT7794,FT14313,Resident,Medium,Same Location,Blank
INT7795,FT17304,Resident,Low,Vehicle,No Registration
INT7796,FT19204,Environmental monitoring,Medium,Similar dates,None
INT7797,FT19379,Enforcement officer,Low,Vehicle,None
INT7798,FT13704,Resident,Low,Similar dates,None
INT7799,FT19071,Waste contractor,Low,Similar dates,None
INT7800,FT05918,Enforcement officer,Low,Same Location,Blank
INT7801,FT01580,Police partner,Medium,Vehicle,None
INT7802,FT02910,Anonymous report,High,Similar dates,None
INT7803,FT07086,CCTV,Low,Waste Pattern,Unknown offender
INT7804,FT04944,Resident,Low,Same Location,Blank
INT7805,FT00601,Enforcement officer,Low,Similar dates,None
INT7806,FT08166,Police partner,High,Vehicle,None
INT7807,FT19359,Police partner,High,Waste Pattern,Blank
INT7808,FT16874,Police partner,High,Vehicle,None
INT7809,FT12225,Council officer,Low,Similar dates,None
INT7810,FT19475,Anonymous report,Medium,Same Location,Unknown offender
INT7811,FT19776,Anonymous report,High,Similar dates,None
INT7812,FT02344,Enforcement officer,Low,Waste Pattern,Blank
INT7813,FT18181,Enforcement officer,Medium,Same Location,Unknown offender
INT7814,FT10475,Enforcement officer,Low,Waste Pattern,Blank
INT7815,FT04546,Enforcement officer,High,Same Location,Unknown offender
INT7816,FT08913,Waste contractor,High,Same Location,Blank
INT7817,FT16835,Anonymous report,Low,Waste Pattern,Unknown offender
INT7818,FT04645,Enforcement officer,Medium,Waste Pattern,Unknown offender
INT7819,FT04391,Environmental monitoring,High,Vehicle,No Registration
INT7820,FT03528,Anonymous report,Low,Same Location,Unknown offender
INT7821,FT19878,Resident,Medium,Waste Pattern,Unknown offender
INT7822,FT06071,Anonymous report,High,Vehicle,No Registration
INT7823,FT07203,Resident,High,Vehicle,No Registration
INT7824,FT09302,CCTV,High,Waste Pattern,Blank
INT7825,FT17408,Council officer,Medium,Same Location,Blank
INT7826,FT15155,Police partner,High,Similar dates,None
INT7827,FT00803,Waste contractor,High,Same Location,Unknown offender
INT7828,FT16471,Anonymous report,High,Similar dates,None
INT7829,FT02192,Police partner,High,Similar dates,None
INT7830,FT09467,CCTV,Medium,Same Location,Blank
INT7831,FT18379,Anonymous report,Low,Same Location,Unknown offender
INT7832,FT02292,Enforcement officer,High,Same Location,Unknown offender
INT7833,FT05753,Waste contractor,Low,Similar dates,None
INT7834,FT13535,Anonymous report,Medium,Vehicle,No Registration
INT7835,FT01230,Police partner,Medium,Same Location,Unknown offender
INT7836,FT11258,Council officer,High,Waste Pattern,Blank
INT7837,FT17496,Anonymous report,High,Similar dates,None
INT7838,FT00345,Resident,Low,Waste Pattern,Blank
INT7839,FT09652,Police partner,Low,Similar dates,None
INT7840,FT11161,Anonymous report,Low,Vehicle,None
INT7841,FT08451,Environmental monitoring,Low,Waste Pattern,Blank
INT7842,FT05886,Enforcement officer,Low,Similar dates,None
INT7843,FT17397,Resident,Low,Waste Pattern,Unknown offender
INT7844,FT01277,Resident,High,Similar dates,None
INT7845,FT08625,Police partner,High,Similar dates,None
INT7846,FT09450,Enforcement officer,Low,Similar dates,None
INT7847,FT08539,Enforcement officer,High,Same Location,Blank
INT7848,FT12754,Council officer,High,Vehicle,No Registration
INT7849,FT15321,Anonymous report,High,Waste Pattern,Unknown offender
INT7850,FT13731,Environmental monitoring,High,Similar dates,None
INT7851,FT07957,CCTV,High,Similar dates,None
INT7852,FT01138,CCTV,Medium,Waste Pattern,Blank
INT7853,FT07628,Waste contractor,High,Similar dates,None
INT7854,FT05044,Council officer,Low,Same Location,Unknown offender
INT7855,FT12100,Environmental monitoring,Low,Similar dates,None
INT7856,FT15601,Council officer,Medium,Same Location,Blank
INT7857,FT16485,Council officer,High,Vehicle,No Registration
INT7858,FT18868,Enforcement officer,High,Vehicle,No Registration
INT7859,FT08607,Resident,Low,Waste Pattern,Unknown offender
INT7860,FT01544,Environmental monitoring,High,Similar dates,None
INT7861,FT14921,Environmental monitoring,Low,Vehicle,None
INT7862,FT10297,CCTV,Medium,Waste Pattern,Unknown offender
INT7863,FT14468,Waste contractor,High,Same Location,Unknown offender
INT7864,FT09381,Environmental monitoring,High,Same Location,Blank
INT7865,FT01258,Environmental monitoring,Medium,Same Location,Unknown offender
INT7866,FT00767,Anonymous report,Medium,Similar dates,None
INT7867,FT03187,Council officer,High,Waste Pattern,Blank
INT7868,FT16895,Anonymous report,Medium,Waste Pattern,Unknown offender
INT7869,FT15796,Enforcement officer,High,Waste Pattern,Unknown offender
INT7870,FT15432,Anonymous report,Low,Waste Pattern,Blank
INT7871,FT11104,CCTV,Medium,Same Location,Blank
INT7872,FT11416,Anonymous report,Medium,Vehicle,No Registration
INT7873,FT14266,Environmental monitoring,Medium,Vehicle,None
INT7874,FT15685,Anonymous report,High,Similar dates,None
INT7875,FT10798,Police partner,Medium,Same Location,Blank
INT7876,FT00152,Police partner,Low,Waste Pattern,Unknown offender
INT7877,FT11164,Anonymous report,High,Vehicle,No Registration
INT7878,FT07520,Enforcement officer,Low,Vehicle,No Registration
INT7879,FT15988,Enforcement officer,Low,Vehicle,No Registration
INT7880,FT08650,Enforcement officer,High,Same Location,Unknown offender
INT7881,FT15825,Environmental monitoring,Low,Same Location,Unknown offender
INT7882,FT15755,Waste contractor,Medium,Similar dates,None
INT7883,FT10116,Resident,High,Similar dates,None
INT7884,FT09031,Enforcement officer,Low,Waste Pattern,Unknown offender
INT7885,FT08900,Anonymous report,Low,Vehicle,No Registration
INT7886,FT12142,Police partner,Low,Same Location,Unknown offender
INT7887,FT09990,Anonymous report,Low,Same Location,Blank
INT7888,FT07567,Council officer,Medium,Same Location,Unknown offender
INT7889,FT05085,Environmental monitoring,Low,Vehicle,None
INT7890,FT15248,CCTV,Medium,Waste Pattern,Blank
INT7891,FT11287,Waste contractor,High,Same Location,Unknown offender
INT7892,FT04741,CCTV,Medium,Vehicle,No Registration
INT7893,FT14719,Council officer,Medium,Same Location,Blank
INT7894,FT13280,Environmental monitoring,High,Same Location,Unknown offender
INT7895,FT15924,Waste contractor,Medium,Similar dates,None
INT7896,FT15911,Environmental monitoring,High,Similar dates,None
INT7897,FT00270,Resident,Medium,Same Location,Unknown offender
INT7898,FT13391,Anonymous report,Medium,Vehicle,No Registration
INT7899,FT12207,CCTV,High,Vehicle,No Registration
INT7900,FT19573,Enforcement officer,Low,Vehicle,No Registration
INT7901,FT13385,Anonymous report,Medium,Same Location,Unknown offender
INT7902,FT11441,Anonymous report,Low,Waste Pattern,Blank
INT7903,FT15667,Council officer,Low,Similar dates,None
INT7904,FT00126,Waste contractor,High,Similar dates,None
INT7905,FT08285,Resident,Medium,Vehicle,No Registration
INT7906,FT05514,Enforcement officer,Medium,Waste Pattern,Blank
INT7907,FT14911,Police partner,Low,Waste Pattern,Unknown offender
INT7908,FT16159,Enforcement officer,Medium,Similar dates,None
INT7909,FT06923,Enforcement officer,High,Vehicle,No Registration
INT7910,FT16390,Police partner,High,Waste Pattern,Blank
INT7911,FT18903,Council officer,Medium,Same Location,Blank
INT7912,FT11932,Council officer,High,Vehicle,None
INT7913,FT11558,Police partner,High,Vehicle,None
INT7914,FT01813,CCTV,Low,Same Location,Blank
INT7915,FT12531,Environmental monitoring,Low,Waste Pattern,Blank
INT7916,FT15206,Resident,Low,Similar dates,None
INT7917,FT07301,Anonymous report,Low,Waste Pattern,Blank
INT7918,FT07228,Environmental monitoring,High,Vehicle,No Registration
INT7919,FT03073,Anonymous report,High,Vehicle,None
INT7920,FT10853,Resident,Low,Similar dates,None
INT7921,FT13031,Anonymous report,High,Vehicle,None
INT7922,FT04603,Police partner,High,Same Location,Unknown offender
INT7923,FT15511,Anonymous report,Low,Same Location,Unknown offender
INT7924,FT15574,CCTV,Medium,Vehicle,None
INT7925,FT09037,Environmental monitoring,Medium,Similar dates,None
INT7926,FT16028,Waste contractor,Low,Vehicle,None
INT7927,FT17493,Council officer,Medium,Waste Pattern,Blank
INT7928,FT18617,Environmental monitoring,High,Same Location,Unknown offender
INT7929,FT19102,Environmental monitoring,Low,Similar dates,None
INT7930,FT18899,CCTV,Low,Similar dates,None
INT7931,FT16034,Waste contractor,Low,Similar dates,None
INT7932,FT07155,Police partner,Medium,Waste Pattern,Unknown offender
INT7933,FT15133,CCTV,Low,Same Location,Blank
INT7934,FT18371,Police partner,Medium,Waste Pattern,Unknown offender
INT7935,FT00654,Enforcement officer,High,Vehicle,None
INT7936,FT10026,Resident,High,Same Location,Unknown offender
INT7937,FT02879,Anonymous report,Medium,Same Location,Unknown offender
INT7938,FT06200,Council officer,Medium,Similar dates,None
INT7939,FT15510,Enforcement officer,Medium,Same Location,Blank
INT7940,FT09174,Anonymous report,High,Same Location,Unknown offender
INT7941,FT02850,Anonymous report,High,Vehicle,No Registration
INT7942,FT16975,Anonymous report,High,Waste Pattern,Unknown offender
INT7943,FT05812,Council officer,Low,Vehicle,No Registration
INT7944,FT18667,Police partner,Low,Same Location,Blank
INT7945,FT07595,Enforcement officer,Medium,Vehicle,No Registration
INT7946,FT06100,Waste contractor,Low,Waste Pattern,Blank
INT7947,FT11066,Waste contractor,Low,Vehicle,No Registration
INT7948,FT10349,Police partner,Low,Same Location,Unknown offender
INT7949,FT03081,Anonymous report,High,Similar dates,None
INT7950,FT14135,Environmental monitoring,High,Vehicle,No Registration
INT7951,FT11662,Resident,Low,Waste Pattern,Unknown offender
INT7952,FT18438,Enforcement officer,High,Waste Pattern,Unknown offender
INT7953,FT18287,CCTV,High,Vehicle,No Registration
INT7954,FT04421,Environmental monitoring,Medium,Vehicle,None
INT7955,FT15230,Enforcement officer,High,Vehicle,None
INT7956,FT03736,Waste contractor,High,Similar dates,None
INT7957,FT09090,Waste contractor,High,Waste Pattern,Unknown offender
INT7958,FT04122,CCTV,Medium,Vehicle,None
INT7959,FT06717,CCTV,High,Similar dates,None
INT7960,FT17118,Police partner,Medium,Similar dates,None
INT7961,FT12445,Waste contractor,Low,Waste Pattern,Unknown offender
INT7962,FT10525,CCTV,Low,Vehicle,No Registration
INT7963,FT15826,Police partner,Medium,Similar dates,None
INT7964,FT13832,Waste contractor,Low,Waste Pattern,Unknown offender
INT7965,FT03048,Police partner,Low,Same Location,Blank
INT7966,FT08184,CCTV,Medium,Same Location,Unknown offender
INT7967,FT16855,Anonymous report,Medium,Same Location,Blank
INT7968,FT13971,CCTV,Medium,Vehicle,No Registration
INT7969,FT07884,CCTV,Low,Waste Pattern,Blank
INT7970,FT15195,Council officer,High,Waste Pattern,Unknown offender
INT7971,FT09536,Anonymous report,Low,Same Location,Blank
INT7972,FT17730,Council officer,Low,Waste Pattern,Unknown offender
INT7973,FT01088,Enforcement officer,Medium,Vehicle,None
INT7974,FT08348,Resident,Medium,Waste Pattern,Blank
INT7975,FT06409,Environmental monitoring,Medium,Similar dates,None
INT7976,FT06151,Police partner,Low,Similar dates,None
INT7977,FT14221,Enforcement officer,High,Similar dates,None
INT7978,FT06589,Waste contractor,Low,Same Location,Blank
INT7979,FT17426,Council officer,Medium,Vehicle,None
INT7980,FT16616,Environmental monitoring,Medium,Waste Pattern,Unknown offender
INT7981,FT05530,Anonymous report,Medium,Waste Pattern,Unknown offender
INT7982,FT04631,Anonymous report,Low,Same Location,Unknown offender
INT7983,FT15287,CCTV,Medium,Waste Pattern,Unknown offender
INT7984,FT17044,Environmental monitoring,Medium,Vehicle,None
INT7985,FT00904,Resident,High,Same Location,Blank
INT7986,FT12758,Anonymous report,Low,Waste Pattern,Unknown offender
INT7987,FT12898,Environmental monitoring,Low,Vehicle,No Registration
INT7988,FT06892,CCTV,Low,Waste Pattern,Blank
INT7989,FT11857,Anonymous report,Medium,Vehicle,None
INT7990,FT09516,Environmental monitoring,Low,Same Location,Blank
INT7991,FT19156,Council officer,High,Vehicle,None
INT7992,FT15776,CCTV,Low,Same Location,Unknown offender
INT7993,FT13963,Police partner,Low,Vehicle,No Registration
INT7994,FT01728,Police partner,Medium,Vehicle,None
INT7995,FT00623,Resident,Medium,Same Location,Blank
INT7996,FT05471,Waste contractor,Medium,Similar dates,None
INT7997,FT03716,Environmental monitoring,Low,Vehicle,No Registration
INT7998,FT01585,Council officer,Medium,Similar dates,None
INT7999,FT08679,Council officer,Medium,Similar dates,None
INT8000,FT10516,Waste contractor,High,Waste Pattern,Blank
